powiat,kategoria,wskaznik,opis,rok,wartosc,jednostka,wartosc_oryginalna
powiat bocheński,LUDNOŚĆ,Ludność ogółem,Liczba ludności zamieszkałej na danym terenie (dane zgodnie z faktycznym miejscem zamieszkania wg podziału administracyjnego na dzień 31 XII).,2024,106985,,106985
powiat bocheński,LUDNOŚĆ,Ludność w wieku przedprodukcyjnym,Udział ludności w wieku przedprodukcyjnym w liczbie ludności ogółem. Przez ludność w wieku przedprodukcyjnym rozumie się ludność w wieku do 17 roku życia.,2024,21.09,%,21.09%
powiat bocheński,LUDNOŚĆ,Ludność w wieku produkcyjnym,"Udział ludności w wieku produkcyjnym w liczbie ludności ogółem. Przez ludność w wieku produkcyjnym rozumie się ludność w wieku zdolności do pracy. Dla mężczyzn przyjęto wiek 18-64 lata, dla kobiet 18-59 lat.",2024,58.37,%,58.37%
powiat bocheński,LUDNOŚĆ,Ludność w wieku poprodukcyjnym,Udział ludności w wieku emerytalnym w liczbie ludności ogółem. Przez ludność w wieku poprodukcyjnym rozumie się ludność w wieku od 64 lat - dla mężczyzn i od 59 lat - dla kobiet.,2024,20.54,%,20.54%
powiat bocheński,LUDNOŚĆ,Ludność w wieku 60+,Udział ludności w wieku 60 i więcej lat w liczbie ludności ogółem.,2024,23.33,%,23.33%
powiat bocheński,LUDNOŚĆ,Wskaźnik podwójnego starzenia,Udział osób w wieku 80 i więcej lat w grupie osób wieku 60 i więcej lat.,2024,15.73,%,15.73%
powiat bocheński,LUDNOŚĆ,Wskaźnik wsparcia osób najstarszych,Liczba osób w wieku 85 lat i więcej przypadająca na 100 osób w wieku 50–64 lata,2024,10,,10
powiat bocheński,LUDNOŚĆ,Potencjał pielęgnacyjny,Liczba kobiet w wieku 45-64 lata (potencjalnych opiekunów rodzinnych) przypadających na 100 osób w wieku 80 i więcej lat,2024,349,,349
powiat bocheński,LUDNOŚĆ,Wskaźnik obciążenia demograficznego,Wskaźnik obciążenia demograficznego - ludność w wieku nieprodukcyjnym przypadająca na 100 osób w wieku produkcyjnym. Przez ludność w wieku produkcyjnym rozumie się osoby w wieku zdolności do pracy tj. mężczyźni w wieku 18 - 64 lat oraz kobiety w wieku 18 - 59.,2024,71.30,,71.30
powiat bocheński,LUDNOŚĆ,Przyrost naturalny na 1 000 ludności,Różnica między liczbą urodzeń żywych a liczbą zgonów w danym roku (bez rozróżnienia na płeć).,2024,-0.99,,-0.99
powiat bocheński,LUDNOŚĆ,Wskaźnik feminizacji,Wskaźnik feminizacji - wielkość demograficzna określająca ile kobiet przypada na 100 mężczyzn na danym terenie.,2024,102.76,,102.76
powiat bocheński,LUDNOŚĆ,Wskaźnik maskulinizacji,Wskaźnik maskulinizacji - wielkość demograficzna określająca ilu mężczyzn przypada na 100 kobiet na danym terenie.,2024,97.32,,97.32
powiat bocheński,LUDNOŚĆ,Wskaźnik gęstości zaludnienia,Wskaźnik gęstości zaludnienia - liczba mieszkańców przypadająca na 1 km².,2024,164.90,,164.90
powiat bocheński,LUDNOŚĆ,Wskaźnik urbanizacji,"Wskaźnik urbanizacji - udział mieszkańców miast w liczbie mieszkańców ogółem. Do wyliczenia wskaźnika posłużono się danymi na temat ludności faktycznie zamieszkałej na dzień 31 XII każdego roku. Ludnośc faktycznie zamieszkała obejmuje: a) stałych mieszkańców, z wyjatkiem osób przebywających poza miejscem zamieszkania przez okres powyżej 3 miesięcy w kraju oraz obejmuje wszystkie osoby przebywajace za granicą (bez względu na okres ich nieobecności) b) osoby przebywające czasowo przez okres powyżej 3 miesięcy, przybyłe z innego miejsca w kraju. Dane za lata 2010 - 2021 bazują na wynikach Narodowego Spisu Powszechnego Ludności i Mieszkań 2011.",2024,29.03,%,29.03%
powiat bocheński,LUDNOŚĆ,Małżeństwa na 1000 mieszkańców,Liczba zawartych małżeństw w przeliczeniu na 1000 mieszkańców.,2024,4.10,,4.10
powiat bocheński,LUDNOŚĆ,Urodzenia na 1000 mieszkańców,Liczba urodzeń żywych w przeliczeniu na 1000 mieszkańców.,2024,8.47,,8.47
powiat bocheński,LUDNOŚĆ,Zgony na 1000 mieszkańców,Liczba zgonów w przeliczeniu na 1000 mieszkańców.,2024,9.47,,9.47
powiat bocheński,LUDNOŚĆ,Wskaźnik/ indeks starości,"Relacja pokoleniowa dziadków i wnuczków, tj. liczba osób w wieku 65 i więcej lat przypadająca na 100 osób w wieku 0-14 lat",2024,101,,101
powiat bocheński,LUDNOŚĆ,Ludność w wieku 65+/ Współczynnik starości demograficznej,Relacja liczby osób w starszym wieku (65 lat i więcej) do ogólnej liczby ludności.,2024,17.66,%,17.66%
powiat bocheński,LUDNOŚĆ,Wskaźnik potencjalnego wsparcia,Liczba osób w wieku 15-64 lata przypadająca na 100 osób w wieku 65 lat i więcej. Przedstawia tzw. obciążenie - ile osób hipotetycznie pozostających na rynku pracy przypada na 1 osobę (100 osób) będącą już poza rykiem pracy (odwrotność cząstkowego współczynnika obciążenia demograficznego osobami starszymi).,2024,368,,368
powiat bocheński,POMOC SPOŁECZNA - K,Liczba mieszkańców na 1 pracownika socjalnego,Liczba mieszkańców przypadająca na jednego pracownika socjalnego zatrudnionego w ośrodku pomocy społecznej.,2024,1877,,1877
powiat bocheński,POMOC SPOŁECZNA - K,Pracownicy socjalni OPS posiadający wyższe wykształcenie,Udział pracowników socjalnych posiadających wyższe wykształcenie w ogólnej licznie pracowników socjalnych.,2024,83.93,%,83.93%
powiat bocheński,POMOC SPOŁECZNA - K,Pracownicy socjalni OPS posiadający I stopień specjalizacji w zawodzie pracownik socjalny,Udział pracowników socjalnych OPS posiadających I stopień specjalizacji w zawodzie pracownik socjalny w ogólnej liczbie pracowników socjalnych.,2024,8.93,%,8.93%
powiat bocheński,POMOC SPOŁECZNA - K,Pracownicy socjalni OPS posiadający II stopień specjalizacji w zawodzie pracownik socjalny,Udział pracowników socjalnych posiadających II stopień specjalizacji w zawodzie pracownik socjalny w ogólnej liczbie pracowników socjalnych.,2024,5.36,%,5.36%
powiat bocheński,POMOC SPOŁECZNA - P,Alkoholizm,Odsetek klientów pomocy społecznej korzystających ze wsparcia z powodu alkoholizmu (na podstawie danych o rzeczywistej liczbie osób w rodzinach objętych pomocą społeczną).,2024,5.48,%,5.48%
powiat bocheński,POMOC SPOŁECZNA - P,Bezdomność,Odsetek klientów pomocy społecznej korzystających ze wsparcia z powodu bezdomności (na podstawie danych o rzeczywistej liczbie osób w rodzinach objętych pomocą społeczną).,2024,1.67,%,1.67%
powiat bocheński,POMOC SPOŁECZNA - P,Bezradność w sprawach opiekuńczo-wychowawczych i prowadzenia gosp. dom.,Odsetek klientów pomocy społecznej korzystających ze wsparcia z powodu bezradności w sprawach opiekuńczo-wychowawczych i prowadzenia gospodarstwa domowego (na podstawie danych o rzeczywistej liczbie osób w rodzinach objętych pomocą społeczną).,2024,21.53,%,21.53%
powiat bocheński,POMOC SPOŁECZNA - P,Bezrobocie,Odsetek klientów pomocy społecznej korzystających ze wsparcia z powodu bezrobocia (na podstawie danych o rzeczywistej liczbie osób w rodzinach objętych pomocą społeczną).,2024,19.31,%,19.31%
powiat bocheński,POMOC SPOŁECZNA - P,Długotrwała lub ciężka choroba,Odsetek klientów pomocy społecznej korzystających ze wsparcia z powodu długotrwałej bądź ciężkiej choroby (na podstawie danych o rzeczywistej liczbie osób w rodzinach objętych pomocą społeczną).,2024,56.02,%,56.02%
powiat bocheński,POMOC SPOŁECZNA - P,Narkomania,Odsetek klientów pomocy społecznej korzystających ze wsparcia z powodu narkomanii (na podstawie danych o rzeczywistej liczbie osób w rodzinach objętych pomocą społeczną).,2024,0.12,%,0.12%
powiat bocheński,POMOC SPOŁECZNA - P,Niepełnosprawność,Odsetek klientów pomocy społecznej korzystających ze wsparcia z powodu niepełnosprawności (na podstawie danych o rzeczywistej liczbie osób w rodzinach objętych pomocą społeczną).,2024,41.88,%,41.88%
powiat bocheński,POMOC SPOŁECZNA - P,Potrzeba ochrony macierzyństwa,Odsetek klientów pomocy społecznej korzystających ze wsparcia z powodu potrzeby ochrony macierzyństwa (na podstawie danych o rzeczywistej liczbie osób w rodzinach objętych pomocą społeczną).,2024,23.40,%,23.40%
powiat bocheński,POMOC SPOŁECZNA - P,Przemoc domowa,Odsetek klientów pomocy społecznej korzystających ze wsparcia z powodu przemocy domowej (na podstawie danych o rzeczywistej liczbie osób w rodzinach objętych pomocą społeczną).,2024,4.45,%,4.45%
powiat bocheński,POMOC SPOŁECZNA - P,Sieroctwo,Odsetek klientów pomocy społecznej korzystających ze wsparcia z powodu sieroctwa (na podstawie danych o rzeczywistej liczbie osób w rodzinach objętych pomocą społeczną).,2024,0.04,%,0.04%
powiat bocheński,POMOC SPOŁECZNA - P,Sytuacja kryzysowa,Odsetek klientów pomocy społecznej korzystających ze wsparcia z powodu sytuacji kryzysowej (na podstawie danych o rzeczywistej liczbie osób w rodzinach objętych pomocą społeczną).,2024,0.83,%,0.83%
powiat bocheński,POMOC SPOŁECZNA - P,Ubóstwo,Odsetek klientów pomocy społecznej korzystających ze wsparcia z powodu ubóstwa (na podstawie danych o rzeczywistej liczbie osób w rodzinach objętych pomocą społeczną).,2024,38.10,%,38.10%
powiat bocheński,POMOC SPOŁECZNA - P,Wielodzietność,Odsetek klientów pomocy społecznej korzystających ze wsparcia z powodu wielodzietności (na podstawie danych o rzeczywistej liczbie osób w rodzinach objętych pomocą społeczną).,2024,22.65,%,22.65%
powiat bocheński,POMOC SPOŁECZNA - P,Zdarzenie losowe,Odsetek klientów pomocy społecznej korzystających ze wsparcia z powodu zdarzenia losowego (na podstawie danych o rzeczywistej liczbie osób w rodzinach objętych pomocą społeczną).,2024,0.75,%,0.75%
powiat bocheński,POMOC SPOŁECZNA - B,Beneficjenci pomocy społecznej,"Udział osób korzystających z pomocy społecznej w liczbie ludności ogółem - na podstawie danych o rzeczywistej liczbie osób w rodzinach objętych pomocą społeczną (świadczenia przyznane w ramach zadań zleconych i własnych bez względu na rodzaj, formę, liczbę oraz źródło finansowania).",2024,2.35,%,2.35%
powiat bocheński,POMOC SPOŁECZNA - B,Rodziny niepełne objęte pomocą społeczną,"Wskaźnik pomocy społecznej udzielonej rodzinom niepełnym - udział rodzin niepełnych objętych pomocą (w której skład wchodzi jedno z rodziców z dzieckiem/ dziećmi) w liczbie wszystkich rodzin z dziećmi, którym udzielono pomocy.",2024,33.25,%,33.25%
powiat bocheński,POMOC SPOŁECZNA - B,Rodziny wielodzietne objęte pomocą społeczną,"Wskaźnik pomocy społecznej udzielonej rodzinom wielodzietnym - udział rodzin wielodzietnych (3 dzieci i więcej) objętych pomocą w liczbie wszystkich rodzin z dziećmi, którym udzielono pomocy.",2024,46.94,%,46.94%
powiat bocheński,POMOC SPOŁECZNA - B,Rodziny emerytów i rencistów objęte pomocą społeczną,"Wskaźnik pomocy społecznej udzielonej rodzinom emerytów i rencistów - udział rodzin emerytów i rencistów objętych pomocą w liczbie wszystkich rodzin, którym udzielono pomocy.",2024,26.48,%,26.48%
powiat bocheński,POMOC SPOŁECZNA - B,Pensjonariusze DPS nieopuszczający łóżek,Odsetek pensjonariuszy Domów Pomocy Społecznej nieopuszczających łóżek. Dane na temat liczby mieszkańców Domów Pomocy Społecznej zebrano wg. stanu na dzień 31 grudnia. W statystykach uwzględniono mieszkańców Domów Pomocy Społecznej i podmiotów niepublicznych w roku sprawozdawczym.,2024,8.28,%,8.28%
powiat bocheński,POMOC SPOŁECZNA - B,Pensjonariusze DPS do 18 roku życia,Odsetek pensjonariuszy Domów Pomocy Społecznej w wieku do18 roku życia. Dane na temat liczby mieszkańców Domów Pomocy Społecznej zebrano wg. stanu na dzień 31 grudnia. W statystykach uwzględniono mieszkańców Domów Pomocy Społecznej i podmiotów niepublicznych w roku sprawozdawczym.,2024,0.00,%,0.00%
powiat bocheński,POMOC SPOŁECZNA - B,Pensjonariusze DPS w wieku 19-40 lat,Odsetek pensjonariuszy Domów Pomocy Społecznej wieku 19-40 lat. Dane na temat liczby mieszkańców Domów Pomocy Społecznej zebrano wg. stanu na dzień 31 grudnia. W statystykach uwzględniono mieszkańców Domów Pomocy Społecznej i podmiotów niepublicznych w roku sprawozdawczym.,2024,6.37,%,6.37%
powiat bocheński,POMOC SPOŁECZNA - B,Pensjonariusze DPS w wieku 41-60 lat,Odsetek pensjonariuszy Domów Pomocy Społecznej wieku 41-60 lat. Dane na temat liczby mieszkańców Domów Pomocy Społecznej zebrano wg. stanu na dzień 31 grudnia. W statystykach uwzględniono mieszkańców Domów Pomocy Społecznej i podmiotów niepublicznych w roku sprawozdawczym.,2024,21.02,%,21.02%
powiat bocheński,POMOC SPOŁECZNA - B,Pensjonariusze DPS w wieku 61-74 lat,Odsetek pensjonariuszy Domów Pomocy Społecznej wieku 60-74 lat. Dane na temat liczby mieszkańców Domów Pomocy Społecznej zebrano wg. stanu na dzień 31 grudnia. W statystykach uwzględniono mieszkańców Domów Pomocy Społecznej i podmiotów niepublicznych w roku sprawozdawczym.,2024,35.03,%,35.03%
powiat bocheński,POMOC SPOŁECZNA - B,Pensjonariusze DPS w wieku powyżej 74 lat,Odsetek pensjonariuszy Domów Pomocy Społecznej wieku powyżej 74 lat. Dane na temat liczby mieszkańców Domów Pomocy Społecznej zebrano wg. stanu na dzień 31 grudnia. W statystykach uwzględniono mieszkańców Domów Pomocy Społecznej i podmiotów niepublicznych w roku sprawozdawczym.,2024,37.58,%,37.58%
powiat bocheński,Sheet6,Świadczenia pieniężne z pomocy społecznej,Odsetek korzystających ze świadczeń pieniężnych w ogólnej liczbie świadczeniobiorców pomocy społecznej (liczba osób w rodzinach),2024,79.26,%,79.26%
powiat bocheński,Sheet6,Świadczenia niepieniężne z pomocy społecznej,Odsetek korzystających ze świadczeń niepieniężnych w ogólnej liczbie świadczeniobiorców pomocy społecznej (liczba osób w rodzinach),2024,63.25,%,63.25%
powiat bocheński,Sheet6,Osoby korzystające z usług opiekuńczych i specjalistycznych usług opiekuńczych,Liczba osób korzystających z usług opiekuńczych (w tym specjalistycznych usług opiekuńczych).,2024,233,,233
powiat bocheński,Sheet6,Osoby korzystające ze specjalistycznych usług opiekuńczych dla osób z zaburzeniami psychicznymi,Liczba osób korzystających ze specjalistycznych usług opiekuńczych w miejscu zamieszkania dla osób z zaburzeniami psychicznymi.,2024,22,,22
powiat bocheński,Sheet6,Osoby objęte kontraktami socjalnymi,Udział osób objętych kontraktami socjalnymi w ogólnej liczbie osób w rodzinach świadczeniobiorców pomocy społecznej.,2024,1.63,%,1.63%
powiat bocheński,Sheet6,Osoby objęte dożywianiem na 1000 mieszkańców,Wskaźnik pomocy w zakresie dożywiania - liczba osób objętych pomocą państwa w zakresie dożywiania w przeliczeniu na 1000 mieszkańców.,2024,15,,15
powiat bocheński,Sheet6,Udział dzieci w ogóle osób objętych dożywianiem,"Udział dzieci w liczbie wszystkich osób objętych pomocą państwa w zakresie dożywiania. Sprawozdanie z realizacji programu ""Pomoc Państwa w zakresie dożywiania"" do 2013 roku obejmowało dzieci do lat 7. Od 2014 roku w sprawozdaniu liczba dzieci jest określona na podstawie momentu rozpoczęcia nauki w szkole podstawowej.",2024,19,%,19%
powiat bocheński,Sheet6,Udział uczniów w ogóle osób objętych dożywianiem,Udział dzieci w wieku szkolnym (uczniowie do czasu ukończenia szkoły ponadgimnazjalnej) w liczbie wszystkich osób objętych pomocą państwa w zakresie dożywiania.,2024,34,%,34%
powiat bocheński,POMOC SPOŁECZNA I O,Centra integracji społecznej,Liczba centrów integracji społecznej działających na danym terenie. Stan na 31 XII.,2024,0,,0
powiat bocheński,POMOC SPOŁECZNA I O,Domy pomocy społecznej,Liczba domów pomocy społecznej działających na danym terenie (bez podziału na typy).,2024,1,,1
powiat bocheński,POMOC SPOŁECZNA I O,Dzienne domy pomocy,Liczba dziennych domów pomocy działających na danym terenie. Stan na 31 XII.,2024,2,,2
powiat bocheński,POMOC SPOŁECZNA I O,Placówki specjalistycznego poradnictwa - jednostki  powiatowe,"Liczba jednostek specjalistycznego poradnictwa działających w powiatach. Stan na 31 XII. Wskaźnik zasilany od 2021 r. w związku ze zmianami monitorowania danych w sprawozdaniach resortowych. Zastąpił on wskaźnik ""Placówki specjalistycznego poradnictwa""",2024,0,,0
powiat bocheński,POMOC SPOŁECZNA I O,Placówki specjalistycznego poradnictwa,Liczba jednostek specjalistycznego poradnictwa działających na danym terenie. Stan na 31 XII. Od 2021 roku ze względu na brak kontynuacji monitorowania danych w sprawozdaniach resortowych wskaźnik nie jest już aktualizowany.,2024,0,,0
powiat bocheński,POMOC SPOŁECZNA I O,Kluby integracji społecznej,Liczba klubów integracji społecznej działających na danym terenie.,2024,2,,2
powiat bocheński,POMOC SPOŁECZNA I O,Mieszkania treningowe oraz wspomagane,"Liczba mieszkań treningowe oraz wspomaganych działających na danym terenie. Stan na 31 XII. Do 2022 r. w systemie funkcjonowały mieszkania chronione, natomiast od 2023 r. funkcjonują mieszkania treningowe oraz wspomagane.",2024,3,,3
powiat bocheński,POMOC SPOŁECZNA I O,"Noclegownie, schroniska i domy dla osób bezdomnych","Liczba noclegowni, schronisk i domów dla osób bezdomnych działających na danym terenie.",2024,0,,0
powiat bocheński,POMOC SPOŁECZNA I O,Ośrodki interwencji kryzysowej,Liczba ośrodków interwencji kryzysowej działających na danym terenie. Stan na 31 XII.,2024,1,,1
powiat bocheński,POMOC SPOŁECZNA I O,Placówki opiekuńczo-wychowawcze,Liczba placówek opiekuńczo-wychowawczych działających na danym terenie (bez podziału na typy). Stan na 31 XII.,2024,2,,2
powiat bocheński,POMOC SPOŁECZNA I O,Placówki wsparcia dziennego,Liczba placówek wsparcia dziennego działających na danym terenie. Stan na 31 XII.,2024,8,,8
powiat bocheński,POMOC SPOŁECZNA I O,"Placówki zapewniające całodobową opiekę osobom niepełnosprawnym, przewlekle chorym lub osobom w podeszłym wieku","Liczba placówek zapewniających całodobową opiekę osobom niepełnosprawnym, przewlekle chorym lub osobom w podeszłym wieku działających na danym terenie (w oparciu zarówno o działalność gospodarczą, jak i o działalność statutową). Stan na 31 XII.",2024,1,,1
powiat bocheński,POMOC SPOŁECZNA I O,Środowiskowe domy samopomocy,Liczba środowiskowych domów samopomocy działających na danym terenie. Stan na 31 XII.,2024,5,,5
powiat bocheński,POMOC SPOŁECZNA I O,Zakłady aktywności zawodowej,Liczba zakładów aktywności zawodowej działających na danym terenie.,2024,0,,0
powiat bocheński,PIECZA ZASTĘPCZA,Stopień deinstytucjonalizacji pieczy zastępczej,"Stosunek liczby dzieci w rodzinnej pieczy zastępczej (dzieci przebywające w rodzinach zastępczych, rodzinnych domach dziecka i w placówkach opiekuńczo-wychowawczych typu rodzinnego) do liczby wszystkich dzieci w pieczy zastępczej. Do wskaźnika nie wliczono dzieci umieszczonych w rodzinach zastępczych spokrewnionych (definicja zaczerpnięta z raportu ""Postępy deinstytucjonalizacji pieczy zastępczej""; Warszawa 2018 r.). Dane zbierane przez MRiPS regularnie (co pół roku) w sprawozdaniach resortowych.",2024,66.29,%,66.29%
powiat bocheński,PIECZA ZASTĘPCZA,Intensywność pieczy zastępczej,"Liczba dzieci poniżej 18. roku życia przebywających w pieczy zastępczej w stosunku do liczby wszystkich dzieci w wieku poniżej 18 roku życia na danym terenie w przeliczeniu na 1000 dzieci (definicja zaczerpnięta z raportu ""Postępy deinstytucjonalizacji pieczy zastępczej""; Warszawa 2018 r.). Dane zbierane przez MRiPS regularnie (co pół roku) w sprawozdaniach resortowych.",2024,6.21,,6.21
powiat bocheński,PIECZA ZASTĘPCZA,Liczba rodzin zastępczych,"Liczba rodzin zastępczych funkcjonujących na danym obszarze. Rodzina zastępcza jest jedną z form rodzinnej pieczy zastępczej, sprawowanej w przypadku niemożności zapewnienia dziecku opieki i wychowania przez rodziców.",2024,80,,80
powiat bocheński,PIECZA ZASTĘPCZA,Liczba dzieci w rodzinach zastępczych,"Liczba dzieci wychowujących się w rodzinach zastępczych na danym obszarze. Rodzina zastępcza jest jedną z form rodzinnej pieczy zastępczej, sprawowanej w przypadku niemożności zapewnienia dziecku opieki i wychowania przez rodziców. Do roku 2011 dane pochodzą ze sprawozdania MPiPS-03; od roku 2012 dane pochodzą ze sprawozdania Ocena Zasobów Pomocy Społecznej.",2024,124,,124
powiat bocheński,ZDROWIE,Dostępność aptek,"Wskaźnik dostępności do aptek - liczba osób przypadająca na jedną aptekę ogólnodostępną. Apteka, zgodnie z Ustawą ""Prawo farmaceutyczne"" z dnia 6 września 2001 r. to placówka ochrony zdrowia publicznego, w której osoby uprawnione świadczą w szczególności usługi farmaceutyczne obejmujące zadania określone w ustawie.",2024,3566,,3566
powiat bocheński,ZDROWIE,Zgony z powodu chorób nowotworowych,Wskaźnik umieralności z powodu choroby nowotworowej - udział zgonów z powodu choroby nowotworowej w liczbie zgonów ogółem. Dane do wskaźnika pochodzą z kart statystycznych do kart zgonów.,2024,28.40,%,28.40%
powiat bocheński,ZDROWIE,Zgony z powodu chorób układu krążenia,Wskaźnik umieralności z powodu chorób układu krążenia - udział zgonów z powodu chorób układu krążenia w liczbie zgonów ogółem. Dane do wskaźnika pochodzą z kart statystycznych do kart zgonów.,2024,45.10,%,45.10%
powiat bocheński,"WYNAGRODZENIA, EMERY",Przeciętne wynagrodzenie w relacji do śr. krajowej,Wskaźnik wysokości wynagrodzeń - przeciętne miesięczne wynagrodzenia brutto w gospodarce narodowej w relacji do średniej krajowej (Polska=100%). Wskaźnik pokazuje jaki procent średniej krajowej jest osiągany na danym terenie.,2024,82.30,,82.30
powiat bocheński,KULTURA,Wskaźnik dostępności kin,"Wskaźnik dostępności kin - liczba osób przypadających na jedno miejsce na widowni kina. Przez ""miejsce na widowni"" rozumie się każde numerowane miejsce (zarejestrowane) wykorzystywane przez instytucję kultury do stałych prezentacji scenicznych (w stałej sali eksploatowanej przez instytucję artystyczną lub w kinie stałym do prezentacji filmów).",2024,598,,598
powiat bocheński,KULTURA,Wskaźnik dostępności domów i ośrodków kultury,"Wskaźnik dostępności domów i ośrodków kultury oraz klubów, świetlic i kół - liczba osób przypadająca na jedną placówkę kultury.",2024,633,,633
powiat bocheński,KULTURA,Wskaźnik dostępności muzeów,"Wskaźnik dostępności do muzeów - liczba ludności przypadająca na jedną placówkę muzealną. Dane wskaźnikowe bazują na sprawozdaniach z działalności muzeów i instytucji paramuzealnych. Przez placówkę muzealną (za ustawą z dnia 21 listopada 1996 r. o muzeach) rozumiemy jednostkę organizacyjną, nienastawioną na osiąganie zysku, której celem jest sprawowanie opieki nad zabytkami, informowanie o wartościach i treściach gromadzonych zbiorów, upowszechnianie podstawowych wartości historii, nauki i kultury polskiej oraz światowej, kształtowanie wrażliwości poznawczej i estetycznej oraz umożliwianie kontaktu ze zbiorami.",2024,35662,,35662
powiat bocheński,KULTURA,Wskaźnik dostępności bibliotek,"Wskaźnik dostępności bibliotek - liczba ludności przydająca na jedną placówkę biblioteczną. W celu wyliczenia wskaźnika zliczono biblioteki, filie i punkty biblioteczne na danym ternie. Dane bazują na sprawozdaniach bibliotek ogólnych. Zgodnie z definicją przyjętą przez GUS przez placówkę biblioteczną rozumie się jednostkę organizacyjną lub jej część posiadającą uporządkowany (zinwentaryzowany) zbiór książek, czasopism i innych materiałów piśmienniczych liczący co najmniej 300 jednostek inwentarzowych, której głównymi celami są tworzenie i obsługa zbiorów oraz udostępnianie ich użytkownikom w sposób kontrolowany.",2024,2891,,2891
powiat bocheński,KULTURA,Wskaźnik czytelnictwa,Wskaźnik czytelnictwa - ilość wypożyczeń z księgozbioru przez jednego czytelnika w ciągu roku. Przez księgozbiór rozumie się zbiór obejmujący wydawnictwa nieperiodyczne (książki i broszury) i wydawnictwa periodyczne (gazety i czasopisma).,2024,18,,18
powiat bocheński,EDUKACJA,Edukacja przedszkolna,"Wskaźnik edukacji na poziomie przedszkolnym - odsetek dzieci w wieku od 3 do 5 lat uczęszczających do placówek wychowania przedszkolnego. Wskaźnik zbudowano na podstawie sprawozdań przedszkoli i innych form edukacji przedszkolnej. Uwzględniono ośrodki wychowania przedszkolnego prowadzone przez ograny samorządu terytorialnego, jednostki samorządu powiatowego oraz gminnego.",2024,96.40,,96.40
powiat bocheński,EDUKACJA,Zdawalność egzaminu maturalnego w technikach,"Wskaźnik zdawalności matur w technikach - procent uczniów klas IV techników, którzy zdali egzamin maturalny.",2024,95.00,,95.00
powiat bocheński,EDUKACJA,Zdawalność egzaminu maturalnego w liceach ogólnokształcących,"Wskaźnik zdawalności matur w liceach -procent uczniów klas III liceów ogólnokształcących, którzy zdali egzamin maturalny.",2024,93.00,,93.00
powiat bocheński,EDUKACJA,Wyniki egzaminu ósmoklasisty – język polski,"Wyrażony w % średni wynik uczniów uzyskiwany na egzaminie ósmoklasisty w części z języka polskiego (wskaźnik aktualizowany od 2019 roku, w którym uczniowie szkół podstawowych po raz pierwszy przystąpili do egzaminu ósmoklasisty)",2024,67.25,,67.25
powiat bocheński,EDUKACJA,Wyniki egzaminu ósmoklasisty – język angielski podstawowy,"Wyrażony w % średni wynik uczniów uzyskiwany na egzaminie ósmoklasisty w części podstawowej z języka angielskiego (wskaźnik aktualizowany od 2019 roku, w którym uczniowie szkół podstawowych po raz pierwszy przystąpili do egzaminu ósmoklasisty)",2024,68.21,,68.21
powiat bocheński,EDUKACJA,Wyniki egzaminu ósmoklasisty – matematyka,"Wyrażony w % średni wynik uczniów uzyskiwany na egzaminie ósmoklasisty w części z matematyki (wskaźnik aktualizowany od 2019 roku, w którym uczniowie szkół podstawowych po raz pierwszy przystąpili do egzaminu ósmoklasisty)",2024,59.53,,59.53
powiat bocheński,EDUKACJA,Wybory edukacyjne ósmoklasistów – technikum,"Wyrażony w % udział absolwentów szkół podstawowych, którzy wybrali technikum jako miejsce dalszego kształcenia. Wskaźnik obliczony na podstawie liczby uczniów w klasie pierwszej technikum. (wskaźnik aktualizowany od 2020 roku po ostatecznym wygaszeniu szkół gimnazjalnych)",2024,42.36,,42.36
powiat bocheński,EDUKACJA,Wybory edukacyjne ósmoklasistów – liceum ogólnokształcące,"Wyrażony w % udział absolwentów szkół podstawowych, którzy wybrali liceum ogólnokształcące jako miejsce dalszego kształcenia. Wskaźnik obliczony na podstawie liczby uczniów w klasie pierwszej liceów ogólnokształcących. (wskaźnik aktualizowany od 2020 roku po ostatecznym wygaszeniu szkół gimnazjalnych)",2024,39.93,,39.93
powiat bocheński,EDUKACJA,Wybory edukacyjne ósmoklasistów – szkoła branżowa I stopnia,"Wyrażony w % udział absolwentów szkół podstawowych, którzy wybrali szkołę branżową I stopnia jako miejsce dalszego kształcenia. Wskaźnik obliczony na podstawie liczby uczniów w klasie pierwszej szkół branżowych I stopnia. (wskaźnik aktualizowany od 2020 roku po ostatecznym wygaszeniu szkół gimnazjalnych)",2024,17.71,,17.71
powiat bocheński,RYNEK PRACY,Stopa bezrobocia,"Stopa bezrobocia - procentowy udział liczby bezrobotnych w liczbie ludności aktywnej zawodowo (tzn. pracującej i bezrobotnej). Przez bezrobotnych ( za Ustawą z dnia 20 kwietnia 2004 r. o promocji zatrudnienia i instytucjach rynku pracy) rozumiemy osoby niezatrudnione i nie wykonujące innej pracy zarobkowej, zdolne i gotowe do podjęcia zatrudnienia w pełnym wymiarze czasu pracy (bądź jeśli są to osoby niepełnosprawne - zdolne i gotowe do podjęcia zatrudnienia co najmniej w połowie tego wymiaru czasu pracy), nieuczące się w szkole z wyjątkiem szkół dla dorosłych lub szkół wyższych w systemie wieczorowym albo zaocznym, zarejestrowane we właściwym dla miejsca zameldowania (stałego lub czasowego) powiatowym urzędzie pracy oraz poszukujące zatrudnienia lub innej pracy zarobkowej, jeżeli spełniają określone w Ustawie warunki.",2024,2.40,,2.40
powiat bocheński,RYNEK PRACY,Bezrobocie kobiet,"Bezrobocie kobiet - Wyrażony w % udział bezrobotnych kobiet w liczbie bezrobotnych ogółem. Do kategorii osób bezrobotnych wlicza się wyłącznie osoby zarejestrowane w powiatowych urzędach pracy. Przez bezrobotnych ( za Ustawą z dnia 20 kwietnia 2004 r. o promocji zatrudnienia i instytucjach rynku pracy) rozumiemy osoby niezatrudnione i nie wykonujące innej pracy zarobkowej, zdolne i gotowe do podjęcia zatrudnienia w pełnym wymiarze czasu pracy (bądź jeśli są to osoby niepełnosprawne - zdolne i gotowe do podjęcia zatrudnienia co najmniej w połowie tego wymiaru czasu pracy), nieuczące się w szkole z wyjątkiem szkół dla dorosłych lub szkół wyższych w systemie wieczorowym albo zaocznym, zarejestrowane we właściwym dla miejsca zameldowania (stałego lub czasowego) powiatowym urzędzie pracy oraz poszukujące zatrudnienia lub innej pracy zarobkowej, jeżeli spełniają określone w Ustawie warunki.",2024,55.07,,55.07
powiat bocheński,RYNEK PRACY,Bezrobocie rodzinne,"Odsetek osób bezrobotnych zamieszkujących gospodarstwo domowe, w którym dwie lub więcej osób pozostaje na bezrobociu. Dane dla powiatu tarnowskiego i Tarnowa przedstawione zostały łącznie. Dane obrazują stan na 31 XII danego roku.",2024,8.47,%,8.47%
powiat bocheński,RYNEK PRACY,Bezrobotni dłużej niż 1 rok,"Wyrażony w % udział bezrobotnych dłużej niż 1 rok w liczbie bezrobotnych ogółem. Do kategorii osób bezrobotnych wlicza się wyłącznie osoby zarejestrowane w powiatowych urzędach pracy. Przez bezrobotnych ( za Ustawą z dnia 20 kwietnia 2004 r. o promocji zatrudnienia i instytucjach rynku pracy) rozumiemy osoby niezatrudnione i nie wykonujące innej pracy zarobkowej, zdolne i gotowe do podjęcia zatrudnienia w pełnym wymiarze czasu pracy (bądź jeśli są to osoby niepełnosprawne - zdolne i gotowe do podjęcia zatrudnienia co najmniej w połowie tego wymiaru czasu pracy), nieuczące się w szkole z wyjątkiem szkół dla dorosłych lub szkół wyższych w systemie wieczorowym albo zaocznym, zarejestrowane we właściwym dla miejsca zameldowania (stałego lub czasowego) powiatowym urzędzie pracy oraz poszukujące zatrudnienia lub innej pracy zarobkowej, jeżeli spełniają określone w Ustawie warunki.",2024,26.30,,26.30
powiat bocheński,RYNEK PRACY,Bezrobotni z wykształceniem gimnazjalnym i niższym,"Wyrażony w % udział bezrobotnych z wykształceniem gimnazjalnym i niższym w liczbie bezrobotnych ogółem. Do kategorii osób bezrobotnych wlicza się wyłącznie osoby zarejestrowane w powiatowych urzędach pracy. Przez bezrobotnych ( za Ustawą z dnia 20 kwietnia 2004 r. o promocji zatrudnienia i instytucjach rynku pracy) rozumiemy osoby niezatrudnione i nie wykonujące innej pracy zarobkowej, zdolne i gotowe do podjęcia zatrudnienia w pełnym wymiarze czasu pracy (bądź jeśli są to osoby niepełnosprawne - zdolne i gotowe do podjęcia zatrudnienia co najmniej w połowie tego wymiaru czasu pracy), nieuczące się w szkole z wyjątkiem szkół dla dorosłych lub szkół wyższych w systemie wieczorowym albo zaocznym, zarejestrowane we właściwym dla miejsca zameldowania (stałego lub czasowego) powiatowym urzędzie pracy oraz poszukujące zatrudnienia lub innej pracy zarobkowej, jeżeli spełniają określone w Ustawie warunki.",2024,16.95,,16.95
powiat bocheński,RYNEK PRACY,Bezrobotni w wieku poniżej 25 lat,"Wyrażony w % udział bezrobotnych poniżej 25. roku życia w liczbie bezrobotnych ogółem. Do kategorii osób bezrobotnych wlicza się wyłącznie osoby zarejestrowane w powiatowych urzędach pracy. Przez bezrobotnych ( za Ustawą z dnia 20 kwietnia 2004 r. o promocji zatrudnienia i instytucjach rynku pracy) rozumiemy osoby niezatrudnione i nie wykonujące innej pracy zarobkowej, zdolne i gotowe do podjęcia zatrudnienia w pełnym wymiarze czasu pracy (bądź jeśli są to osoby niepełnosprawne - zdolne i gotowe do podjęcia zatrudnienia co najmniej w połowie tego wymiaru czasu pracy), nieuczące się w szkole z wyjątkiem szkół dla dorosłych lub szkół wyższych w systemie wieczorowym albo zaocznym, zarejestrowane we właściwym dla miejsca zameldowania (stałego lub czasowego) powiatowym urzędzie pracy oraz poszukujące zatrudnienia lub innej pracy zarobkowej, jeżeli spełniają określone w Ustawie warunki.",2024,18.17,,18.17
powiat bocheński,RYNEK PRACY,Bezrobotni w wieku 25-34 lata,"Wyrażony w % udział bezrobotnych w wieku 25-34 lata w liczbie bezrobotnych ogółem. Do kategorii osób bezrobotnych wlicza się wyłącznie osoby zarejestrowane w powiatowych urzędach pracy. Przez bezrobotnych ( za Ustawą z dnia 20 kwietnia 2004 r. o promocji zatrudnienia i instytucjach rynku pracy) rozumiemy osoby niezatrudnione i nie wykonujące innej pracy zarobkowej, zdolne i gotowe do podjęcia zatrudnienia w pełnym wymiarze czasu pracy (bądź jeśli są to osoby niepełnosprawne - zdolne i gotowe do podjęcia zatrudnienia co najmniej w połowie tego wymiaru czasu pracy), nieuczące się w szkole z wyjątkiem szkół dla dorosłych lub szkół wyższych w systemie wieczorowym albo zaocznym, zarejestrowane we właściwym dla miejsca zameldowania (stałego lub czasowego) powiatowym urzędzie pracy oraz poszukujące zatrudnienia lub innej pracy zarobkowej, jeżeli spełniają określone w Ustawie warunki.",2024,21.52,,21.52
powiat bocheński,RYNEK PRACY,Bezrobotni w wieku 55 lat i więcej,"Wyrażony w % udział bezrobotnych powyżej 55. roku życia w liczbie bezrobotnych ogółem. Do kategorii osób bezrobotnych wlicza się wyłącznie osoby zarejestrowane w powiatowych urzędach pracy. Przez bezrobotnych ( za Ustawą z dnia 20 kwietnia 2004 r. o promocji zatrudnienia i instytucjach rynku pracy) rozumiemy osoby niezatrudnione i nie wykonujące innej pracy zarobkowej, zdolne i gotowe do podjęcia zatrudnienia w pełnym wymiarze czasu pracy (bądź jeśli są to osoby niepełnosprawne - zdolne i gotowe do podjęcia zatrudnienia co najmniej w połowie tego wymiaru czasu pracy), nieuczące się w szkole z wyjątkiem szkół dla dorosłych lub szkół wyższych w systemie wieczorowym albo zaocznym, zarejestrowane we właściwym dla miejsca zameldowania (stałego lub czasowego) powiatowym urzędzie pracy oraz poszukujące zatrudnienia lub innej pracy zarobkowej, jeżeli spełniają określone w Ustawie warunki.",2024,18.39,,18.39
powiat bocheński,RYNEK PRACY,Prowadzący działalność gospodarczą,Osoby fizyczne prowadzące działalność gospodarczą na 100 osób w wieku produkcyjnym. Dane bez osób prowadzących gospodarstwa indywidualne w rolnictwie.,2024,15.11,,15.11
powiat bocheński,RYNEK PRACY,Zatrudnienie w branży finansowej i nieruchomościach,"Wyrażony w % udział pracujących w branży finansowej i nieruchomościach w stosunku do ogółu pracujących. Dane do 2021 roku bez podmiotów gospodarczych o liczbie pracujących do 9 osób. Podział branż jest zgodny z PKD 2007. Dotyczy sekcji: ""Działalność finansowa i ubezpieczeniowa; obsługa rynku nieruchomości"". W związku z wprowadzonymi zmianami metodologicznymi w pozyskiwaniu danych dotyczących: pracujących, zatrudnionych oraz przeciętnego zatrudnienia według PKD, dane od 2022 roku nie mogą być porównywane z danymi dla lat poprzednich.",2024,0.87,,0.87
powiat bocheński,RYNEK PRACY,Zatrudnienie w rolnictwie,"Wyrażony w % udział pracujących w rolnictwie w stosunku do ogółu pracujących. Dane łącznie z rolnictwem indywidualnym. Dane dotyczące pracujących w gospodarstwach indywidualnych w rolnictwie według stanu w dniu 31 XII w latach 2002-2009 wyszacowano na podstawie wyników Narodowego Spisu Powszechnego Ludności i Mieszkań oraz Powszechnego Spisu Rolnego 2002 oraz w 2010 r. na podstawie Powszechnego Spisu Rolnego 2010. Podział branż jest zgodny z PKD 2007. Dotyczy sekcji: ""Rolnictwo, leśnictwo, łowiectwo i rybactwo"". W związku z wprowadzonymi zmianami metodologicznymi w pozyskiwaniu danych dotyczących: pracujących, zatrudnionych oraz przeciętnego zatrudnienia według PKD, dane od 2022 roku nie mogą być porównywane z danymi dla lat poprzednich.",2024,17.47,,17.47
powiat bocheński,RYNEK PRACY,Zatrudnienie w przemyśle i budownictwie,"Wyrażony w % udział pracujących w przemyśle i budownictwie w stosunku do ogółu pracujących. Dane do 2021 roku bez podmiotów gospodarczych o liczbie pracujących do 9 osób. Podział branż jest zgodny z PKD 2007. Pod pojęciem ""Przemysł i budownictwo"" rozumie się sekcje: ""Górnictwo i wydobywanie""; ""Przetwórstwo przemysłowe""; ""Wytwarzanie i zaopatrywanie w energię elektryczną, gaz, parę wodną i gorącą wodę""; ""Dostawa wody; gospodarowanie ściekami i odpadami; rekultywacja"" oraz ""Budownictwo"". W związku z wprowadzonymi zmianami metodologicznymi w pozyskiwaniu danych dotyczących: pracujących, zatrudnionych oraz przeciętnego zatrudnienia według PKD, dane od 2022 roku nie mogą być porównywane z danymi dla lat poprzednich.",2024,38.75,,38.75
powiat bocheński,RYNEK PRACY,"Zatrudnienie w handlu, transporcie, turystyce, informacji i komunikacji","Wyrażony w % udział pracujących w handlu, transporcie, turystyce, informacji i komunikacji w stosunku do ogółu pracujących. Dane do 2021 roku bez podmiotów gospodarczych o liczbie pracujących do 9 osób. Podział branż jest zgodny z PKD 2007. Dotyczy sekcji: ""Handel""; ""Naprawa pojazdów samochodowych""; ""Transport i gospodarka magazynowa""; ""Zakwaterowanie i gastronomia"" oraz ""Informacja i komunikacja"". W związku z wprowadzonymi zmianami metodologicznymi w pozyskiwaniu danych dotyczących: pracujących, zatrudnionych oraz przeciętnego zatrudnienia według PKD, dane od 2022 roku nie mogą być porównywane z danymi dla lat poprzednich.",2024,17.65,,17.65
powiat bocheński,RYNEK PRACY,Zatrudnienie w pozostałych usługach,"Wyrażony w % udział pracujących w pozostałych usługach w stosunku do ogółu pracujących. Dane do 2021 roku bez podmiotów gospodarczych o liczbie pracujących do 9 osób. Podział branż jest zgodny z PKD 2007. Pod pojęciem ""Pozostałe usługi"" rozumie się sekcje: ""Działalność profesjonalna, naukowa i techniczna""; ""Administrowanie i działalność wspierająca""; ""Administracja publiczna i obrona narodowa, obowiązkowe zabezpieczenia społeczne""; ""Edukacja""; ""Opieka zdrowotna i pomoc społeczna""; ""Działalność związana z kulturą rozrywką i rekreacją"" oraz ""Pozostała działalność usługowa"". W związku z wprowadzonymi zmianami metodologicznymi w pozyskiwaniu danych dotyczących: pracujących, zatrudnionych oraz przeciętnego zatrudnienia według PKD, dane od 2022 roku nie mogą być porównywane z danymi dla lat poprzednich.",2024,25.17,,25.17
powiat bocheński,MOBILNOŚĆ,Saldo migracji stałych,"Wskaźnik migracji stałych - różnica między napływem a odpływem ludności z danego obszaru w danym czasie. Saldo migracji stałych uwzględnia zarazem dane ze stałych migracji zewnętrznych jak i wewnętrznych. Migracje stałe to takie, które wiążą się ze zmianą miejsca zamieszkania na pobyt stały. W świetle prawa polskiego, tego typu migracje związane są z dokonaniem w biurze ewidencji ludności zameldowania lub wymeldowania. W 2015 roku GUS zrezygnował z opublikowania danych dotyczących migracji zagranicznych z powodu braku ich kompletności. Dlatego niemożliwe było określenie poziomu migracji stałych za rok 2015.",2024,169.00,,169.00
powiat bocheński,MOBILNOŚĆ,Saldo migracji zagranicznych,Wskaźnik migracji zagranicznych - różnica między odpływem zagranicę a napływem do kraju ludności w danym czasie.,2024,21.00,,21.00
powiat bocheński,BUDŻETY GMIN,Wydatki budżetów gmin ogółem,"Wskaźnik wydatków gmin - wydatki budżetów gmin i miast na prawach powiatów w przeliczeniu na jednego mieszkańca. Dane stanowią sumę wydatków na rolnictwo, transport, gospodarkę komunalną, gosp. mieszkaniową, oświatę i wychowanie, kulturę i sztukę, ochronę zdrowia, kulturę fizyczną i sport, a także wydatki na administrację samorządową. Wydatki te są sklasyfikowane w rozporządzeniu Ministra Finansów z dnia 14 czerwca 2006 r. w sprawie szczegółowej klasyfikacji dochodów, wydatków, przychodów i rozchodów oraz środków pochodzących ze źródeł zagranicznych (Dz. U. 2006 r. Nr 107, poz.726, z późn. zm.). Wartości podawane są w złotówkach.",2024,7981.74,,7981.74
powiat bocheński,BUDŻETY GMIN,Wydatki budżetów gmin - oświata i wychowanie,"Wskaźnik wydatków gmin na oświatę i wychowanie - wydatki budżetów gmin i miast na prawach powiatów na oświatę i wychowanie w przeliczeniu na jednego mieszkańca. Dane stanowią sumę wydatków sklasyfikowanych w dziale 801 rozporządzenia Ministra Finansów z dnia 14 czerwca 2006 r. w sprawie szczegółowej klasyfikacji dochodów, wydatków, przychodów i rozchodów oraz środków pochodzących ze źródeł zagranicznych (Dz. U. 2006 r. Nr 107, poz.726, z późn. zm.). Wartości podawane są w złotówkach.",2024,3459.66,,3459.66
powiat bocheński,BUDŻETY GMIN,Wydatki budżetów gmin - kultura,"Wskaźnik wydatków gmin na kulturę i ochronę dziedzictwa narodowego - wydatki budżetów gmin i miast na prawach powiatów na kulturę i ochronę dziedzictwa narodowego w przeliczeniu na jednego mieszkańca. Dane stanowią sumę wydatków sklasyfikowanych w dziale 921 rozporządzenia Ministra Finansów z dnia 14 czerwca 2006 r. w sprawie szczegółowej klasyfikacji dochodów, wydatków, przychodów i rozchodów oraz środków pochodzących ze źródeł zagranicznych (Dz. U. 2006 r. Nr 107, poz.726, z późn. zm.). Wartości podawane są w złotówkach.",2024,267.21,,267.21
powiat bocheński,BUDŻETY GMIN,Wydatki budżetów gmin - pomoc społeczna,"Wskaźnik wydatków gmin na pomoc społeczną - wydatki budżetów gmin i miast na prawach powiatów na pomoc społeczną i pozostałe zadania w zakresie polityki społecznej w przeliczeniu na jednego mieszkańca. Dane stanowią sumę wydatków sklasyfikowanych w działach 852 i 853 rozporządzenia Ministra Finansów z dnia 14 czerwca 2006 r. w sprawie szczegółowej klasyfikacji dochodów, wydatków, przychodów i rozchodów oraz środków pochodzących ze źródeł zagranicznych (Dz. U. 2006 r. Nr 107, poz.726, z późn. zm.). Dane podawane są w złotówkach.",2024,346.86,,346.86
powiat brzeski,LUDNOŚĆ,Ludność ogółem,Liczba ludności zamieszkałej na danym terenie (dane zgodnie z faktycznym miejscem zamieszkania wg podziału administracyjnego na dzień 31 XII).,2024,91340,,91340
powiat brzeski,LUDNOŚĆ,Ludność w wieku przedprodukcyjnym,Udział ludności w wieku przedprodukcyjnym w liczbie ludności ogółem. Przez ludność w wieku przedprodukcyjnym rozumie się ludność w wieku do 17 roku życia.,2024,19.55,%,19.55%
powiat brzeski,LUDNOŚĆ,Ludność w wieku produkcyjnym,"Udział ludności w wieku produkcyjnym w liczbie ludności ogółem. Przez ludność w wieku produkcyjnym rozumie się ludność w wieku zdolności do pracy. Dla mężczyzn przyjęto wiek 18-64 lata, dla kobiet 18-59 lat.",2024,59.55,%,59.55%
powiat brzeski,LUDNOŚĆ,Ludność w wieku poprodukcyjnym,Udział ludności w wieku emerytalnym w liczbie ludności ogółem. Przez ludność w wieku poprodukcyjnym rozumie się ludność w wieku od 64 lat - dla mężczyzn i od 59 lat - dla kobiet.,2024,20.90,%,20.90%
powiat brzeski,LUDNOŚĆ,Ludność w wieku 60+,Udział ludności w wieku 60 i więcej lat w liczbie ludności ogółem.,2024,23.99,%,23.99%
powiat brzeski,LUDNOŚĆ,Wskaźnik podwójnego starzenia,Udział osób w wieku 80 i więcej lat w grupie osób wieku 60 i więcej lat.,2024,16.43,%,16.43%
powiat brzeski,LUDNOŚĆ,Wskaźnik wsparcia osób najstarszych,Liczba osób w wieku 85 lat i więcej przypadająca na 100 osób w wieku 50–64 lata,2024,11,,11
powiat brzeski,LUDNOŚĆ,Potencjał pielęgnacyjny,Liczba kobiet w wieku 45-64 lata (potencjalnych opiekunów rodzinnych) przypadających na 100 osób w wieku 80 i więcej lat,2024,340,,340
powiat brzeski,LUDNOŚĆ,Wskaźnik obciążenia demograficznego,Wskaźnik obciążenia demograficznego - ludność w wieku nieprodukcyjnym przypadająca na 100 osób w wieku produkcyjnym. Przez ludność w wieku produkcyjnym rozumie się osoby w wieku zdolności do pracy tj. mężczyźni w wieku 18 - 64 lat oraz kobiety w wieku 18 - 59.,2024,67.90,,67.90
powiat brzeski,LUDNOŚĆ,Przyrost naturalny na 1 000 ludności,Różnica między liczbą urodzeń żywych a liczbą zgonów w danym roku (bez rozróżnienia na płeć).,2024,-2.48,,-2.48
powiat brzeski,LUDNOŚĆ,Wskaźnik feminizacji,Wskaźnik feminizacji - wielkość demograficzna określająca ile kobiet przypada na 100 mężczyzn na danym terenie.,2024,102.24,,102.24
powiat brzeski,LUDNOŚĆ,Wskaźnik maskulinizacji,Wskaźnik maskulinizacji - wielkość demograficzna określająca ilu mężczyzn przypada na 100 kobiet na danym terenie.,2024,97.81,,97.81
powiat brzeski,LUDNOŚĆ,Wskaźnik gęstości zaludnienia,Wskaźnik gęstości zaludnienia - liczba mieszkańców przypadająca na 1 km².,2024,154.60,,154.60
powiat brzeski,LUDNOŚĆ,Wskaźnik urbanizacji,"Wskaźnik urbanizacji - udział mieszkańców miast w liczbie mieszkańców ogółem. Do wyliczenia wskaźnika posłużono się danymi na temat ludności faktycznie zamieszkałej na dzień 31 XII każdego roku. Ludnośc faktycznie zamieszkała obejmuje: a) stałych mieszkańców, z wyjatkiem osób przebywających poza miejscem zamieszkania przez okres powyżej 3 miesięcy w kraju oraz obejmuje wszystkie osoby przebywajace za granicą (bez względu na okres ich nieobecności) b) osoby przebywające czasowo przez okres powyżej 3 miesięcy, przybyłe z innego miejsca w kraju. Dane za lata 2010 - 2021 bazują na wynikach Narodowego Spisu Powszechnego Ludności i Mieszkań 2011.",2024,19.77,%,19.77%
powiat brzeski,LUDNOŚĆ,Małżeństwa na 1000 mieszkańców,Liczba zawartych małżeństw w przeliczeniu na 1000 mieszkańców.,2024,3.60,,3.60
powiat brzeski,LUDNOŚĆ,Urodzenia na 1000 mieszkańców,Liczba urodzeń żywych w przeliczeniu na 1000 mieszkańców.,2024,7.04,,7.04
powiat brzeski,LUDNOŚĆ,Zgony na 1000 mieszkańców,Liczba zgonów w przeliczeniu na 1000 mieszkańców.,2024,9.52,,9.52
powiat brzeski,LUDNOŚĆ,Wskaźnik/ indeks starości,"Relacja pokoleniowa dziadków i wnuczków, tj. liczba osób w wieku 65 i więcej lat przypadająca na 100 osób w wieku 0-14 lat",2024,111,,111
powiat brzeski,LUDNOŚĆ,Ludność w wieku 65+/ Współczynnik starości demograficznej,Relacja liczby osób w starszym wieku (65 lat i więcej) do ogólnej liczby ludności.,2024,17.86,%,17.86%
powiat brzeski,LUDNOŚĆ,Wskaźnik potencjalnego wsparcia,Liczba osób w wieku 15-64 lata przypadająca na 100 osób w wieku 65 lat i więcej. Przedstawia tzw. obciążenie - ile osób hipotetycznie pozostających na rynku pracy przypada na 1 osobę (100 osób) będącą już poza rykiem pracy (odwrotność cząstkowego współczynnika obciążenia demograficznego osobami starszymi).,2024,370,,370
powiat brzeski,POMOC SPOŁECZNA - K,Liczba mieszkańców na 1 pracownika socjalnego,Liczba mieszkańców przypadająca na jednego pracownika socjalnego zatrudnionego w ośrodku pomocy społecznej.,2024,2342,,2342
powiat brzeski,POMOC SPOŁECZNA - K,Pracownicy socjalni OPS posiadający wyższe wykształcenie,Udział pracowników socjalnych posiadających wyższe wykształcenie w ogólnej licznie pracowników socjalnych.,2024,82.05,%,82.05%
powiat brzeski,POMOC SPOŁECZNA - K,Pracownicy socjalni OPS posiadający I stopień specjalizacji w zawodzie pracownik socjalny,Udział pracowników socjalnych OPS posiadających I stopień specjalizacji w zawodzie pracownik socjalny w ogólnej liczbie pracowników socjalnych.,2024,15.38,%,15.38%
powiat brzeski,POMOC SPOŁECZNA - K,Pracownicy socjalni OPS posiadający II stopień specjalizacji w zawodzie pracownik socjalny,Udział pracowników socjalnych posiadających II stopień specjalizacji w zawodzie pracownik socjalny w ogólnej liczbie pracowników socjalnych.,2024,2.56,%,2.56%
powiat brzeski,POMOC SPOŁECZNA - P,Alkoholizm,Odsetek klientów pomocy społecznej korzystających ze wsparcia z powodu alkoholizmu (na podstawie danych o rzeczywistej liczbie osób w rodzinach objętych pomocą społeczną).,2024,4.95,%,4.95%
powiat brzeski,POMOC SPOŁECZNA - P,Bezdomność,Odsetek klientów pomocy społecznej korzystających ze wsparcia z powodu bezdomności (na podstawie danych o rzeczywistej liczbie osób w rodzinach objętych pomocą społeczną).,2024,1.48,%,1.48%
powiat brzeski,POMOC SPOŁECZNA - P,Bezradność w sprawach opiekuńczo-wychowawczych i prowadzenia gosp. dom.,Odsetek klientów pomocy społecznej korzystających ze wsparcia z powodu bezradności w sprawach opiekuńczo-wychowawczych i prowadzenia gospodarstwa domowego (na podstawie danych o rzeczywistej liczbie osób w rodzinach objętych pomocą społeczną).,2024,16.36,%,16.36%
powiat brzeski,POMOC SPOŁECZNA - P,Bezrobocie,Odsetek klientów pomocy społecznej korzystających ze wsparcia z powodu bezrobocia (na podstawie danych o rzeczywistej liczbie osób w rodzinach objętych pomocą społeczną).,2024,23.36,%,23.36%
powiat brzeski,POMOC SPOŁECZNA - P,Długotrwała lub ciężka choroba,Odsetek klientów pomocy społecznej korzystających ze wsparcia z powodu długotrwałej bądź ciężkiej choroby (na podstawie danych o rzeczywistej liczbie osób w rodzinach objętych pomocą społeczną).,2024,38.28,%,38.28%
powiat brzeski,POMOC SPOŁECZNA - P,Narkomania,Odsetek klientów pomocy społecznej korzystających ze wsparcia z powodu narkomanii (na podstawie danych o rzeczywistej liczbie osób w rodzinach objętych pomocą społeczną).,2024,0.19,%,0.19%
powiat brzeski,POMOC SPOŁECZNA - P,Niepełnosprawność,Odsetek klientów pomocy społecznej korzystających ze wsparcia z powodu niepełnosprawności (na podstawie danych o rzeczywistej liczbie osób w rodzinach objętych pomocą społeczną).,2024,29.95,%,29.95%
powiat brzeski,POMOC SPOŁECZNA - P,Potrzeba ochrony macierzyństwa,Odsetek klientów pomocy społecznej korzystających ze wsparcia z powodu potrzeby ochrony macierzyństwa (na podstawie danych o rzeczywistej liczbie osób w rodzinach objętych pomocą społeczną).,2024,29.03,%,29.03%
powiat brzeski,POMOC SPOŁECZNA - P,Przemoc domowa,Odsetek klientów pomocy społecznej korzystających ze wsparcia z powodu przemocy domowej (na podstawie danych o rzeczywistej liczbie osób w rodzinach objętych pomocą społeczną).,2024,1.71,%,1.71%
powiat brzeski,POMOC SPOŁECZNA - P,Sieroctwo,Odsetek klientów pomocy społecznej korzystających ze wsparcia z powodu sieroctwa (na podstawie danych o rzeczywistej liczbie osób w rodzinach objętych pomocą społeczną).,2024,0.30,%,0.30%
powiat brzeski,POMOC SPOŁECZNA - P,Sytuacja kryzysowa,Odsetek klientów pomocy społecznej korzystających ze wsparcia z powodu sytuacji kryzysowej (na podstawie danych o rzeczywistej liczbie osób w rodzinach objętych pomocą społeczną).,2024,0.38,%,0.38%
powiat brzeski,POMOC SPOŁECZNA - P,Ubóstwo,Odsetek klientów pomocy społecznej korzystających ze wsparcia z powodu ubóstwa (na podstawie danych o rzeczywistej liczbie osób w rodzinach objętych pomocą społeczną).,2024,34.17,%,34.17%
powiat brzeski,POMOC SPOŁECZNA - P,Wielodzietność,Odsetek klientów pomocy społecznej korzystających ze wsparcia z powodu wielodzietności (na podstawie danych o rzeczywistej liczbie osób w rodzinach objętych pomocą społeczną).,2024,23.93,%,23.93%
powiat brzeski,POMOC SPOŁECZNA - P,Zdarzenie losowe,Odsetek klientów pomocy społecznej korzystających ze wsparcia z powodu zdarzenia losowego (na podstawie danych o rzeczywistej liczbie osób w rodzinach objętych pomocą społeczną).,2024,2.09,%,2.09%
powiat brzeski,POMOC SPOŁECZNA - B,Beneficjenci pomocy społecznej,"Udział osób korzystających z pomocy społecznej w liczbie ludności ogółem - na podstawie danych o rzeczywistej liczbie osób w rodzinach objętych pomocą społeczną (świadczenia przyznane w ramach zadań zleconych i własnych bez względu na rodzaj, formę, liczbę oraz źródło finansowania).",2024,2.88,%,2.88%
powiat brzeski,POMOC SPOŁECZNA - B,Rodziny niepełne objęte pomocą społeczną,"Wskaźnik pomocy społecznej udzielonej rodzinom niepełnym - udział rodzin niepełnych objętych pomocą (w której skład wchodzi jedno z rodziców z dzieckiem/ dziećmi) w liczbie wszystkich rodzin z dziećmi, którym udzielono pomocy.",2024,47.43,%,47.43%
powiat brzeski,POMOC SPOŁECZNA - B,Rodziny wielodzietne objęte pomocą społeczną,"Wskaźnik pomocy społecznej udzielonej rodzinom wielodzietnym - udział rodzin wielodzietnych (3 dzieci i więcej) objętych pomocą w liczbie wszystkich rodzin z dziećmi, którym udzielono pomocy.",2024,45.32,%,45.32%
powiat brzeski,POMOC SPOŁECZNA - B,Rodziny emerytów i rencistów objęte pomocą społeczną,"Wskaźnik pomocy społecznej udzielonej rodzinom emerytów i rencistów - udział rodzin emerytów i rencistów objętych pomocą w liczbie wszystkich rodzin, którym udzielono pomocy.",2024,22.85,%,22.85%
powiat brzeski,POMOC SPOŁECZNA - B,Pensjonariusze DPS nieopuszczający łóżek,Odsetek pensjonariuszy Domów Pomocy Społecznej nieopuszczających łóżek. Dane na temat liczby mieszkańców Domów Pomocy Społecznej zebrano wg. stanu na dzień 31 grudnia. W statystykach uwzględniono mieszkańców Domów Pomocy Społecznej i podmiotów niepublicznych w roku sprawozdawczym.,2024,25.34,%,25.34%
powiat brzeski,POMOC SPOŁECZNA - B,Pensjonariusze DPS do 18 roku życia,Odsetek pensjonariuszy Domów Pomocy Społecznej w wieku do18 roku życia. Dane na temat liczby mieszkańców Domów Pomocy Społecznej zebrano wg. stanu na dzień 31 grudnia. W statystykach uwzględniono mieszkańców Domów Pomocy Społecznej i podmiotów niepublicznych w roku sprawozdawczym.,2024,8.22,%,8.22%
powiat brzeski,POMOC SPOŁECZNA - B,Pensjonariusze DPS w wieku 19-40 lat,Odsetek pensjonariuszy Domów Pomocy Społecznej wieku 19-40 lat. Dane na temat liczby mieszkańców Domów Pomocy Społecznej zebrano wg. stanu na dzień 31 grudnia. W statystykach uwzględniono mieszkańców Domów Pomocy Społecznej i podmiotów niepublicznych w roku sprawozdawczym.,2024,17.12,%,17.12%
powiat brzeski,POMOC SPOŁECZNA - B,Pensjonariusze DPS w wieku 41-60 lat,Odsetek pensjonariuszy Domów Pomocy Społecznej wieku 41-60 lat. Dane na temat liczby mieszkańców Domów Pomocy Społecznej zebrano wg. stanu na dzień 31 grudnia. W statystykach uwzględniono mieszkańców Domów Pomocy Społecznej i podmiotów niepublicznych w roku sprawozdawczym.,2024,21.23,%,21.23%
powiat brzeski,POMOC SPOŁECZNA - B,Pensjonariusze DPS w wieku 61-74 lat,Odsetek pensjonariuszy Domów Pomocy Społecznej wieku 60-74 lat. Dane na temat liczby mieszkańców Domów Pomocy Społecznej zebrano wg. stanu na dzień 31 grudnia. W statystykach uwzględniono mieszkańców Domów Pomocy Społecznej i podmiotów niepublicznych w roku sprawozdawczym.,2024,23.29,%,23.29%
powiat brzeski,POMOC SPOŁECZNA - B,Pensjonariusze DPS w wieku powyżej 74 lat,Odsetek pensjonariuszy Domów Pomocy Społecznej wieku powyżej 74 lat. Dane na temat liczby mieszkańców Domów Pomocy Społecznej zebrano wg. stanu na dzień 31 grudnia. W statystykach uwzględniono mieszkańców Domów Pomocy Społecznej i podmiotów niepublicznych w roku sprawozdawczym.,2024,30.14,%,30.14%
powiat brzeski,Sheet6,Świadczenia pieniężne z pomocy społecznej,Odsetek korzystających ze świadczeń pieniężnych w ogólnej liczbie świadczeniobiorców pomocy społecznej (liczba osób w rodzinach),2024,69.03,%,69.03%
powiat brzeski,Sheet6,Świadczenia niepieniężne z pomocy społecznej,Odsetek korzystających ze świadczeń niepieniężnych w ogólnej liczbie świadczeniobiorców pomocy społecznej (liczba osób w rodzinach),2024,50.34,%,50.34%
powiat brzeski,Sheet6,Osoby korzystające z usług opiekuńczych i specjalistycznych usług opiekuńczych,Liczba osób korzystających z usług opiekuńczych (w tym specjalistycznych usług opiekuńczych).,2024,178,,178
powiat brzeski,Sheet6,Osoby korzystające ze specjalistycznych usług opiekuńczych dla osób z zaburzeniami psychicznymi,Liczba osób korzystających ze specjalistycznych usług opiekuńczych w miejscu zamieszkania dla osób z zaburzeniami psychicznymi.,2024,1,,1
powiat brzeski,Sheet6,Osoby objęte kontraktami socjalnymi,Udział osób objętych kontraktami socjalnymi w ogólnej liczbie osób w rodzinach świadczeniobiorców pomocy społecznej.,2024,0.91,%,0.91%
powiat brzeski,Sheet6,Osoby objęte dożywianiem na 1000 mieszkańców,Wskaźnik pomocy w zakresie dożywiania - liczba osób objętych pomocą państwa w zakresie dożywiania w przeliczeniu na 1000 mieszkańców.,2024,12,,12
powiat brzeski,Sheet6,Udział dzieci w ogóle osób objętych dożywianiem,"Udział dzieci w liczbie wszystkich osób objętych pomocą państwa w zakresie dożywiania. Sprawozdanie z realizacji programu ""Pomoc Państwa w zakresie dożywiania"" do 2013 roku obejmowało dzieci do lat 7. Od 2014 roku w sprawozdaniu liczba dzieci jest określona na podstawie momentu rozpoczęcia nauki w szkole podstawowej.",2024,18,%,18%
powiat brzeski,Sheet6,Udział uczniów w ogóle osób objętych dożywianiem,Udział dzieci w wieku szkolnym (uczniowie do czasu ukończenia szkoły ponadgimnazjalnej) w liczbie wszystkich osób objętych pomocą państwa w zakresie dożywiania.,2024,44,%,44%
powiat brzeski,POMOC SPOŁECZNA I O,Centra integracji społecznej,Liczba centrów integracji społecznej działających na danym terenie. Stan na 31 XII.,2024,0,,0
powiat brzeski,POMOC SPOŁECZNA I O,Domy pomocy społecznej,Liczba domów pomocy społecznej działających na danym terenie (bez podziału na typy).,2024,3,,3
powiat brzeski,POMOC SPOŁECZNA I O,Dzienne domy pomocy,Liczba dziennych domów pomocy działających na danym terenie. Stan na 31 XII.,2024,1,,1
powiat brzeski,POMOC SPOŁECZNA I O,Placówki specjalistycznego poradnictwa - jednostki  powiatowe,"Liczba jednostek specjalistycznego poradnictwa działających w powiatach. Stan na 31 XII. Wskaźnik zasilany od 2021 r. w związku ze zmianami monitorowania danych w sprawozdaniach resortowych. Zastąpił on wskaźnik ""Placówki specjalistycznego poradnictwa""",2024,0,,0
powiat brzeski,POMOC SPOŁECZNA I O,Placówki specjalistycznego poradnictwa,Liczba jednostek specjalistycznego poradnictwa działających na danym terenie. Stan na 31 XII. Od 2021 roku ze względu na brak kontynuacji monitorowania danych w sprawozdaniach resortowych wskaźnik nie jest już aktualizowany.,2024,0,,0
powiat brzeski,POMOC SPOŁECZNA I O,Kluby integracji społecznej,Liczba klubów integracji społecznej działających na danym terenie.,2024,1,,1
powiat brzeski,POMOC SPOŁECZNA I O,Mieszkania treningowe oraz wspomagane,"Liczba mieszkań treningowe oraz wspomaganych działających na danym terenie. Stan na 31 XII. Do 2022 r. w systemie funkcjonowały mieszkania chronione, natomiast od 2023 r. funkcjonują mieszkania treningowe oraz wspomagane.",2024,1,,1
powiat brzeski,POMOC SPOŁECZNA I O,"Noclegownie, schroniska i domy dla osób bezdomnych","Liczba noclegowni, schronisk i domów dla osób bezdomnych działających na danym terenie.",2024,1,,1
powiat brzeski,POMOC SPOŁECZNA I O,Ośrodki interwencji kryzysowej,Liczba ośrodków interwencji kryzysowej działających na danym terenie. Stan na 31 XII.,2024,1,,1
powiat brzeski,POMOC SPOŁECZNA I O,Placówki opiekuńczo-wychowawcze,Liczba placówek opiekuńczo-wychowawczych działających na danym terenie (bez podziału na typy). Stan na 31 XII.,2024,2,,2
powiat brzeski,POMOC SPOŁECZNA I O,Placówki wsparcia dziennego,Liczba placówek wsparcia dziennego działających na danym terenie. Stan na 31 XII.,2024,5,,5
powiat brzeski,POMOC SPOŁECZNA I O,"Placówki zapewniające całodobową opiekę osobom niepełnosprawnym, przewlekle chorym lub osobom w podeszłym wieku","Liczba placówek zapewniających całodobową opiekę osobom niepełnosprawnym, przewlekle chorym lub osobom w podeszłym wieku działających na danym terenie (w oparciu zarówno o działalność gospodarczą, jak i o działalność statutową). Stan na 31 XII.",2024,4,,4
powiat brzeski,POMOC SPOŁECZNA I O,Środowiskowe domy samopomocy,Liczba środowiskowych domów samopomocy działających na danym terenie. Stan na 31 XII.,2024,1,,1
powiat brzeski,POMOC SPOŁECZNA I O,Zakłady aktywności zawodowej,Liczba zakładów aktywności zawodowej działających na danym terenie.,2024,1,,1
powiat brzeski,PIECZA ZASTĘPCZA,Stopień deinstytucjonalizacji pieczy zastępczej,"Stosunek liczby dzieci w rodzinnej pieczy zastępczej (dzieci przebywające w rodzinach zastępczych, rodzinnych domach dziecka i w placówkach opiekuńczo-wychowawczych typu rodzinnego) do liczby wszystkich dzieci w pieczy zastępczej. Do wskaźnika nie wliczono dzieci umieszczonych w rodzinach zastępczych spokrewnionych (definicja zaczerpnięta z raportu ""Postępy deinstytucjonalizacji pieczy zastępczej""; Warszawa 2018 r.). Dane zbierane przez MRiPS regularnie (co pół roku) w sprawozdaniach resortowych.",2024,61.97,%,61.97%
powiat brzeski,PIECZA ZASTĘPCZA,Intensywność pieczy zastępczej,"Liczba dzieci poniżej 18. roku życia przebywających w pieczy zastępczej w stosunku do liczby wszystkich dzieci w wieku poniżej 18 roku życia na danym terenie w przeliczeniu na 1000 dzieci (definicja zaczerpnięta z raportu ""Postępy deinstytucjonalizacji pieczy zastępczej""; Warszawa 2018 r.). Dane zbierane przez MRiPS regularnie (co pół roku) w sprawozdaniach resortowych.",2024,5.15,,5.15
powiat brzeski,PIECZA ZASTĘPCZA,Liczba rodzin zastępczych,"Liczba rodzin zastępczych funkcjonujących na danym obszarze. Rodzina zastępcza jest jedną z form rodzinnej pieczy zastępczej, sprawowanej w przypadku niemożności zapewnienia dziecku opieki i wychowania przez rodziców.",2024,57,,57
powiat brzeski,PIECZA ZASTĘPCZA,Liczba dzieci w rodzinach zastępczych,"Liczba dzieci wychowujących się w rodzinach zastępczych na danym obszarze. Rodzina zastępcza jest jedną z form rodzinnej pieczy zastępczej, sprawowanej w przypadku niemożności zapewnienia dziecku opieki i wychowania przez rodziców. Do roku 2011 dane pochodzą ze sprawozdania MPiPS-03; od roku 2012 dane pochodzą ze sprawozdania Ocena Zasobów Pomocy Społecznej.",2024,82,,82
powiat brzeski,ZDROWIE,Dostępność aptek,"Wskaźnik dostępności do aptek - liczba osób przypadająca na jedną aptekę ogólnodostępną. Apteka, zgodnie z Ustawą ""Prawo farmaceutyczne"" z dnia 6 września 2001 r. to placówka ochrony zdrowia publicznego, w której osoby uprawnione świadczą w szczególności usługi farmaceutyczne obejmujące zadania określone w ustawie.",2024,3513,,3513
powiat brzeski,ZDROWIE,Zgony z powodu chorób nowotworowych,Wskaźnik umieralności z powodu choroby nowotworowej - udział zgonów z powodu choroby nowotworowej w liczbie zgonów ogółem. Dane do wskaźnika pochodzą z kart statystycznych do kart zgonów.,2024,27.00,%,27.00%
powiat brzeski,ZDROWIE,Zgony z powodu chorób układu krążenia,Wskaźnik umieralności z powodu chorób układu krążenia - udział zgonów z powodu chorób układu krążenia w liczbie zgonów ogółem. Dane do wskaźnika pochodzą z kart statystycznych do kart zgonów.,2024,48.40,%,48.40%
powiat brzeski,"WYNAGRODZENIA, EMERY",Przeciętne wynagrodzenie w relacji do śr. krajowej,Wskaźnik wysokości wynagrodzeń - przeciętne miesięczne wynagrodzenia brutto w gospodarce narodowej w relacji do średniej krajowej (Polska=100%). Wskaźnik pokazuje jaki procent średniej krajowej jest osiągany na danym terenie.,2024,80.60,,80.60
powiat brzeski,KULTURA,Wskaźnik dostępności kin,"Wskaźnik dostępności kin - liczba osób przypadających na jedno miejsce na widowni kina. Przez ""miejsce na widowni"" rozumie się każde numerowane miejsce (zarejestrowane) wykorzystywane przez instytucję kultury do stałych prezentacji scenicznych (w stałej sali eksploatowanej przez instytucję artystyczną lub w kinie stałym do prezentacji filmów).",2024,648,,648
powiat brzeski,KULTURA,Wskaźnik dostępności domów i ośrodków kultury,"Wskaźnik dostępności domów i ośrodków kultury oraz klubów, świetlic i kół - liczba osób przypadająca na jedną placówkę kultury.",2024,1575,,1575
powiat brzeski,KULTURA,Wskaźnik dostępności muzeów,"Wskaźnik dostępności do muzeów - liczba ludności przypadająca na jedną placówkę muzealną. Dane wskaźnikowe bazują na sprawozdaniach z działalności muzeów i instytucji paramuzealnych. Przez placówkę muzealną (za ustawą z dnia 21 listopada 1996 r. o muzeach) rozumiemy jednostkę organizacyjną, nienastawioną na osiąganie zysku, której celem jest sprawowanie opieki nad zabytkami, informowanie o wartościach i treściach gromadzonych zbiorów, upowszechnianie podstawowych wartości historii, nauki i kultury polskiej oraz światowej, kształtowanie wrażliwości poznawczej i estetycznej oraz umożliwianie kontaktu ze zbiorami.",2024,30447,,30447
powiat brzeski,KULTURA,Wskaźnik dostępności bibliotek,"Wskaźnik dostępności bibliotek - liczba ludności przydająca na jedną placówkę biblioteczną. W celu wyliczenia wskaźnika zliczono biblioteki, filie i punkty biblioteczne na danym ternie. Dane bazują na sprawozdaniach bibliotek ogólnych. Zgodnie z definicją przyjętą przez GUS przez placówkę biblioteczną rozumie się jednostkę organizacyjną lub jej część posiadającą uporządkowany (zinwentaryzowany) zbiór książek, czasopism i innych materiałów piśmienniczych liczący co najmniej 300 jednostek inwentarzowych, której głównymi celami są tworzenie i obsługa zbiorów oraz udostępnianie ich użytkownikom w sposób kontrolowany.",2024,3262,,3262
powiat brzeski,KULTURA,Wskaźnik czytelnictwa,Wskaźnik czytelnictwa - ilość wypożyczeń z księgozbioru przez jednego czytelnika w ciągu roku. Przez księgozbiór rozumie się zbiór obejmujący wydawnictwa nieperiodyczne (książki i broszury) i wydawnictwa periodyczne (gazety i czasopisma).,2024,21,,21
powiat brzeski,EDUKACJA,Edukacja przedszkolna,"Wskaźnik edukacji na poziomie przedszkolnym - odsetek dzieci w wieku od 3 do 5 lat uczęszczających do placówek wychowania przedszkolnego. Wskaźnik zbudowano na podstawie sprawozdań przedszkoli i innych form edukacji przedszkolnej. Uwzględniono ośrodki wychowania przedszkolnego prowadzone przez ograny samorządu terytorialnego, jednostki samorządu powiatowego oraz gminnego.",2024,91.80,,91.80
powiat brzeski,EDUKACJA,Zdawalność egzaminu maturalnego w technikach,"Wskaźnik zdawalności matur w technikach - procent uczniów klas IV techników, którzy zdali egzamin maturalny.",2024,92.00,,92.00
powiat brzeski,EDUKACJA,Zdawalność egzaminu maturalnego w liceach ogólnokształcących,"Wskaźnik zdawalności matur w liceach -procent uczniów klas III liceów ogólnokształcących, którzy zdali egzamin maturalny.",2024,90.00,,90.00
powiat brzeski,EDUKACJA,Wyniki egzaminu ósmoklasisty – język polski,"Wyrażony w % średni wynik uczniów uzyskiwany na egzaminie ósmoklasisty w części z języka polskiego (wskaźnik aktualizowany od 2019 roku, w którym uczniowie szkół podstawowych po raz pierwszy przystąpili do egzaminu ósmoklasisty)",2024,61.95,,61.95
powiat brzeski,EDUKACJA,Wyniki egzaminu ósmoklasisty – język angielski podstawowy,"Wyrażony w % średni wynik uczniów uzyskiwany na egzaminie ósmoklasisty w części podstawowej z języka angielskiego (wskaźnik aktualizowany od 2019 roku, w którym uczniowie szkół podstawowych po raz pierwszy przystąpili do egzaminu ósmoklasisty)",2024,61.41,,61.41
powiat brzeski,EDUKACJA,Wyniki egzaminu ósmoklasisty – matematyka,"Wyrażony w % średni wynik uczniów uzyskiwany na egzaminie ósmoklasisty w części z matematyki (wskaźnik aktualizowany od 2019 roku, w którym uczniowie szkół podstawowych po raz pierwszy przystąpili do egzaminu ósmoklasisty)",2024,50.88,,50.88
powiat brzeski,EDUKACJA,Wybory edukacyjne ósmoklasistów – technikum,"Wyrażony w % udział absolwentów szkół podstawowych, którzy wybrali technikum jako miejsce dalszego kształcenia. Wskaźnik obliczony na podstawie liczby uczniów w klasie pierwszej technikum. (wskaźnik aktualizowany od 2020 roku po ostatecznym wygaszeniu szkół gimnazjalnych)",2024,47.96,,47.96
powiat brzeski,EDUKACJA,Wybory edukacyjne ósmoklasistów – liceum ogólnokształcące,"Wyrażony w % udział absolwentów szkół podstawowych, którzy wybrali liceum ogólnokształcące jako miejsce dalszego kształcenia. Wskaźnik obliczony na podstawie liczby uczniów w klasie pierwszej liceów ogólnokształcących. (wskaźnik aktualizowany od 2020 roku po ostatecznym wygaszeniu szkół gimnazjalnych)",2024,15.68,,15.68
powiat brzeski,EDUKACJA,Wybory edukacyjne ósmoklasistów – szkoła branżowa I stopnia,"Wyrażony w % udział absolwentów szkół podstawowych, którzy wybrali szkołę branżową I stopnia jako miejsce dalszego kształcenia. Wskaźnik obliczony na podstawie liczby uczniów w klasie pierwszej szkół branżowych I stopnia. (wskaźnik aktualizowany od 2020 roku po ostatecznym wygaszeniu szkół gimnazjalnych)",2024,36.36,,36.36
powiat brzeski,RYNEK PRACY,Stopa bezrobocia,"Stopa bezrobocia - procentowy udział liczby bezrobotnych w liczbie ludności aktywnej zawodowo (tzn. pracującej i bezrobotnej). Przez bezrobotnych ( za Ustawą z dnia 20 kwietnia 2004 r. o promocji zatrudnienia i instytucjach rynku pracy) rozumiemy osoby niezatrudnione i nie wykonujące innej pracy zarobkowej, zdolne i gotowe do podjęcia zatrudnienia w pełnym wymiarze czasu pracy (bądź jeśli są to osoby niepełnosprawne - zdolne i gotowe do podjęcia zatrudnienia co najmniej w połowie tego wymiaru czasu pracy), nieuczące się w szkole z wyjątkiem szkół dla dorosłych lub szkół wyższych w systemie wieczorowym albo zaocznym, zarejestrowane we właściwym dla miejsca zameldowania (stałego lub czasowego) powiatowym urzędzie pracy oraz poszukujące zatrudnienia lub innej pracy zarobkowej, jeżeli spełniają określone w Ustawie warunki.",2024,5.00,,5.00
powiat brzeski,RYNEK PRACY,Bezrobocie kobiet,"Bezrobocie kobiet - Wyrażony w % udział bezrobotnych kobiet w liczbie bezrobotnych ogółem. Do kategorii osób bezrobotnych wlicza się wyłącznie osoby zarejestrowane w powiatowych urzędach pracy. Przez bezrobotnych ( za Ustawą z dnia 20 kwietnia 2004 r. o promocji zatrudnienia i instytucjach rynku pracy) rozumiemy osoby niezatrudnione i nie wykonujące innej pracy zarobkowej, zdolne i gotowe do podjęcia zatrudnienia w pełnym wymiarze czasu pracy (bądź jeśli są to osoby niepełnosprawne - zdolne i gotowe do podjęcia zatrudnienia co najmniej w połowie tego wymiaru czasu pracy), nieuczące się w szkole z wyjątkiem szkół dla dorosłych lub szkół wyższych w systemie wieczorowym albo zaocznym, zarejestrowane we właściwym dla miejsca zameldowania (stałego lub czasowego) powiatowym urzędzie pracy oraz poszukujące zatrudnienia lub innej pracy zarobkowej, jeżeli spełniają określone w Ustawie warunki.",2024,56.95,,56.95
powiat brzeski,RYNEK PRACY,Bezrobocie rodzinne,"Odsetek osób bezrobotnych zamieszkujących gospodarstwo domowe, w którym dwie lub więcej osób pozostaje na bezrobociu. Dane dla powiatu tarnowskiego i Tarnowa przedstawione zostały łącznie. Dane obrazują stan na 31 XII danego roku.",2024,13.53,%,13.53%
powiat brzeski,RYNEK PRACY,Bezrobotni dłużej niż 1 rok,"Wyrażony w % udział bezrobotnych dłużej niż 1 rok w liczbie bezrobotnych ogółem. Do kategorii osób bezrobotnych wlicza się wyłącznie osoby zarejestrowane w powiatowych urzędach pracy. Przez bezrobotnych ( za Ustawą z dnia 20 kwietnia 2004 r. o promocji zatrudnienia i instytucjach rynku pracy) rozumiemy osoby niezatrudnione i nie wykonujące innej pracy zarobkowej, zdolne i gotowe do podjęcia zatrudnienia w pełnym wymiarze czasu pracy (bądź jeśli są to osoby niepełnosprawne - zdolne i gotowe do podjęcia zatrudnienia co najmniej w połowie tego wymiaru czasu pracy), nieuczące się w szkole z wyjątkiem szkół dla dorosłych lub szkół wyższych w systemie wieczorowym albo zaocznym, zarejestrowane we właściwym dla miejsca zameldowania (stałego lub czasowego) powiatowym urzędzie pracy oraz poszukujące zatrudnienia lub innej pracy zarobkowej, jeżeli spełniają określone w Ustawie warunki.",2024,37.90,,37.90
powiat brzeski,RYNEK PRACY,Bezrobotni z wykształceniem gimnazjalnym i niższym,"Wyrażony w % udział bezrobotnych z wykształceniem gimnazjalnym i niższym w liczbie bezrobotnych ogółem. Do kategorii osób bezrobotnych wlicza się wyłącznie osoby zarejestrowane w powiatowych urzędach pracy. Przez bezrobotnych ( za Ustawą z dnia 20 kwietnia 2004 r. o promocji zatrudnienia i instytucjach rynku pracy) rozumiemy osoby niezatrudnione i nie wykonujące innej pracy zarobkowej, zdolne i gotowe do podjęcia zatrudnienia w pełnym wymiarze czasu pracy (bądź jeśli są to osoby niepełnosprawne - zdolne i gotowe do podjęcia zatrudnienia co najmniej w połowie tego wymiaru czasu pracy), nieuczące się w szkole z wyjątkiem szkół dla dorosłych lub szkół wyższych w systemie wieczorowym albo zaocznym, zarejestrowane we właściwym dla miejsca zameldowania (stałego lub czasowego) powiatowym urzędzie pracy oraz poszukujące zatrudnienia lub innej pracy zarobkowej, jeżeli spełniają określone w Ustawie warunki.",2024,16.25,,16.25
powiat brzeski,RYNEK PRACY,Bezrobotni w wieku poniżej 25 lat,"Wyrażony w % udział bezrobotnych poniżej 25. roku życia w liczbie bezrobotnych ogółem. Do kategorii osób bezrobotnych wlicza się wyłącznie osoby zarejestrowane w powiatowych urzędach pracy. Przez bezrobotnych ( za Ustawą z dnia 20 kwietnia 2004 r. o promocji zatrudnienia i instytucjach rynku pracy) rozumiemy osoby niezatrudnione i nie wykonujące innej pracy zarobkowej, zdolne i gotowe do podjęcia zatrudnienia w pełnym wymiarze czasu pracy (bądź jeśli są to osoby niepełnosprawne - zdolne i gotowe do podjęcia zatrudnienia co najmniej w połowie tego wymiaru czasu pracy), nieuczące się w szkole z wyjątkiem szkół dla dorosłych lub szkół wyższych w systemie wieczorowym albo zaocznym, zarejestrowane we właściwym dla miejsca zameldowania (stałego lub czasowego) powiatowym urzędzie pracy oraz poszukujące zatrudnienia lub innej pracy zarobkowej, jeżeli spełniają określone w Ustawie warunki.",2024,20.04,,20.04
powiat brzeski,RYNEK PRACY,Bezrobotni w wieku 25-34 lata,"Wyrażony w % udział bezrobotnych w wieku 25-34 lata w liczbie bezrobotnych ogółem. Do kategorii osób bezrobotnych wlicza się wyłącznie osoby zarejestrowane w powiatowych urzędach pracy. Przez bezrobotnych ( za Ustawą z dnia 20 kwietnia 2004 r. o promocji zatrudnienia i instytucjach rynku pracy) rozumiemy osoby niezatrudnione i nie wykonujące innej pracy zarobkowej, zdolne i gotowe do podjęcia zatrudnienia w pełnym wymiarze czasu pracy (bądź jeśli są to osoby niepełnosprawne - zdolne i gotowe do podjęcia zatrudnienia co najmniej w połowie tego wymiaru czasu pracy), nieuczące się w szkole z wyjątkiem szkół dla dorosłych lub szkół wyższych w systemie wieczorowym albo zaocznym, zarejestrowane we właściwym dla miejsca zameldowania (stałego lub czasowego) powiatowym urzędzie pracy oraz poszukujące zatrudnienia lub innej pracy zarobkowej, jeżeli spełniają określone w Ustawie warunki.",2024,23.77,,23.77
powiat brzeski,RYNEK PRACY,Bezrobotni w wieku 55 lat i więcej,"Wyrażony w % udział bezrobotnych powyżej 55. roku życia w liczbie bezrobotnych ogółem. Do kategorii osób bezrobotnych wlicza się wyłącznie osoby zarejestrowane w powiatowych urzędach pracy. Przez bezrobotnych ( za Ustawą z dnia 20 kwietnia 2004 r. o promocji zatrudnienia i instytucjach rynku pracy) rozumiemy osoby niezatrudnione i nie wykonujące innej pracy zarobkowej, zdolne i gotowe do podjęcia zatrudnienia w pełnym wymiarze czasu pracy (bądź jeśli są to osoby niepełnosprawne - zdolne i gotowe do podjęcia zatrudnienia co najmniej w połowie tego wymiaru czasu pracy), nieuczące się w szkole z wyjątkiem szkół dla dorosłych lub szkół wyższych w systemie wieczorowym albo zaocznym, zarejestrowane we właściwym dla miejsca zameldowania (stałego lub czasowego) powiatowym urzędzie pracy oraz poszukujące zatrudnienia lub innej pracy zarobkowej, jeżeli spełniają określone w Ustawie warunki.",2024,15.42,,15.42
powiat brzeski,RYNEK PRACY,Prowadzący działalność gospodarczą,Osoby fizyczne prowadzące działalność gospodarczą na 100 osób w wieku produkcyjnym. Dane bez osób prowadzących gospodarstwa indywidualne w rolnictwie.,2024,14.48,,14.48
powiat brzeski,RYNEK PRACY,Zatrudnienie w branży finansowej i nieruchomościach,"Wyrażony w % udział pracujących w branży finansowej i nieruchomościach w stosunku do ogółu pracujących. Dane do 2021 roku bez podmiotów gospodarczych o liczbie pracujących do 9 osób. Podział branż jest zgodny z PKD 2007. Dotyczy sekcji: ""Działalność finansowa i ubezpieczeniowa; obsługa rynku nieruchomości"". W związku z wprowadzonymi zmianami metodologicznymi w pozyskiwaniu danych dotyczących: pracujących, zatrudnionych oraz przeciętnego zatrudnienia według PKD, dane od 2022 roku nie mogą być porównywane z danymi dla lat poprzednich.",2024,0.81,,0.81
powiat brzeski,RYNEK PRACY,Zatrudnienie w rolnictwie,"Wyrażony w % udział pracujących w rolnictwie w stosunku do ogółu pracujących. Dane łącznie z rolnictwem indywidualnym. Dane dotyczące pracujących w gospodarstwach indywidualnych w rolnictwie według stanu w dniu 31 XII w latach 2002-2009 wyszacowano na podstawie wyników Narodowego Spisu Powszechnego Ludności i Mieszkań oraz Powszechnego Spisu Rolnego 2002 oraz w 2010 r. na podstawie Powszechnego Spisu Rolnego 2010. Podział branż jest zgodny z PKD 2007. Dotyczy sekcji: ""Rolnictwo, leśnictwo, łowiectwo i rybactwo"". W związku z wprowadzonymi zmianami metodologicznymi w pozyskiwaniu danych dotyczących: pracujących, zatrudnionych oraz przeciętnego zatrudnienia według PKD, dane od 2022 roku nie mogą być porównywane z danymi dla lat poprzednich.",2024,28.94,,28.94
powiat brzeski,RYNEK PRACY,Zatrudnienie w przemyśle i budownictwie,"Wyrażony w % udział pracujących w przemyśle i budownictwie w stosunku do ogółu pracujących. Dane do 2021 roku bez podmiotów gospodarczych o liczbie pracujących do 9 osób. Podział branż jest zgodny z PKD 2007. Pod pojęciem ""Przemysł i budownictwo"" rozumie się sekcje: ""Górnictwo i wydobywanie""; ""Przetwórstwo przemysłowe""; ""Wytwarzanie i zaopatrywanie w energię elektryczną, gaz, parę wodną i gorącą wodę""; ""Dostawa wody; gospodarowanie ściekami i odpadami; rekultywacja"" oraz ""Budownictwo"". W związku z wprowadzonymi zmianami metodologicznymi w pozyskiwaniu danych dotyczących: pracujących, zatrudnionych oraz przeciętnego zatrudnienia według PKD, dane od 2022 roku nie mogą być porównywane z danymi dla lat poprzednich.",2024,28.94,,28.94
powiat brzeski,RYNEK PRACY,"Zatrudnienie w handlu, transporcie, turystyce, informacji i komunikacji","Wyrażony w % udział pracujących w handlu, transporcie, turystyce, informacji i komunikacji w stosunku do ogółu pracujących. Dane do 2021 roku bez podmiotów gospodarczych o liczbie pracujących do 9 osób. Podział branż jest zgodny z PKD 2007. Dotyczy sekcji: ""Handel""; ""Naprawa pojazdów samochodowych""; ""Transport i gospodarka magazynowa""; ""Zakwaterowanie i gastronomia"" oraz ""Informacja i komunikacja"". W związku z wprowadzonymi zmianami metodologicznymi w pozyskiwaniu danych dotyczących: pracujących, zatrudnionych oraz przeciętnego zatrudnienia według PKD, dane od 2022 roku nie mogą być porównywane z danymi dla lat poprzednich.",2024,16.66,,16.66
powiat brzeski,RYNEK PRACY,Zatrudnienie w pozostałych usługach,"Wyrażony w % udział pracujących w pozostałych usługach w stosunku do ogółu pracujących. Dane do 2021 roku bez podmiotów gospodarczych o liczbie pracujących do 9 osób. Podział branż jest zgodny z PKD 2007. Pod pojęciem ""Pozostałe usługi"" rozumie się sekcje: ""Działalność profesjonalna, naukowa i techniczna""; ""Administrowanie i działalność wspierająca""; ""Administracja publiczna i obrona narodowa, obowiązkowe zabezpieczenia społeczne""; ""Edukacja""; ""Opieka zdrowotna i pomoc społeczna""; ""Działalność związana z kulturą rozrywką i rekreacją"" oraz ""Pozostała działalność usługowa"". W związku z wprowadzonymi zmianami metodologicznymi w pozyskiwaniu danych dotyczących: pracujących, zatrudnionych oraz przeciętnego zatrudnienia według PKD, dane od 2022 roku nie mogą być porównywane z danymi dla lat poprzednich.",2024,24.32,,24.32
powiat brzeski,MOBILNOŚĆ,Saldo migracji stałych,"Wskaźnik migracji stałych - różnica między napływem a odpływem ludności z danego obszaru w danym czasie. Saldo migracji stałych uwzględnia zarazem dane ze stałych migracji zewnętrznych jak i wewnętrznych. Migracje stałe to takie, które wiążą się ze zmianą miejsca zamieszkania na pobyt stały. W świetle prawa polskiego, tego typu migracje związane są z dokonaniem w biurze ewidencji ludności zameldowania lub wymeldowania. W 2015 roku GUS zrezygnował z opublikowania danych dotyczących migracji zagranicznych z powodu braku ich kompletności. Dlatego niemożliwe było określenie poziomu migracji stałych za rok 2015.",2024,-110.00,,-110.00
powiat brzeski,MOBILNOŚĆ,Saldo migracji zagranicznych,Wskaźnik migracji zagranicznych - różnica między odpływem zagranicę a napływem do kraju ludności w danym czasie.,2024,32.00,,32.00
powiat brzeski,BUDŻETY GMIN,Wydatki budżetów gmin ogółem,"Wskaźnik wydatków gmin - wydatki budżetów gmin i miast na prawach powiatów w przeliczeniu na jednego mieszkańca. Dane stanowią sumę wydatków na rolnictwo, transport, gospodarkę komunalną, gosp. mieszkaniową, oświatę i wychowanie, kulturę i sztukę, ochronę zdrowia, kulturę fizyczną i sport, a także wydatki na administrację samorządową. Wydatki te są sklasyfikowane w rozporządzeniu Ministra Finansów z dnia 14 czerwca 2006 r. w sprawie szczegółowej klasyfikacji dochodów, wydatków, przychodów i rozchodów oraz środków pochodzących ze źródeł zagranicznych (Dz. U. 2006 r. Nr 107, poz.726, z późn. zm.). Wartości podawane są w złotówkach.",2024,7113.29,,7113.29
powiat brzeski,BUDŻETY GMIN,Wydatki budżetów gmin - oświata i wychowanie,"Wskaźnik wydatków gmin na oświatę i wychowanie - wydatki budżetów gmin i miast na prawach powiatów na oświatę i wychowanie w przeliczeniu na jednego mieszkańca. Dane stanowią sumę wydatków sklasyfikowanych w dziale 801 rozporządzenia Ministra Finansów z dnia 14 czerwca 2006 r. w sprawie szczegółowej klasyfikacji dochodów, wydatków, przychodów i rozchodów oraz środków pochodzących ze źródeł zagranicznych (Dz. U. 2006 r. Nr 107, poz.726, z późn. zm.). Wartości podawane są w złotówkach.",2024,3188.62,,3188.62
powiat brzeski,BUDŻETY GMIN,Wydatki budżetów gmin - kultura,"Wskaźnik wydatków gmin na kulturę i ochronę dziedzictwa narodowego - wydatki budżetów gmin i miast na prawach powiatów na kulturę i ochronę dziedzictwa narodowego w przeliczeniu na jednego mieszkańca. Dane stanowią sumę wydatków sklasyfikowanych w dziale 921 rozporządzenia Ministra Finansów z dnia 14 czerwca 2006 r. w sprawie szczegółowej klasyfikacji dochodów, wydatków, przychodów i rozchodów oraz środków pochodzących ze źródeł zagranicznych (Dz. U. 2006 r. Nr 107, poz.726, z późn. zm.). Wartości podawane są w złotówkach.",2024,199.44,,199.44
powiat brzeski,BUDŻETY GMIN,Wydatki budżetów gmin - pomoc społeczna,"Wskaźnik wydatków gmin na pomoc społeczną - wydatki budżetów gmin i miast na prawach powiatów na pomoc społeczną i pozostałe zadania w zakresie polityki społecznej w przeliczeniu na jednego mieszkańca. Dane stanowią sumę wydatków sklasyfikowanych w działach 852 i 853 rozporządzenia Ministra Finansów z dnia 14 czerwca 2006 r. w sprawie szczegółowej klasyfikacji dochodów, wydatków, przychodów i rozchodów oraz środków pochodzących ze źródeł zagranicznych (Dz. U. 2006 r. Nr 107, poz.726, z późn. zm.). Dane podawane są w złotówkach.",2024,420.51,,420.51
powiat chrzanowski,LUDNOŚĆ,Ludność ogółem,Liczba ludności zamieszkałej na danym terenie (dane zgodnie z faktycznym miejscem zamieszkania wg podziału administracyjnego na dzień 31 XII).,2024,117756,,117756
powiat chrzanowski,LUDNOŚĆ,Ludność w wieku przedprodukcyjnym,Udział ludności w wieku przedprodukcyjnym w liczbie ludności ogółem. Przez ludność w wieku przedprodukcyjnym rozumie się ludność w wieku do 17 roku życia.,2024,16.18,%,16.18%
powiat chrzanowski,LUDNOŚĆ,Ludność w wieku produkcyjnym,"Udział ludności w wieku produkcyjnym w liczbie ludności ogółem. Przez ludność w wieku produkcyjnym rozumie się ludność w wieku zdolności do pracy. Dla mężczyzn przyjęto wiek 18-64 lata, dla kobiet 18-59 lat.",2024,57.05,%,57.05%
powiat chrzanowski,LUDNOŚĆ,Ludność w wieku poprodukcyjnym,Udział ludności w wieku emerytalnym w liczbie ludności ogółem. Przez ludność w wieku poprodukcyjnym rozumie się ludność w wieku od 64 lat - dla mężczyzn i od 59 lat - dla kobiet.,2024,26.77,%,26.77%
powiat chrzanowski,LUDNOŚĆ,Ludność w wieku 60+,Udział ludności w wieku 60 i więcej lat w liczbie ludności ogółem.,2024,30.03,%,30.03%
powiat chrzanowski,LUDNOŚĆ,Wskaźnik podwójnego starzenia,Udział osób w wieku 80 i więcej lat w grupie osób wieku 60 i więcej lat.,2024,16.69,%,16.69%
powiat chrzanowski,LUDNOŚĆ,Wskaźnik wsparcia osób najstarszych,Liczba osób w wieku 85 lat i więcej przypadająca na 100 osób w wieku 50–64 lata,2024,13,,13
powiat chrzanowski,LUDNOŚĆ,Potencjał pielęgnacyjny,Liczba kobiet w wieku 45-64 lata (potencjalnych opiekunów rodzinnych) przypadających na 100 osób w wieku 80 i więcej lat,2024,286,,286
powiat chrzanowski,LUDNOŚĆ,Wskaźnik obciążenia demograficznego,Wskaźnik obciążenia demograficznego - ludność w wieku nieprodukcyjnym przypadająca na 100 osób w wieku produkcyjnym. Przez ludność w wieku produkcyjnym rozumie się osoby w wieku zdolności do pracy tj. mężczyźni w wieku 18 - 64 lat oraz kobiety w wieku 18 - 59.,2024,75.30,,75.30
powiat chrzanowski,LUDNOŚĆ,Przyrost naturalny na 1 000 ludności,Różnica między liczbą urodzeń żywych a liczbą zgonów w danym roku (bez rozróżnienia na płeć).,2024,-6.96,,-6.96
powiat chrzanowski,LUDNOŚĆ,Wskaźnik feminizacji,Wskaźnik feminizacji - wielkość demograficzna określająca ile kobiet przypada na 100 mężczyzn na danym terenie.,2024,107.46,,107.46
powiat chrzanowski,LUDNOŚĆ,Wskaźnik maskulinizacji,Wskaźnik maskulinizacji - wielkość demograficzna określająca ilu mężczyzn przypada na 100 kobiet na danym terenie.,2024,93.06,,93.06
powiat chrzanowski,LUDNOŚĆ,Wskaźnik gęstości zaludnienia,Wskaźnik gęstości zaludnienia - liczba mieszkańców przypadająca na 1 km².,2024,318.40,,318.40
powiat chrzanowski,LUDNOŚĆ,Wskaźnik urbanizacji,"Wskaźnik urbanizacji - udział mieszkańców miast w liczbie mieszkańców ogółem. Do wyliczenia wskaźnika posłużono się danymi na temat ludności faktycznie zamieszkałej na dzień 31 XII każdego roku. Ludnośc faktycznie zamieszkała obejmuje: a) stałych mieszkańców, z wyjatkiem osób przebywających poza miejscem zamieszkania przez okres powyżej 3 miesięcy w kraju oraz obejmuje wszystkie osoby przebywajace za granicą (bez względu na okres ich nieobecności) b) osoby przebywające czasowo przez okres powyżej 3 miesięcy, przybyłe z innego miejsca w kraju. Dane za lata 2010 - 2021 bazują na wynikach Narodowego Spisu Powszechnego Ludności i Mieszkań 2011.",2024,60.14,%,60.14%
powiat chrzanowski,LUDNOŚĆ,Małżeństwa na 1000 mieszkańców,Liczba zawartych małżeństw w przeliczeniu na 1000 mieszkańców.,2024,2.90,,2.90
powiat chrzanowski,LUDNOŚĆ,Urodzenia na 1000 mieszkańców,Liczba urodzeń żywych w przeliczeniu na 1000 mieszkańców.,2024,5.30,,5.30
powiat chrzanowski,LUDNOŚĆ,Zgony na 1000 mieszkańców,Liczba zgonów w przeliczeniu na 1000 mieszkańców.,2024,12.26,,12.26
powiat chrzanowski,LUDNOŚĆ,Wskaźnik/ indeks starości,"Relacja pokoleniowa dziadków i wnuczków, tj. liczba osób w wieku 65 i więcej lat przypadająca na 100 osób w wieku 0-14 lat",2024,176,,176
powiat chrzanowski,LUDNOŚĆ,Ludność w wieku 65+/ Współczynnik starości demograficznej,Relacja liczby osób w starszym wieku (65 lat i więcej) do ogólnej liczby ludności.,2024,23.09,%,23.09%
powiat chrzanowski,LUDNOŚĆ,Wskaźnik potencjalnego wsparcia,Liczba osób w wieku 15-64 lata przypadająca na 100 osób w wieku 65 lat i więcej. Przedstawia tzw. obciążenie - ile osób hipotetycznie pozostających na rynku pracy przypada na 1 osobę (100 osób) będącą już poza rykiem pracy (odwrotność cząstkowego współczynnika obciążenia demograficznego osobami starszymi).,2024,276,,276
powiat chrzanowski,POMOC SPOŁECZNA - K,Liczba mieszkańców na 1 pracownika socjalnego,Liczba mieszkańców przypadająca na jednego pracownika socjalnego zatrudnionego w ośrodku pomocy społecznej.,2024,1659,,1659
powiat chrzanowski,POMOC SPOŁECZNA - K,Pracownicy socjalni OPS posiadający wyższe wykształcenie,Udział pracowników socjalnych posiadających wyższe wykształcenie w ogólnej licznie pracowników socjalnych.,2024,86.30,%,86.30%
powiat chrzanowski,POMOC SPOŁECZNA - K,Pracownicy socjalni OPS posiadający I stopień specjalizacji w zawodzie pracownik socjalny,Udział pracowników socjalnych OPS posiadających I stopień specjalizacji w zawodzie pracownik socjalny w ogólnej liczbie pracowników socjalnych.,2024,9.59,%,9.59%
powiat chrzanowski,POMOC SPOŁECZNA - K,Pracownicy socjalni OPS posiadający II stopień specjalizacji w zawodzie pracownik socjalny,Udział pracowników socjalnych posiadających II stopień specjalizacji w zawodzie pracownik socjalny w ogólnej liczbie pracowników socjalnych.,2024,13.70,%,13.70%
powiat chrzanowski,POMOC SPOŁECZNA - P,Alkoholizm,Odsetek klientów pomocy społecznej korzystających ze wsparcia z powodu alkoholizmu (na podstawie danych o rzeczywistej liczbie osób w rodzinach objętych pomocą społeczną).,2024,9.42,%,9.42%
powiat chrzanowski,POMOC SPOŁECZNA - P,Bezdomność,Odsetek klientów pomocy społecznej korzystających ze wsparcia z powodu bezdomności (na podstawie danych o rzeczywistej liczbie osób w rodzinach objętych pomocą społeczną).,2024,4.35,%,4.35%
powiat chrzanowski,POMOC SPOŁECZNA - P,Bezradność w sprawach opiekuńczo-wychowawczych i prowadzenia gosp. dom.,Odsetek klientów pomocy społecznej korzystających ze wsparcia z powodu bezradności w sprawach opiekuńczo-wychowawczych i prowadzenia gospodarstwa domowego (na podstawie danych o rzeczywistej liczbie osób w rodzinach objętych pomocą społeczną).,2024,35.33,%,35.33%
powiat chrzanowski,POMOC SPOŁECZNA - P,Bezrobocie,Odsetek klientów pomocy społecznej korzystających ze wsparcia z powodu bezrobocia (na podstawie danych o rzeczywistej liczbie osób w rodzinach objętych pomocą społeczną).,2024,43.06,%,43.06%
powiat chrzanowski,POMOC SPOŁECZNA - P,Długotrwała lub ciężka choroba,Odsetek klientów pomocy społecznej korzystających ze wsparcia z powodu długotrwałej bądź ciężkiej choroby (na podstawie danych o rzeczywistej liczbie osób w rodzinach objętych pomocą społeczną).,2024,70.30,%,70.30%
powiat chrzanowski,POMOC SPOŁECZNA - P,Narkomania,Odsetek klientów pomocy społecznej korzystających ze wsparcia z powodu narkomanii (na podstawie danych o rzeczywistej liczbie osób w rodzinach objętych pomocą społeczną).,2024,0.96,%,0.96%
powiat chrzanowski,POMOC SPOŁECZNA - P,Niepełnosprawność,Odsetek klientów pomocy społecznej korzystających ze wsparcia z powodu niepełnosprawności (na podstawie danych o rzeczywistej liczbie osób w rodzinach objętych pomocą społeczną).,2024,40.39,%,40.39%
powiat chrzanowski,POMOC SPOŁECZNA - P,Potrzeba ochrony macierzyństwa,Odsetek klientów pomocy społecznej korzystających ze wsparcia z powodu potrzeby ochrony macierzyństwa (na podstawie danych o rzeczywistej liczbie osób w rodzinach objętych pomocą społeczną).,2024,21.16,%,21.16%
powiat chrzanowski,POMOC SPOŁECZNA - P,Przemoc domowa,Odsetek klientów pomocy społecznej korzystających ze wsparcia z powodu przemocy domowej (na podstawie danych o rzeczywistej liczbie osób w rodzinach objętych pomocą społeczną).,2024,1.33,%,1.33%
powiat chrzanowski,POMOC SPOŁECZNA - P,Sieroctwo,Odsetek klientów pomocy społecznej korzystających ze wsparcia z powodu sieroctwa (na podstawie danych o rzeczywistej liczbie osób w rodzinach objętych pomocą społeczną).,2024,0.21,%,0.21%
powiat chrzanowski,POMOC SPOŁECZNA - P,Sytuacja kryzysowa,Odsetek klientów pomocy społecznej korzystających ze wsparcia z powodu sytuacji kryzysowej (na podstawie danych o rzeczywistej liczbie osób w rodzinach objętych pomocą społeczną).,2024,0.21,%,0.21%
powiat chrzanowski,POMOC SPOŁECZNA - P,Ubóstwo,Odsetek klientów pomocy społecznej korzystających ze wsparcia z powodu ubóstwa (na podstawie danych o rzeczywistej liczbie osób w rodzinach objętych pomocą społeczną).,2024,53.44,%,53.44%
powiat chrzanowski,POMOC SPOŁECZNA - P,Wielodzietność,Odsetek klientów pomocy społecznej korzystających ze wsparcia z powodu wielodzietności (na podstawie danych o rzeczywistej liczbie osób w rodzinach objętych pomocą społeczną).,2024,16.20,%,16.20%
powiat chrzanowski,POMOC SPOŁECZNA - P,Zdarzenie losowe,Odsetek klientów pomocy społecznej korzystających ze wsparcia z powodu zdarzenia losowego (na podstawie danych o rzeczywistej liczbie osób w rodzinach objętych pomocą społeczną).,2024,0.37,%,0.37%
powiat chrzanowski,POMOC SPOŁECZNA - B,Beneficjenci pomocy społecznej,"Udział osób korzystających z pomocy społecznej w liczbie ludności ogółem - na podstawie danych o rzeczywistej liczbie osób w rodzinach objętych pomocą społeczną (świadczenia przyznane w ramach zadań zleconych i własnych bez względu na rodzaj, formę, liczbę oraz źródło finansowania).",2024,3.18,%,3.18%
powiat chrzanowski,POMOC SPOŁECZNA - B,Rodziny niepełne objęte pomocą społeczną,"Wskaźnik pomocy społecznej udzielonej rodzinom niepełnym - udział rodzin niepełnych objętych pomocą (w której skład wchodzi jedno z rodziców z dzieckiem/ dziećmi) w liczbie wszystkich rodzin z dziećmi, którym udzielono pomocy.",2024,64.58,%,64.58%
powiat chrzanowski,POMOC SPOŁECZNA - B,Rodziny wielodzietne objęte pomocą społeczną,"Wskaźnik pomocy społecznej udzielonej rodzinom wielodzietnym - udział rodzin wielodzietnych (3 dzieci i więcej) objętych pomocą w liczbie wszystkich rodzin z dziećmi, którym udzielono pomocy.",2024,28.13,%,28.13%
powiat chrzanowski,POMOC SPOŁECZNA - B,Rodziny emerytów i rencistów objęte pomocą społeczną,"Wskaźnik pomocy społecznej udzielonej rodzinom emerytów i rencistów - udział rodzin emerytów i rencistów objętych pomocą w liczbie wszystkich rodzin, którym udzielono pomocy.",2024,28.09,%,28.09%
powiat chrzanowski,POMOC SPOŁECZNA - B,Pensjonariusze DPS nieopuszczający łóżek,Odsetek pensjonariuszy Domów Pomocy Społecznej nieopuszczających łóżek. Dane na temat liczby mieszkańców Domów Pomocy Społecznej zebrano wg. stanu na dzień 31 grudnia. W statystykach uwzględniono mieszkańców Domów Pomocy Społecznej i podmiotów niepublicznych w roku sprawozdawczym.,2024,0.00,%,0.00%
powiat chrzanowski,POMOC SPOŁECZNA - B,Pensjonariusze DPS do 18 roku życia,Odsetek pensjonariuszy Domów Pomocy Społecznej w wieku do18 roku życia. Dane na temat liczby mieszkańców Domów Pomocy Społecznej zebrano wg. stanu na dzień 31 grudnia. W statystykach uwzględniono mieszkańców Domów Pomocy Społecznej i podmiotów niepublicznych w roku sprawozdawczym.,2024,0.00,%,0.00%
powiat chrzanowski,POMOC SPOŁECZNA - B,Pensjonariusze DPS w wieku 19-40 lat,Odsetek pensjonariuszy Domów Pomocy Społecznej wieku 19-40 lat. Dane na temat liczby mieszkańców Domów Pomocy Społecznej zebrano wg. stanu na dzień 31 grudnia. W statystykach uwzględniono mieszkańców Domów Pomocy Społecznej i podmiotów niepublicznych w roku sprawozdawczym.,2024,6.00,%,6.00%
powiat chrzanowski,POMOC SPOŁECZNA - B,Pensjonariusze DPS w wieku 41-60 lat,Odsetek pensjonariuszy Domów Pomocy Społecznej wieku 41-60 lat. Dane na temat liczby mieszkańców Domów Pomocy Społecznej zebrano wg. stanu na dzień 31 grudnia. W statystykach uwzględniono mieszkańców Domów Pomocy Społecznej i podmiotów niepublicznych w roku sprawozdawczym.,2024,35.00,%,35.00%
powiat chrzanowski,POMOC SPOŁECZNA - B,Pensjonariusze DPS w wieku 61-74 lat,Odsetek pensjonariuszy Domów Pomocy Społecznej wieku 60-74 lat. Dane na temat liczby mieszkańców Domów Pomocy Społecznej zebrano wg. stanu na dzień 31 grudnia. W statystykach uwzględniono mieszkańców Domów Pomocy Społecznej i podmiotów niepublicznych w roku sprawozdawczym.,2024,44.00,%,44.00%
powiat chrzanowski,POMOC SPOŁECZNA - B,Pensjonariusze DPS w wieku powyżej 74 lat,Odsetek pensjonariuszy Domów Pomocy Społecznej wieku powyżej 74 lat. Dane na temat liczby mieszkańców Domów Pomocy Społecznej zebrano wg. stanu na dzień 31 grudnia. W statystykach uwzględniono mieszkańców Domów Pomocy Społecznej i podmiotów niepublicznych w roku sprawozdawczym.,2024,15.00,%,15.00%
powiat chrzanowski,Sheet6,Świadczenia pieniężne z pomocy społecznej,Odsetek korzystających ze świadczeń pieniężnych w ogólnej liczbie świadczeniobiorców pomocy społecznej (liczba osób w rodzinach),2024,83.56,%,83.56%
powiat chrzanowski,Sheet6,Świadczenia niepieniężne z pomocy społecznej,Odsetek korzystających ze świadczeń niepieniężnych w ogólnej liczbie świadczeniobiorców pomocy społecznej (liczba osób w rodzinach),2024,51.79,%,51.79%
powiat chrzanowski,Sheet6,Osoby korzystające z usług opiekuńczych i specjalistycznych usług opiekuńczych,Liczba osób korzystających z usług opiekuńczych (w tym specjalistycznych usług opiekuńczych).,2024,483,,483
powiat chrzanowski,Sheet6,Osoby korzystające ze specjalistycznych usług opiekuńczych dla osób z zaburzeniami psychicznymi,Liczba osób korzystających ze specjalistycznych usług opiekuńczych w miejscu zamieszkania dla osób z zaburzeniami psychicznymi.,2024,26,,26
powiat chrzanowski,Sheet6,Osoby objęte kontraktami socjalnymi,Udział osób objętych kontraktami socjalnymi w ogólnej liczbie osób w rodzinach świadczeniobiorców pomocy społecznej.,2024,3.34,%,3.34%
powiat chrzanowski,Sheet6,Osoby objęte dożywianiem na 1000 mieszkańców,Wskaźnik pomocy w zakresie dożywiania - liczba osób objętych pomocą państwa w zakresie dożywiania w przeliczeniu na 1000 mieszkańców.,2024,21,,21
powiat chrzanowski,Sheet6,Udział dzieci w ogóle osób objętych dożywianiem,"Udział dzieci w liczbie wszystkich osób objętych pomocą państwa w zakresie dożywiania. Sprawozdanie z realizacji programu ""Pomoc Państwa w zakresie dożywiania"" do 2013 roku obejmowało dzieci do lat 7. Od 2014 roku w sprawozdaniu liczba dzieci jest określona na podstawie momentu rozpoczęcia nauki w szkole podstawowej.",2024,14,%,14%
powiat chrzanowski,Sheet6,Udział uczniów w ogóle osób objętych dożywianiem,Udział dzieci w wieku szkolnym (uczniowie do czasu ukończenia szkoły ponadgimnazjalnej) w liczbie wszystkich osób objętych pomocą państwa w zakresie dożywiania.,2024,22,%,22%
powiat chrzanowski,POMOC SPOŁECZNA I O,Centra integracji społecznej,Liczba centrów integracji społecznej działających na danym terenie. Stan na 31 XII.,2024,1,,1
powiat chrzanowski,POMOC SPOŁECZNA I O,Domy pomocy społecznej,Liczba domów pomocy społecznej działających na danym terenie (bez podziału na typy).,2024,1,,1
powiat chrzanowski,POMOC SPOŁECZNA I O,Dzienne domy pomocy,Liczba dziennych domów pomocy działających na danym terenie. Stan na 31 XII.,2024,1,,1
powiat chrzanowski,POMOC SPOŁECZNA I O,Placówki specjalistycznego poradnictwa - jednostki  powiatowe,"Liczba jednostek specjalistycznego poradnictwa działających w powiatach. Stan na 31 XII. Wskaźnik zasilany od 2021 r. w związku ze zmianami monitorowania danych w sprawozdaniach resortowych. Zastąpił on wskaźnik ""Placówki specjalistycznego poradnictwa""",2024,0,,0
powiat chrzanowski,POMOC SPOŁECZNA I O,Placówki specjalistycznego poradnictwa,Liczba jednostek specjalistycznego poradnictwa działających na danym terenie. Stan na 31 XII. Od 2021 roku ze względu na brak kontynuacji monitorowania danych w sprawozdaniach resortowych wskaźnik nie jest już aktualizowany.,2024,0,,0
powiat chrzanowski,POMOC SPOŁECZNA I O,Kluby integracji społecznej,Liczba klubów integracji społecznej działających na danym terenie.,2024,3,,3
powiat chrzanowski,POMOC SPOŁECZNA I O,Mieszkania treningowe oraz wspomagane,"Liczba mieszkań treningowe oraz wspomaganych działających na danym terenie. Stan na 31 XII. Do 2022 r. w systemie funkcjonowały mieszkania chronione, natomiast od 2023 r. funkcjonują mieszkania treningowe oraz wspomagane.",2024,5,,5
powiat chrzanowski,POMOC SPOŁECZNA I O,"Noclegownie, schroniska i domy dla osób bezdomnych","Liczba noclegowni, schronisk i domów dla osób bezdomnych działających na danym terenie.",2024,1,,1
powiat chrzanowski,POMOC SPOŁECZNA I O,Ośrodki interwencji kryzysowej,Liczba ośrodków interwencji kryzysowej działających na danym terenie. Stan na 31 XII.,2024,1,,1
powiat chrzanowski,POMOC SPOŁECZNA I O,Placówki opiekuńczo-wychowawcze,Liczba placówek opiekuńczo-wychowawczych działających na danym terenie (bez podziału na typy). Stan na 31 XII.,2024,3,,3
powiat chrzanowski,POMOC SPOŁECZNA I O,Placówki wsparcia dziennego,Liczba placówek wsparcia dziennego działających na danym terenie. Stan na 31 XII.,2024,9,,9
powiat chrzanowski,POMOC SPOŁECZNA I O,"Placówki zapewniające całodobową opiekę osobom niepełnosprawnym, przewlekle chorym lub osobom w podeszłym wieku","Liczba placówek zapewniających całodobową opiekę osobom niepełnosprawnym, przewlekle chorym lub osobom w podeszłym wieku działających na danym terenie (w oparciu zarówno o działalność gospodarczą, jak i o działalność statutową). Stan na 31 XII.",2024,5,,5
powiat chrzanowski,POMOC SPOŁECZNA I O,Środowiskowe domy samopomocy,Liczba środowiskowych domów samopomocy działających na danym terenie. Stan na 31 XII.,2024,2,,2
powiat chrzanowski,POMOC SPOŁECZNA I O,Zakłady aktywności zawodowej,Liczba zakładów aktywności zawodowej działających na danym terenie.,2024,0,,0
powiat chrzanowski,PIECZA ZASTĘPCZA,Stopień deinstytucjonalizacji pieczy zastępczej,"Stosunek liczby dzieci w rodzinnej pieczy zastępczej (dzieci przebywające w rodzinach zastępczych, rodzinnych domach dziecka i w placówkach opiekuńczo-wychowawczych typu rodzinnego) do liczby wszystkich dzieci w pieczy zastępczej. Do wskaźnika nie wliczono dzieci umieszczonych w rodzinach zastępczych spokrewnionych (definicja zaczerpnięta z raportu ""Postępy deinstytucjonalizacji pieczy zastępczej""; Warszawa 2018 r.). Dane zbierane przez MRiPS regularnie (co pół roku) w sprawozdaniach resortowych.",2024,73.21,%,73.21%
powiat chrzanowski,PIECZA ZASTĘPCZA,Intensywność pieczy zastępczej,"Liczba dzieci poniżej 18. roku życia przebywających w pieczy zastępczej w stosunku do liczby wszystkich dzieci w wieku poniżej 18 roku życia na danym terenie w przeliczeniu na 1000 dzieci (definicja zaczerpnięta z raportu ""Postępy deinstytucjonalizacji pieczy zastępczej""; Warszawa 2018 r.). Dane zbierane przez MRiPS regularnie (co pół roku) w sprawozdaniach resortowych.",2024,10.70,,10.70
powiat chrzanowski,PIECZA ZASTĘPCZA,Liczba rodzin zastępczych,"Liczba rodzin zastępczych funkcjonujących na danym obszarze. Rodzina zastępcza jest jedną z form rodzinnej pieczy zastępczej, sprawowanej w przypadku niemożności zapewnienia dziecku opieki i wychowania przez rodziców.",2024,130,,130
powiat chrzanowski,PIECZA ZASTĘPCZA,Liczba dzieci w rodzinach zastępczych,"Liczba dzieci wychowujących się w rodzinach zastępczych na danym obszarze. Rodzina zastępcza jest jedną z form rodzinnej pieczy zastępczej, sprawowanej w przypadku niemożności zapewnienia dziecku opieki i wychowania przez rodziców. Do roku 2011 dane pochodzą ze sprawozdania MPiPS-03; od roku 2012 dane pochodzą ze sprawozdania Ocena Zasobów Pomocy Społecznej.",2024,198,,198
powiat chrzanowski,ZDROWIE,Dostępność aptek,"Wskaźnik dostępności do aptek - liczba osób przypadająca na jedną aptekę ogólnodostępną. Apteka, zgodnie z Ustawą ""Prawo farmaceutyczne"" z dnia 6 września 2001 r. to placówka ochrony zdrowia publicznego, w której osoby uprawnione świadczą w szczególności usługi farmaceutyczne obejmujące zadania określone w ustawie.",2024,3183,,3183
powiat chrzanowski,ZDROWIE,Zgony z powodu chorób nowotworowych,Wskaźnik umieralności z powodu choroby nowotworowej - udział zgonów z powodu choroby nowotworowej w liczbie zgonów ogółem. Dane do wskaźnika pochodzą z kart statystycznych do kart zgonów.,2024,28.60,%,28.60%
powiat chrzanowski,ZDROWIE,Zgony z powodu chorób układu krążenia,Wskaźnik umieralności z powodu chorób układu krążenia - udział zgonów z powodu chorób układu krążenia w liczbie zgonów ogółem. Dane do wskaźnika pochodzą z kart statystycznych do kart zgonów.,2024,37.30,%,37.30%
powiat chrzanowski,"WYNAGRODZENIA, EMERY",Przeciętne wynagrodzenie w relacji do śr. krajowej,Wskaźnik wysokości wynagrodzeń - przeciętne miesięczne wynagrodzenia brutto w gospodarce narodowej w relacji do średniej krajowej (Polska=100%). Wskaźnik pokazuje jaki procent średniej krajowej jest osiągany na danym terenie.,2024,92.10,,92.10
powiat chrzanowski,KULTURA,Wskaźnik dostępności kin,"Wskaźnik dostępności kin - liczba osób przypadających na jedno miejsce na widowni kina. Przez ""miejsce na widowni"" rozumie się każde numerowane miejsce (zarejestrowane) wykorzystywane przez instytucję kultury do stałych prezentacji scenicznych (w stałej sali eksploatowanej przez instytucję artystyczną lub w kinie stałym do prezentacji filmów).",2024,146,,146
powiat chrzanowski,KULTURA,Wskaźnik dostępności domów i ośrodków kultury,"Wskaźnik dostępności domów i ośrodków kultury oraz klubów, świetlic i kół - liczba osób przypadająca na jedną placówkę kultury.",2024,847,,847
powiat chrzanowski,KULTURA,Wskaźnik dostępności muzeów,"Wskaźnik dostępności do muzeów - liczba ludności przypadająca na jedną placówkę muzealną. Dane wskaźnikowe bazują na sprawozdaniach z działalności muzeów i instytucji paramuzealnych. Przez placówkę muzealną (za ustawą z dnia 21 listopada 1996 r. o muzeach) rozumiemy jednostkę organizacyjną, nienastawioną na osiąganie zysku, której celem jest sprawowanie opieki nad zabytkami, informowanie o wartościach i treściach gromadzonych zbiorów, upowszechnianie podstawowych wartości historii, nauki i kultury polskiej oraz światowej, kształtowanie wrażliwości poznawczej i estetycznej oraz umożliwianie kontaktu ze zbiorami.",2024,39252,,39252
powiat chrzanowski,KULTURA,Wskaźnik dostępności bibliotek,"Wskaźnik dostępności bibliotek - liczba ludności przydająca na jedną placówkę biblioteczną. W celu wyliczenia wskaźnika zliczono biblioteki, filie i punkty biblioteczne na danym ternie. Dane bazują na sprawozdaniach bibliotek ogólnych. Zgodnie z definicją przyjętą przez GUS przez placówkę biblioteczną rozumie się jednostkę organizacyjną lub jej część posiadającą uporządkowany (zinwentaryzowany) zbiór książek, czasopism i innych materiałów piśmienniczych liczący co najmniej 300 jednostek inwentarzowych, której głównymi celami są tworzenie i obsługa zbiorów oraz udostępnianie ich użytkownikom w sposób kontrolowany.",2024,3271,,3271
powiat chrzanowski,KULTURA,Wskaźnik czytelnictwa,Wskaźnik czytelnictwa - ilość wypożyczeń z księgozbioru przez jednego czytelnika w ciągu roku. Przez księgozbiór rozumie się zbiór obejmujący wydawnictwa nieperiodyczne (książki i broszury) i wydawnictwa periodyczne (gazety i czasopisma).,2024,20,,20
powiat chrzanowski,EDUKACJA,Edukacja przedszkolna,"Wskaźnik edukacji na poziomie przedszkolnym - odsetek dzieci w wieku od 3 do 5 lat uczęszczających do placówek wychowania przedszkolnego. Wskaźnik zbudowano na podstawie sprawozdań przedszkoli i innych form edukacji przedszkolnej. Uwzględniono ośrodki wychowania przedszkolnego prowadzone przez ograny samorządu terytorialnego, jednostki samorządu powiatowego oraz gminnego.",2024,98.50,,98.50
powiat chrzanowski,EDUKACJA,Zdawalność egzaminu maturalnego w technikach,"Wskaźnik zdawalności matur w technikach - procent uczniów klas IV techników, którzy zdali egzamin maturalny.",2024,87.00,,87.00
powiat chrzanowski,EDUKACJA,Zdawalność egzaminu maturalnego w liceach ogólnokształcących,"Wskaźnik zdawalności matur w liceach -procent uczniów klas III liceów ogólnokształcących, którzy zdali egzamin maturalny.",2024,92.00,,92.00
powiat chrzanowski,EDUKACJA,Wyniki egzaminu ósmoklasisty – język polski,"Wyrażony w % średni wynik uczniów uzyskiwany na egzaminie ósmoklasisty w części z języka polskiego (wskaźnik aktualizowany od 2019 roku, w którym uczniowie szkół podstawowych po raz pierwszy przystąpili do egzaminu ósmoklasisty)",2024,60.58,,60.58
powiat chrzanowski,EDUKACJA,Wyniki egzaminu ósmoklasisty – język angielski podstawowy,"Wyrażony w % średni wynik uczniów uzyskiwany na egzaminie ósmoklasisty w części podstawowej z języka angielskiego (wskaźnik aktualizowany od 2019 roku, w którym uczniowie szkół podstawowych po raz pierwszy przystąpili do egzaminu ósmoklasisty)",2024,69.12,,69.12
powiat chrzanowski,EDUKACJA,Wyniki egzaminu ósmoklasisty – matematyka,"Wyrażony w % średni wynik uczniów uzyskiwany na egzaminie ósmoklasisty w części z matematyki (wskaźnik aktualizowany od 2019 roku, w którym uczniowie szkół podstawowych po raz pierwszy przystąpili do egzaminu ósmoklasisty)",2024,50.45,,50.45
powiat chrzanowski,EDUKACJA,Wybory edukacyjne ósmoklasistów – technikum,"Wyrażony w % udział absolwentów szkół podstawowych, którzy wybrali technikum jako miejsce dalszego kształcenia. Wskaźnik obliczony na podstawie liczby uczniów w klasie pierwszej technikum. (wskaźnik aktualizowany od 2020 roku po ostatecznym wygaszeniu szkół gimnazjalnych)",2024,35.04,,35.04
powiat chrzanowski,EDUKACJA,Wybory edukacyjne ósmoklasistów – liceum ogólnokształcące,"Wyrażony w % udział absolwentów szkół podstawowych, którzy wybrali liceum ogólnokształcące jako miejsce dalszego kształcenia. Wskaźnik obliczony na podstawie liczby uczniów w klasie pierwszej liceów ogólnokształcących. (wskaźnik aktualizowany od 2020 roku po ostatecznym wygaszeniu szkół gimnazjalnych)",2024,40.66,,40.66
powiat chrzanowski,EDUKACJA,Wybory edukacyjne ósmoklasistów – szkoła branżowa I stopnia,"Wyrażony w % udział absolwentów szkół podstawowych, którzy wybrali szkołę branżową I stopnia jako miejsce dalszego kształcenia. Wskaźnik obliczony na podstawie liczby uczniów w klasie pierwszej szkół branżowych I stopnia. (wskaźnik aktualizowany od 2020 roku po ostatecznym wygaszeniu szkół gimnazjalnych)",2024,24.30,,24.30
powiat chrzanowski,RYNEK PRACY,Stopa bezrobocia,"Stopa bezrobocia - procentowy udział liczby bezrobotnych w liczbie ludności aktywnej zawodowo (tzn. pracującej i bezrobotnej). Przez bezrobotnych ( za Ustawą z dnia 20 kwietnia 2004 r. o promocji zatrudnienia i instytucjach rynku pracy) rozumiemy osoby niezatrudnione i nie wykonujące innej pracy zarobkowej, zdolne i gotowe do podjęcia zatrudnienia w pełnym wymiarze czasu pracy (bądź jeśli są to osoby niepełnosprawne - zdolne i gotowe do podjęcia zatrudnienia co najmniej w połowie tego wymiaru czasu pracy), nieuczące się w szkole z wyjątkiem szkół dla dorosłych lub szkół wyższych w systemie wieczorowym albo zaocznym, zarejestrowane we właściwym dla miejsca zameldowania (stałego lub czasowego) powiatowym urzędzie pracy oraz poszukujące zatrudnienia lub innej pracy zarobkowej, jeżeli spełniają określone w Ustawie warunki.",2024,6.30,,6.30
powiat chrzanowski,RYNEK PRACY,Bezrobocie kobiet,"Bezrobocie kobiet - Wyrażony w % udział bezrobotnych kobiet w liczbie bezrobotnych ogółem. Do kategorii osób bezrobotnych wlicza się wyłącznie osoby zarejestrowane w powiatowych urzędach pracy. Przez bezrobotnych ( za Ustawą z dnia 20 kwietnia 2004 r. o promocji zatrudnienia i instytucjach rynku pracy) rozumiemy osoby niezatrudnione i nie wykonujące innej pracy zarobkowej, zdolne i gotowe do podjęcia zatrudnienia w pełnym wymiarze czasu pracy (bądź jeśli są to osoby niepełnosprawne - zdolne i gotowe do podjęcia zatrudnienia co najmniej w połowie tego wymiaru czasu pracy), nieuczące się w szkole z wyjątkiem szkół dla dorosłych lub szkół wyższych w systemie wieczorowym albo zaocznym, zarejestrowane we właściwym dla miejsca zameldowania (stałego lub czasowego) powiatowym urzędzie pracy oraz poszukujące zatrudnienia lub innej pracy zarobkowej, jeżeli spełniają określone w Ustawie warunki.",2024,52.93,,52.93
powiat chrzanowski,RYNEK PRACY,Bezrobocie rodzinne,"Odsetek osób bezrobotnych zamieszkujących gospodarstwo domowe, w którym dwie lub więcej osób pozostaje na bezrobociu. Dane dla powiatu tarnowskiego i Tarnowa przedstawione zostały łącznie. Dane obrazują stan na 31 XII danego roku.",2024,10.56,%,10.56%
powiat chrzanowski,RYNEK PRACY,Bezrobotni dłużej niż 1 rok,"Wyrażony w % udział bezrobotnych dłużej niż 1 rok w liczbie bezrobotnych ogółem. Do kategorii osób bezrobotnych wlicza się wyłącznie osoby zarejestrowane w powiatowych urzędach pracy. Przez bezrobotnych ( za Ustawą z dnia 20 kwietnia 2004 r. o promocji zatrudnienia i instytucjach rynku pracy) rozumiemy osoby niezatrudnione i nie wykonujące innej pracy zarobkowej, zdolne i gotowe do podjęcia zatrudnienia w pełnym wymiarze czasu pracy (bądź jeśli są to osoby niepełnosprawne - zdolne i gotowe do podjęcia zatrudnienia co najmniej w połowie tego wymiaru czasu pracy), nieuczące się w szkole z wyjątkiem szkół dla dorosłych lub szkół wyższych w systemie wieczorowym albo zaocznym, zarejestrowane we właściwym dla miejsca zameldowania (stałego lub czasowego) powiatowym urzędzie pracy oraz poszukujące zatrudnienia lub innej pracy zarobkowej, jeżeli spełniają określone w Ustawie warunki.",2024,33.60,,33.60
powiat chrzanowski,RYNEK PRACY,Bezrobotni z wykształceniem gimnazjalnym i niższym,"Wyrażony w % udział bezrobotnych z wykształceniem gimnazjalnym i niższym w liczbie bezrobotnych ogółem. Do kategorii osób bezrobotnych wlicza się wyłącznie osoby zarejestrowane w powiatowych urzędach pracy. Przez bezrobotnych ( za Ustawą z dnia 20 kwietnia 2004 r. o promocji zatrudnienia i instytucjach rynku pracy) rozumiemy osoby niezatrudnione i nie wykonujące innej pracy zarobkowej, zdolne i gotowe do podjęcia zatrudnienia w pełnym wymiarze czasu pracy (bądź jeśli są to osoby niepełnosprawne - zdolne i gotowe do podjęcia zatrudnienia co najmniej w połowie tego wymiaru czasu pracy), nieuczące się w szkole z wyjątkiem szkół dla dorosłych lub szkół wyższych w systemie wieczorowym albo zaocznym, zarejestrowane we właściwym dla miejsca zameldowania (stałego lub czasowego) powiatowym urzędzie pracy oraz poszukujące zatrudnienia lub innej pracy zarobkowej, jeżeli spełniają określone w Ustawie warunki.",2024,25.99,,25.99
powiat chrzanowski,RYNEK PRACY,Bezrobotni w wieku poniżej 25 lat,"Wyrażony w % udział bezrobotnych poniżej 25. roku życia w liczbie bezrobotnych ogółem. Do kategorii osób bezrobotnych wlicza się wyłącznie osoby zarejestrowane w powiatowych urzędach pracy. Przez bezrobotnych ( za Ustawą z dnia 20 kwietnia 2004 r. o promocji zatrudnienia i instytucjach rynku pracy) rozumiemy osoby niezatrudnione i nie wykonujące innej pracy zarobkowej, zdolne i gotowe do podjęcia zatrudnienia w pełnym wymiarze czasu pracy (bądź jeśli są to osoby niepełnosprawne - zdolne i gotowe do podjęcia zatrudnienia co najmniej w połowie tego wymiaru czasu pracy), nieuczące się w szkole z wyjątkiem szkół dla dorosłych lub szkół wyższych w systemie wieczorowym albo zaocznym, zarejestrowane we właściwym dla miejsca zameldowania (stałego lub czasowego) powiatowym urzędzie pracy oraz poszukujące zatrudnienia lub innej pracy zarobkowej, jeżeli spełniają określone w Ustawie warunki.",2024,11.48,,11.48
powiat chrzanowski,RYNEK PRACY,Bezrobotni w wieku 25-34 lata,"Wyrażony w % udział bezrobotnych w wieku 25-34 lata w liczbie bezrobotnych ogółem. Do kategorii osób bezrobotnych wlicza się wyłącznie osoby zarejestrowane w powiatowych urzędach pracy. Przez bezrobotnych ( za Ustawą z dnia 20 kwietnia 2004 r. o promocji zatrudnienia i instytucjach rynku pracy) rozumiemy osoby niezatrudnione i nie wykonujące innej pracy zarobkowej, zdolne i gotowe do podjęcia zatrudnienia w pełnym wymiarze czasu pracy (bądź jeśli są to osoby niepełnosprawne - zdolne i gotowe do podjęcia zatrudnienia co najmniej w połowie tego wymiaru czasu pracy), nieuczące się w szkole z wyjątkiem szkół dla dorosłych lub szkół wyższych w systemie wieczorowym albo zaocznym, zarejestrowane we właściwym dla miejsca zameldowania (stałego lub czasowego) powiatowym urzędzie pracy oraz poszukujące zatrudnienia lub innej pracy zarobkowej, jeżeli spełniają określone w Ustawie warunki.",2024,20.71,,20.71
powiat chrzanowski,RYNEK PRACY,Bezrobotni w wieku 55 lat i więcej,"Wyrażony w % udział bezrobotnych powyżej 55. roku życia w liczbie bezrobotnych ogółem. Do kategorii osób bezrobotnych wlicza się wyłącznie osoby zarejestrowane w powiatowych urzędach pracy. Przez bezrobotnych ( za Ustawą z dnia 20 kwietnia 2004 r. o promocji zatrudnienia i instytucjach rynku pracy) rozumiemy osoby niezatrudnione i nie wykonujące innej pracy zarobkowej, zdolne i gotowe do podjęcia zatrudnienia w pełnym wymiarze czasu pracy (bądź jeśli są to osoby niepełnosprawne - zdolne i gotowe do podjęcia zatrudnienia co najmniej w połowie tego wymiaru czasu pracy), nieuczące się w szkole z wyjątkiem szkół dla dorosłych lub szkół wyższych w systemie wieczorowym albo zaocznym, zarejestrowane we właściwym dla miejsca zameldowania (stałego lub czasowego) powiatowym urzędzie pracy oraz poszukujące zatrudnienia lub innej pracy zarobkowej, jeżeli spełniają określone w Ustawie warunki.",2024,17.38,,17.38
powiat chrzanowski,RYNEK PRACY,Prowadzący działalność gospodarczą,Osoby fizyczne prowadzące działalność gospodarczą na 100 osób w wieku produkcyjnym. Dane bez osób prowadzących gospodarstwa indywidualne w rolnictwie.,2024,16.00,,16.00
powiat chrzanowski,RYNEK PRACY,Zatrudnienie w branży finansowej i nieruchomościach,"Wyrażony w % udział pracujących w branży finansowej i nieruchomościach w stosunku do ogółu pracujących. Dane do 2021 roku bez podmiotów gospodarczych o liczbie pracujących do 9 osób. Podział branż jest zgodny z PKD 2007. Dotyczy sekcji: ""Działalność finansowa i ubezpieczeniowa; obsługa rynku nieruchomości"". W związku z wprowadzonymi zmianami metodologicznymi w pozyskiwaniu danych dotyczących: pracujących, zatrudnionych oraz przeciętnego zatrudnienia według PKD, dane od 2022 roku nie mogą być porównywane z danymi dla lat poprzednich.",2024,2.49,,2.49
powiat chrzanowski,RYNEK PRACY,Zatrudnienie w rolnictwie,"Wyrażony w % udział pracujących w rolnictwie w stosunku do ogółu pracujących. Dane łącznie z rolnictwem indywidualnym. Dane dotyczące pracujących w gospodarstwach indywidualnych w rolnictwie według stanu w dniu 31 XII w latach 2002-2009 wyszacowano na podstawie wyników Narodowego Spisu Powszechnego Ludności i Mieszkań oraz Powszechnego Spisu Rolnego 2002 oraz w 2010 r. na podstawie Powszechnego Spisu Rolnego 2010. Podział branż jest zgodny z PKD 2007. Dotyczy sekcji: ""Rolnictwo, leśnictwo, łowiectwo i rybactwo"". W związku z wprowadzonymi zmianami metodologicznymi w pozyskiwaniu danych dotyczących: pracujących, zatrudnionych oraz przeciętnego zatrudnienia według PKD, dane od 2022 roku nie mogą być porównywane z danymi dla lat poprzednich.",2024,1.61,,1.61
powiat chrzanowski,RYNEK PRACY,Zatrudnienie w przemyśle i budownictwie,"Wyrażony w % udział pracujących w przemyśle i budownictwie w stosunku do ogółu pracujących. Dane do 2021 roku bez podmiotów gospodarczych o liczbie pracujących do 9 osób. Podział branż jest zgodny z PKD 2007. Pod pojęciem ""Przemysł i budownictwo"" rozumie się sekcje: ""Górnictwo i wydobywanie""; ""Przetwórstwo przemysłowe""; ""Wytwarzanie i zaopatrywanie w energię elektryczną, gaz, parę wodną i gorącą wodę""; ""Dostawa wody; gospodarowanie ściekami i odpadami; rekultywacja"" oraz ""Budownictwo"". W związku z wprowadzonymi zmianami metodologicznymi w pozyskiwaniu danych dotyczących: pracujących, zatrudnionych oraz przeciętnego zatrudnienia według PKD, dane od 2022 roku nie mogą być porównywane z danymi dla lat poprzednich.",2024,39.21,,39.21
powiat chrzanowski,RYNEK PRACY,"Zatrudnienie w handlu, transporcie, turystyce, informacji i komunikacji","Wyrażony w % udział pracujących w handlu, transporcie, turystyce, informacji i komunikacji w stosunku do ogółu pracujących. Dane do 2021 roku bez podmiotów gospodarczych o liczbie pracujących do 9 osób. Podział branż jest zgodny z PKD 2007. Dotyczy sekcji: ""Handel""; ""Naprawa pojazdów samochodowych""; ""Transport i gospodarka magazynowa""; ""Zakwaterowanie i gastronomia"" oraz ""Informacja i komunikacja"". W związku z wprowadzonymi zmianami metodologicznymi w pozyskiwaniu danych dotyczących: pracujących, zatrudnionych oraz przeciętnego zatrudnienia według PKD, dane od 2022 roku nie mogą być porównywane z danymi dla lat poprzednich.",2024,21.25,,21.25
powiat chrzanowski,RYNEK PRACY,Zatrudnienie w pozostałych usługach,"Wyrażony w % udział pracujących w pozostałych usługach w stosunku do ogółu pracujących. Dane do 2021 roku bez podmiotów gospodarczych o liczbie pracujących do 9 osób. Podział branż jest zgodny z PKD 2007. Pod pojęciem ""Pozostałe usługi"" rozumie się sekcje: ""Działalność profesjonalna, naukowa i techniczna""; ""Administrowanie i działalność wspierająca""; ""Administracja publiczna i obrona narodowa, obowiązkowe zabezpieczenia społeczne""; ""Edukacja""; ""Opieka zdrowotna i pomoc społeczna""; ""Działalność związana z kulturą rozrywką i rekreacją"" oraz ""Pozostała działalność usługowa"". W związku z wprowadzonymi zmianami metodologicznymi w pozyskiwaniu danych dotyczących: pracujących, zatrudnionych oraz przeciętnego zatrudnienia według PKD, dane od 2022 roku nie mogą być porównywane z danymi dla lat poprzednich.",2024,35.43,,35.43
powiat chrzanowski,MOBILNOŚĆ,Saldo migracji stałych,"Wskaźnik migracji stałych - różnica między napływem a odpływem ludności z danego obszaru w danym czasie. Saldo migracji stałych uwzględnia zarazem dane ze stałych migracji zewnętrznych jak i wewnętrznych. Migracje stałe to takie, które wiążą się ze zmianą miejsca zamieszkania na pobyt stały. W świetle prawa polskiego, tego typu migracje związane są z dokonaniem w biurze ewidencji ludności zameldowania lub wymeldowania. W 2015 roku GUS zrezygnował z opublikowania danych dotyczących migracji zagranicznych z powodu braku ich kompletności. Dlatego niemożliwe było określenie poziomu migracji stałych za rok 2015.",2024,-156.00,,-156.00
powiat chrzanowski,MOBILNOŚĆ,Saldo migracji zagranicznych,Wskaźnik migracji zagranicznych - różnica między odpływem zagranicę a napływem do kraju ludności w danym czasie.,2024,5.00,,5.00
powiat chrzanowski,BUDŻETY GMIN,Wydatki budżetów gmin ogółem,"Wskaźnik wydatków gmin - wydatki budżetów gmin i miast na prawach powiatów w przeliczeniu na jednego mieszkańca. Dane stanowią sumę wydatków na rolnictwo, transport, gospodarkę komunalną, gosp. mieszkaniową, oświatę i wychowanie, kulturę i sztukę, ochronę zdrowia, kulturę fizyczną i sport, a także wydatki na administrację samorządową. Wydatki te są sklasyfikowane w rozporządzeniu Ministra Finansów z dnia 14 czerwca 2006 r. w sprawie szczegółowej klasyfikacji dochodów, wydatków, przychodów i rozchodów oraz środków pochodzących ze źródeł zagranicznych (Dz. U. 2006 r. Nr 107, poz.726, z późn. zm.). Wartości podawane są w złotówkach.",2024,6562.10,,6562.10
powiat chrzanowski,BUDŻETY GMIN,Wydatki budżetów gmin - oświata i wychowanie,"Wskaźnik wydatków gmin na oświatę i wychowanie - wydatki budżetów gmin i miast na prawach powiatów na oświatę i wychowanie w przeliczeniu na jednego mieszkańca. Dane stanowią sumę wydatków sklasyfikowanych w dziale 801 rozporządzenia Ministra Finansów z dnia 14 czerwca 2006 r. w sprawie szczegółowej klasyfikacji dochodów, wydatków, przychodów i rozchodów oraz środków pochodzących ze źródeł zagranicznych (Dz. U. 2006 r. Nr 107, poz.726, z późn. zm.). Wartości podawane są w złotówkach.",2024,2474.30,,2474.30
powiat chrzanowski,BUDŻETY GMIN,Wydatki budżetów gmin - kultura,"Wskaźnik wydatków gmin na kulturę i ochronę dziedzictwa narodowego - wydatki budżetów gmin i miast na prawach powiatów na kulturę i ochronę dziedzictwa narodowego w przeliczeniu na jednego mieszkańca. Dane stanowią sumę wydatków sklasyfikowanych w dziale 921 rozporządzenia Ministra Finansów z dnia 14 czerwca 2006 r. w sprawie szczegółowej klasyfikacji dochodów, wydatków, przychodów i rozchodów oraz środków pochodzących ze źródeł zagranicznych (Dz. U. 2006 r. Nr 107, poz.726, z późn. zm.). Wartości podawane są w złotówkach.",2024,323.27,,323.27
powiat chrzanowski,BUDŻETY GMIN,Wydatki budżetów gmin - pomoc społeczna,"Wskaźnik wydatków gmin na pomoc społeczną - wydatki budżetów gmin i miast na prawach powiatów na pomoc społeczną i pozostałe zadania w zakresie polityki społecznej w przeliczeniu na jednego mieszkańca. Dane stanowią sumę wydatków sklasyfikowanych w działach 852 i 853 rozporządzenia Ministra Finansów z dnia 14 czerwca 2006 r. w sprawie szczegółowej klasyfikacji dochodów, wydatków, przychodów i rozchodów oraz środków pochodzących ze źródeł zagranicznych (Dz. U. 2006 r. Nr 107, poz.726, z późn. zm.). Dane podawane są w złotówkach.",2024,560.63,,560.63
powiat dąbrowski,LUDNOŚĆ,Ludność ogółem,Liczba ludności zamieszkałej na danym terenie (dane zgodnie z faktycznym miejscem zamieszkania wg podziału administracyjnego na dzień 31 XII).,2024,57253,,57253
powiat dąbrowski,LUDNOŚĆ,Ludność w wieku przedprodukcyjnym,Udział ludności w wieku przedprodukcyjnym w liczbie ludności ogółem. Przez ludność w wieku przedprodukcyjnym rozumie się ludność w wieku do 17 roku życia.,2024,18.09,%,18.09%
powiat dąbrowski,LUDNOŚĆ,Ludność w wieku produkcyjnym,"Udział ludności w wieku produkcyjnym w liczbie ludności ogółem. Przez ludność w wieku produkcyjnym rozumie się ludność w wieku zdolności do pracy. Dla mężczyzn przyjęto wiek 18-64 lata, dla kobiet 18-59 lat.",2024,60.55,%,60.55%
powiat dąbrowski,LUDNOŚĆ,Ludność w wieku poprodukcyjnym,Udział ludności w wieku emerytalnym w liczbie ludności ogółem. Przez ludność w wieku poprodukcyjnym rozumie się ludność w wieku od 64 lat - dla mężczyzn i od 59 lat - dla kobiet.,2024,21.36,%,21.36%
powiat dąbrowski,LUDNOŚĆ,Ludność w wieku 60+,Udział ludności w wieku 60 i więcej lat w liczbie ludności ogółem.,2024,24.49,%,24.49%
powiat dąbrowski,LUDNOŚĆ,Wskaźnik podwójnego starzenia,Udział osób w wieku 80 i więcej lat w grupie osób wieku 60 i więcej lat.,2024,17.63,%,17.63%
powiat dąbrowski,LUDNOŚĆ,Wskaźnik wsparcia osób najstarszych,Liczba osób w wieku 85 lat i więcej przypadająca na 100 osób w wieku 50–64 lata,2024,11,,11
powiat dąbrowski,LUDNOŚĆ,Potencjał pielęgnacyjny,Liczba kobiet w wieku 45-64 lata (potencjalnych opiekunów rodzinnych) przypadających na 100 osób w wieku 80 i więcej lat,2024,314,,314
powiat dąbrowski,LUDNOŚĆ,Wskaźnik obciążenia demograficznego,Wskaźnik obciążenia demograficznego - ludność w wieku nieprodukcyjnym przypadająca na 100 osób w wieku produkcyjnym. Przez ludność w wieku produkcyjnym rozumie się osoby w wieku zdolności do pracy tj. mężczyźni w wieku 18 - 64 lat oraz kobiety w wieku 18 - 59.,2024,65.20,,65.20
powiat dąbrowski,LUDNOŚĆ,Przyrost naturalny na 1 000 ludności,Różnica między liczbą urodzeń żywych a liczbą zgonów w danym roku (bez rozróżnienia na płeć).,2024,-3.26,,-3.26
powiat dąbrowski,LUDNOŚĆ,Wskaźnik feminizacji,Wskaźnik feminizacji - wielkość demograficzna określająca ile kobiet przypada na 100 mężczyzn na danym terenie.,2024,101.59,,101.59
powiat dąbrowski,LUDNOŚĆ,Wskaźnik maskulinizacji,Wskaźnik maskulinizacji - wielkość demograficzna określająca ilu mężczyzn przypada na 100 kobiet na danym terenie.,2024,98.44,,98.44
powiat dąbrowski,LUDNOŚĆ,Wskaźnik gęstości zaludnienia,Wskaźnik gęstości zaludnienia - liczba mieszkańców przypadająca na 1 km².,2024,108.00,,108.00
powiat dąbrowski,LUDNOŚĆ,Wskaźnik urbanizacji,"Wskaźnik urbanizacji - udział mieszkańców miast w liczbie mieszkańców ogółem. Do wyliczenia wskaźnika posłużono się danymi na temat ludności faktycznie zamieszkałej na dzień 31 XII każdego roku. Ludnośc faktycznie zamieszkała obejmuje: a) stałych mieszkańców, z wyjatkiem osób przebywających poza miejscem zamieszkania przez okres powyżej 3 miesięcy w kraju oraz obejmuje wszystkie osoby przebywajace za granicą (bez względu na okres ich nieobecności) b) osoby przebywające czasowo przez okres powyżej 3 miesięcy, przybyłe z innego miejsca w kraju. Dane za lata 2010 - 2021 bazują na wynikach Narodowego Spisu Powszechnego Ludności i Mieszkań 2011.",2024,27.00,%,27.00%
powiat dąbrowski,LUDNOŚĆ,Małżeństwa na 1000 mieszkańców,Liczba zawartych małżeństw w przeliczeniu na 1000 mieszkańców.,2024,3.80,,3.80
powiat dąbrowski,LUDNOŚĆ,Urodzenia na 1000 mieszkańców,Liczba urodzeń żywych w przeliczeniu na 1000 mieszkańców.,2024,6.73,,6.73
powiat dąbrowski,LUDNOŚĆ,Zgony na 1000 mieszkańców,Liczba zgonów w przeliczeniu na 1000 mieszkańców.,2024,9.98,,9.98
powiat dąbrowski,LUDNOŚĆ,Wskaźnik/ indeks starości,"Relacja pokoleniowa dziadków i wnuczków, tj. liczba osób w wieku 65 i więcej lat przypadająca na 100 osób w wieku 0-14 lat",2024,122,,122
powiat dąbrowski,LUDNOŚĆ,Ludność w wieku 65+/ Współczynnik starości demograficznej,Relacja liczby osób w starszym wieku (65 lat i więcej) do ogólnej liczby ludności.,2024,18.17,%,18.17%
powiat dąbrowski,LUDNOŚĆ,Wskaźnik potencjalnego wsparcia,Liczba osób w wieku 15-64 lata przypadająca na 100 osób w wieku 65 lat i więcej. Przedstawia tzw. obciążenie - ile osób hipotetycznie pozostających na rynku pracy przypada na 1 osobę (100 osób) będącą już poza rykiem pracy (odwrotność cząstkowego współczynnika obciążenia demograficznego osobami starszymi).,2024,368,,368
powiat dąbrowski,POMOC SPOŁECZNA - K,Liczba mieszkańców na 1 pracownika socjalnego,Liczba mieszkańców przypadająca na jednego pracownika socjalnego zatrudnionego w ośrodku pomocy społecznej.,2024,1636,,1636
powiat dąbrowski,POMOC SPOŁECZNA - K,Pracownicy socjalni OPS posiadający wyższe wykształcenie,Udział pracowników socjalnych posiadających wyższe wykształcenie w ogólnej licznie pracowników socjalnych.,2024,82.86,%,82.86%
powiat dąbrowski,POMOC SPOŁECZNA - K,Pracownicy socjalni OPS posiadający I stopień specjalizacji w zawodzie pracownik socjalny,Udział pracowników socjalnych OPS posiadających I stopień specjalizacji w zawodzie pracownik socjalny w ogólnej liczbie pracowników socjalnych.,2024,45.71,%,45.71%
powiat dąbrowski,POMOC SPOŁECZNA - K,Pracownicy socjalni OPS posiadający II stopień specjalizacji w zawodzie pracownik socjalny,Udział pracowników socjalnych posiadających II stopień specjalizacji w zawodzie pracownik socjalny w ogólnej liczbie pracowników socjalnych.,2024,0.00,%,0.00%
powiat dąbrowski,POMOC SPOŁECZNA - P,Alkoholizm,Odsetek klientów pomocy społecznej korzystających ze wsparcia z powodu alkoholizmu (na podstawie danych o rzeczywistej liczbie osób w rodzinach objętych pomocą społeczną).,2024,3.36,%,3.36%
powiat dąbrowski,POMOC SPOŁECZNA - P,Bezdomność,Odsetek klientów pomocy społecznej korzystających ze wsparcia z powodu bezdomności (na podstawie danych o rzeczywistej liczbie osób w rodzinach objętych pomocą społeczną).,2024,0.64,%,0.64%
powiat dąbrowski,POMOC SPOŁECZNA - P,Bezradność w sprawach opiekuńczo-wychowawczych i prowadzenia gosp. dom.,Odsetek klientów pomocy społecznej korzystających ze wsparcia z powodu bezradności w sprawach opiekuńczo-wychowawczych i prowadzenia gospodarstwa domowego (na podstawie danych o rzeczywistej liczbie osób w rodzinach objętych pomocą społeczną).,2024,16.35,%,16.35%
powiat dąbrowski,POMOC SPOŁECZNA - P,Bezrobocie,Odsetek klientów pomocy społecznej korzystających ze wsparcia z powodu bezrobocia (na podstawie danych o rzeczywistej liczbie osób w rodzinach objętych pomocą społeczną).,2024,32.96,%,32.96%
powiat dąbrowski,POMOC SPOŁECZNA - P,Długotrwała lub ciężka choroba,Odsetek klientów pomocy społecznej korzystających ze wsparcia z powodu długotrwałej bądź ciężkiej choroby (na podstawie danych o rzeczywistej liczbie osób w rodzinach objętych pomocą społeczną).,2024,49.35,%,49.35%
powiat dąbrowski,POMOC SPOŁECZNA - P,Narkomania,Odsetek klientów pomocy społecznej korzystających ze wsparcia z powodu narkomanii (na podstawie danych o rzeczywistej liczbie osób w rodzinach objętych pomocą społeczną).,2024,0.00,%,0.00%
powiat dąbrowski,POMOC SPOŁECZNA - P,Niepełnosprawność,Odsetek klientów pomocy społecznej korzystających ze wsparcia z powodu niepełnosprawności (na podstawie danych o rzeczywistej liczbie osób w rodzinach objętych pomocą społeczną).,2024,35.55,%,35.55%
powiat dąbrowski,POMOC SPOŁECZNA - P,Potrzeba ochrony macierzyństwa,Odsetek klientów pomocy społecznej korzystających ze wsparcia z powodu potrzeby ochrony macierzyństwa (na podstawie danych o rzeczywistej liczbie osób w rodzinach objętych pomocą społeczną).,2024,30.31,%,30.31%
powiat dąbrowski,POMOC SPOŁECZNA - P,Przemoc domowa,Odsetek klientów pomocy społecznej korzystających ze wsparcia z powodu przemocy domowej (na podstawie danych o rzeczywistej liczbie osób w rodzinach objętych pomocą społeczną).,2024,4.16,%,4.16%
powiat dąbrowski,POMOC SPOŁECZNA - P,Sieroctwo,Odsetek klientów pomocy społecznej korzystających ze wsparcia z powodu sieroctwa (na podstawie danych o rzeczywistej liczbie osób w rodzinach objętych pomocą społeczną).,2024,0.00,%,0.00%
powiat dąbrowski,POMOC SPOŁECZNA - P,Sytuacja kryzysowa,Odsetek klientów pomocy społecznej korzystających ze wsparcia z powodu sytuacji kryzysowej (na podstawie danych o rzeczywistej liczbie osób w rodzinach objętych pomocą społeczną).,2024,0.03,%,0.03%
powiat dąbrowski,POMOC SPOŁECZNA - P,Ubóstwo,Odsetek klientów pomocy społecznej korzystających ze wsparcia z powodu ubóstwa (na podstawie danych o rzeczywistej liczbie osób w rodzinach objętych pomocą społeczną).,2024,42.93,%,42.93%
powiat dąbrowski,POMOC SPOŁECZNA - P,Wielodzietność,Odsetek klientów pomocy społecznej korzystających ze wsparcia z powodu wielodzietności (na podstawie danych o rzeczywistej liczbie osób w rodzinach objętych pomocą społeczną).,2024,28.73,%,28.73%
powiat dąbrowski,POMOC SPOŁECZNA - P,Zdarzenie losowe,Odsetek klientów pomocy społecznej korzystających ze wsparcia z powodu zdarzenia losowego (na podstawie danych o rzeczywistej liczbie osób w rodzinach objętych pomocą społeczną).,2024,1.01,%,1.01%
powiat dąbrowski,POMOC SPOŁECZNA - B,Beneficjenci pomocy społecznej,"Udział osób korzystających z pomocy społecznej w liczbie ludności ogółem - na podstawie danych o rzeczywistej liczbie osób w rodzinach objętych pomocą społeczną (świadczenia przyznane w ramach zadań zleconych i własnych bez względu na rodzaj, formę, liczbę oraz źródło finansowania).",2024,5.20,%,5.20%
powiat dąbrowski,POMOC SPOŁECZNA - B,Rodziny niepełne objęte pomocą społeczną,"Wskaźnik pomocy społecznej udzielonej rodzinom niepełnym - udział rodzin niepełnych objętych pomocą (w której skład wchodzi jedno z rodziców z dzieckiem/ dziećmi) w liczbie wszystkich rodzin z dziećmi, którym udzielono pomocy.",2024,21.96,%,21.96%
powiat dąbrowski,POMOC SPOŁECZNA - B,Rodziny wielodzietne objęte pomocą społeczną,"Wskaźnik pomocy społecznej udzielonej rodzinom wielodzietnym - udział rodzin wielodzietnych (3 dzieci i więcej) objętych pomocą w liczbie wszystkich rodzin z dziećmi, którym udzielono pomocy.",2024,39.72,%,39.72%
powiat dąbrowski,POMOC SPOŁECZNA - B,Rodziny emerytów i rencistów objęte pomocą społeczną,"Wskaźnik pomocy społecznej udzielonej rodzinom emerytów i rencistów - udział rodzin emerytów i rencistów objętych pomocą w liczbie wszystkich rodzin, którym udzielono pomocy.",2024,22.18,%,22.18%
powiat dąbrowski,POMOC SPOŁECZNA - B,Pensjonariusze DPS nieopuszczający łóżek,Odsetek pensjonariuszy Domów Pomocy Społecznej nieopuszczających łóżek. Dane na temat liczby mieszkańców Domów Pomocy Społecznej zebrano wg. stanu na dzień 31 grudnia. W statystykach uwzględniono mieszkańców Domów Pomocy Społecznej i podmiotów niepublicznych w roku sprawozdawczym.,2024,8.74,%,8.74%
powiat dąbrowski,POMOC SPOŁECZNA - B,Pensjonariusze DPS do 18 roku życia,Odsetek pensjonariuszy Domów Pomocy Społecznej w wieku do18 roku życia. Dane na temat liczby mieszkańców Domów Pomocy Społecznej zebrano wg. stanu na dzień 31 grudnia. W statystykach uwzględniono mieszkańców Domów Pomocy Społecznej i podmiotów niepublicznych w roku sprawozdawczym.,2024,0.00,%,0.00%
powiat dąbrowski,POMOC SPOŁECZNA - B,Pensjonariusze DPS w wieku 19-40 lat,Odsetek pensjonariuszy Domów Pomocy Społecznej wieku 19-40 lat. Dane na temat liczby mieszkańców Domów Pomocy Społecznej zebrano wg. stanu na dzień 31 grudnia. W statystykach uwzględniono mieszkańców Domów Pomocy Społecznej i podmiotów niepublicznych w roku sprawozdawczym.,2024,0.00,%,0.00%
powiat dąbrowski,POMOC SPOŁECZNA - B,Pensjonariusze DPS w wieku 41-60 lat,Odsetek pensjonariuszy Domów Pomocy Społecznej wieku 41-60 lat. Dane na temat liczby mieszkańców Domów Pomocy Społecznej zebrano wg. stanu na dzień 31 grudnia. W statystykach uwzględniono mieszkańców Domów Pomocy Społecznej i podmiotów niepublicznych w roku sprawozdawczym.,2024,10.68,%,10.68%
powiat dąbrowski,POMOC SPOŁECZNA - B,Pensjonariusze DPS w wieku 61-74 lat,Odsetek pensjonariuszy Domów Pomocy Społecznej wieku 60-74 lat. Dane na temat liczby mieszkańców Domów Pomocy Społecznej zebrano wg. stanu na dzień 31 grudnia. W statystykach uwzględniono mieszkańców Domów Pomocy Społecznej i podmiotów niepublicznych w roku sprawozdawczym.,2024,38.83,%,38.83%
powiat dąbrowski,POMOC SPOŁECZNA - B,Pensjonariusze DPS w wieku powyżej 74 lat,Odsetek pensjonariuszy Domów Pomocy Społecznej wieku powyżej 74 lat. Dane na temat liczby mieszkańców Domów Pomocy Społecznej zebrano wg. stanu na dzień 31 grudnia. W statystykach uwzględniono mieszkańców Domów Pomocy Społecznej i podmiotów niepublicznych w roku sprawozdawczym.,2024,50.49,%,50.49%
powiat dąbrowski,Sheet6,Świadczenia pieniężne z pomocy społecznej,Odsetek korzystających ze świadczeń pieniężnych w ogólnej liczbie świadczeniobiorców pomocy społecznej (liczba osób w rodzinach),2024,57.80,%,57.80%
powiat dąbrowski,Sheet6,Świadczenia niepieniężne z pomocy społecznej,Odsetek korzystających ze świadczeń niepieniężnych w ogólnej liczbie świadczeniobiorców pomocy społecznej (liczba osób w rodzinach),2024,70.73,%,70.73%
powiat dąbrowski,Sheet6,Osoby korzystające z usług opiekuńczych i specjalistycznych usług opiekuńczych,Liczba osób korzystających z usług opiekuńczych (w tym specjalistycznych usług opiekuńczych).,2024,69,,69
powiat dąbrowski,Sheet6,Osoby korzystające ze specjalistycznych usług opiekuńczych dla osób z zaburzeniami psychicznymi,Liczba osób korzystających ze specjalistycznych usług opiekuńczych w miejscu zamieszkania dla osób z zaburzeniami psychicznymi.,2024,18,,18
powiat dąbrowski,Sheet6,Osoby objęte kontraktami socjalnymi,Udział osób objętych kontraktami socjalnymi w ogólnej liczbie osób w rodzinach świadczeniobiorców pomocy społecznej.,2024,1.58,%,1.58%
powiat dąbrowski,Sheet6,Osoby objęte dożywianiem na 1000 mieszkańców,Wskaźnik pomocy w zakresie dożywiania - liczba osób objętych pomocą państwa w zakresie dożywiania w przeliczeniu na 1000 mieszkańców.,2024,29,,29
powiat dąbrowski,Sheet6,Udział dzieci w ogóle osób objętych dożywianiem,"Udział dzieci w liczbie wszystkich osób objętych pomocą państwa w zakresie dożywiania. Sprawozdanie z realizacji programu ""Pomoc Państwa w zakresie dożywiania"" do 2013 roku obejmowało dzieci do lat 7. Od 2014 roku w sprawozdaniu liczba dzieci jest określona na podstawie momentu rozpoczęcia nauki w szkole podstawowej.",2024,18,%,18%
powiat dąbrowski,Sheet6,Udział uczniów w ogóle osób objętych dożywianiem,Udział dzieci w wieku szkolnym (uczniowie do czasu ukończenia szkoły ponadgimnazjalnej) w liczbie wszystkich osób objętych pomocą państwa w zakresie dożywiania.,2024,42,%,42%
powiat dąbrowski,POMOC SPOŁECZNA I O,Centra integracji społecznej,Liczba centrów integracji społecznej działających na danym terenie. Stan na 31 XII.,2024,0,,0
powiat dąbrowski,POMOC SPOŁECZNA I O,Domy pomocy społecznej,Liczba domów pomocy społecznej działających na danym terenie (bez podziału na typy).,2024,2,,2
powiat dąbrowski,POMOC SPOŁECZNA I O,Dzienne domy pomocy,Liczba dziennych domów pomocy działających na danym terenie. Stan na 31 XII.,2024,1,,1
powiat dąbrowski,POMOC SPOŁECZNA I O,Placówki specjalistycznego poradnictwa - jednostki  powiatowe,"Liczba jednostek specjalistycznego poradnictwa działających w powiatach. Stan na 31 XII. Wskaźnik zasilany od 2021 r. w związku ze zmianami monitorowania danych w sprawozdaniach resortowych. Zastąpił on wskaźnik ""Placówki specjalistycznego poradnictwa""",2024,0,,0
powiat dąbrowski,POMOC SPOŁECZNA I O,Placówki specjalistycznego poradnictwa,Liczba jednostek specjalistycznego poradnictwa działających na danym terenie. Stan na 31 XII. Od 2021 roku ze względu na brak kontynuacji monitorowania danych w sprawozdaniach resortowych wskaźnik nie jest już aktualizowany.,2024,0,,0
powiat dąbrowski,POMOC SPOŁECZNA I O,Kluby integracji społecznej,Liczba klubów integracji społecznej działających na danym terenie.,2024,1,,1
powiat dąbrowski,POMOC SPOŁECZNA I O,Mieszkania treningowe oraz wspomagane,"Liczba mieszkań treningowe oraz wspomaganych działających na danym terenie. Stan na 31 XII. Do 2022 r. w systemie funkcjonowały mieszkania chronione, natomiast od 2023 r. funkcjonują mieszkania treningowe oraz wspomagane.",2024,3,,3
powiat dąbrowski,POMOC SPOŁECZNA I O,"Noclegownie, schroniska i domy dla osób bezdomnych","Liczba noclegowni, schronisk i domów dla osób bezdomnych działających na danym terenie.",2024,0,,0
powiat dąbrowski,POMOC SPOŁECZNA I O,Ośrodki interwencji kryzysowej,Liczba ośrodków interwencji kryzysowej działających na danym terenie. Stan na 31 XII.,2024,0,,0
powiat dąbrowski,POMOC SPOŁECZNA I O,Placówki opiekuńczo-wychowawcze,Liczba placówek opiekuńczo-wychowawczych działających na danym terenie (bez podziału na typy). Stan na 31 XII.,2024,2,,2
powiat dąbrowski,POMOC SPOŁECZNA I O,Placówki wsparcia dziennego,Liczba placówek wsparcia dziennego działających na danym terenie. Stan na 31 XII.,2024,5,,5
powiat dąbrowski,POMOC SPOŁECZNA I O,"Placówki zapewniające całodobową opiekę osobom niepełnosprawnym, przewlekle chorym lub osobom w podeszłym wieku","Liczba placówek zapewniających całodobową opiekę osobom niepełnosprawnym, przewlekle chorym lub osobom w podeszłym wieku działających na danym terenie (w oparciu zarówno o działalność gospodarczą, jak i o działalność statutową). Stan na 31 XII.",2024,0,,0
powiat dąbrowski,POMOC SPOŁECZNA I O,Środowiskowe domy samopomocy,Liczba środowiskowych domów samopomocy działających na danym terenie. Stan na 31 XII.,2024,2,,2
powiat dąbrowski,POMOC SPOŁECZNA I O,Zakłady aktywności zawodowej,Liczba zakładów aktywności zawodowej działających na danym terenie.,2024,0,,0
powiat dąbrowski,PIECZA ZASTĘPCZA,Stopień deinstytucjonalizacji pieczy zastępczej,"Stosunek liczby dzieci w rodzinnej pieczy zastępczej (dzieci przebywające w rodzinach zastępczych, rodzinnych domach dziecka i w placówkach opiekuńczo-wychowawczych typu rodzinnego) do liczby wszystkich dzieci w pieczy zastępczej. Do wskaźnika nie wliczono dzieci umieszczonych w rodzinach zastępczych spokrewnionych (definicja zaczerpnięta z raportu ""Postępy deinstytucjonalizacji pieczy zastępczej""; Warszawa 2018 r.). Dane zbierane przez MRiPS regularnie (co pół roku) w sprawozdaniach resortowych.",2024,37.50,%,37.50%
powiat dąbrowski,PIECZA ZASTĘPCZA,Intensywność pieczy zastępczej,"Liczba dzieci poniżej 18. roku życia przebywających w pieczy zastępczej w stosunku do liczby wszystkich dzieci w wieku poniżej 18 roku życia na danym terenie w przeliczeniu na 1000 dzieci (definicja zaczerpnięta z raportu ""Postępy deinstytucjonalizacji pieczy zastępczej""; Warszawa 2018 r.). Dane zbierane przez MRiPS regularnie (co pół roku) w sprawozdaniach resortowych.",2024,4.63,,4.63
powiat dąbrowski,PIECZA ZASTĘPCZA,Liczba rodzin zastępczych,"Liczba rodzin zastępczych funkcjonujących na danym obszarze. Rodzina zastępcza jest jedną z form rodzinnej pieczy zastępczej, sprawowanej w przypadku niemożności zapewnienia dziecku opieki i wychowania przez rodziców.",2024,28,,28
powiat dąbrowski,PIECZA ZASTĘPCZA,Liczba dzieci w rodzinach zastępczych,"Liczba dzieci wychowujących się w rodzinach zastępczych na danym obszarze. Rodzina zastępcza jest jedną z form rodzinnej pieczy zastępczej, sprawowanej w przypadku niemożności zapewnienia dziecku opieki i wychowania przez rodziców. Do roku 2011 dane pochodzą ze sprawozdania MPiPS-03; od roku 2012 dane pochodzą ze sprawozdania Ocena Zasobów Pomocy Społecznej.",2024,41,,41
powiat dąbrowski,ZDROWIE,Dostępność aptek,"Wskaźnik dostępności do aptek - liczba osób przypadająca na jedną aptekę ogólnodostępną. Apteka, zgodnie z Ustawą ""Prawo farmaceutyczne"" z dnia 6 września 2001 r. to placówka ochrony zdrowia publicznego, w której osoby uprawnione świadczą w szczególności usługi farmaceutyczne obejmujące zadania określone w ustawie.",2024,3817,,3817
powiat dąbrowski,ZDROWIE,Zgony z powodu chorób nowotworowych,Wskaźnik umieralności z powodu choroby nowotworowej - udział zgonów z powodu choroby nowotworowej w liczbie zgonów ogółem. Dane do wskaźnika pochodzą z kart statystycznych do kart zgonów.,2024,28.30,%,28.30%
powiat dąbrowski,ZDROWIE,Zgony z powodu chorób układu krążenia,Wskaźnik umieralności z powodu chorób układu krążenia - udział zgonów z powodu chorób układu krążenia w liczbie zgonów ogółem. Dane do wskaźnika pochodzą z kart statystycznych do kart zgonów.,2024,38.70,%,38.70%
powiat dąbrowski,"WYNAGRODZENIA, EMERY",Przeciętne wynagrodzenie w relacji do śr. krajowej,Wskaźnik wysokości wynagrodzeń - przeciętne miesięczne wynagrodzenia brutto w gospodarce narodowej w relacji do średniej krajowej (Polska=100%). Wskaźnik pokazuje jaki procent średniej krajowej jest osiągany na danym terenie.,2024,83.00,,83.00
powiat dąbrowski,KULTURA,Wskaźnik dostępności kin,"Wskaźnik dostępności kin - liczba osób przypadających na jedno miejsce na widowni kina. Przez ""miejsce na widowni"" rozumie się każde numerowane miejsce (zarejestrowane) wykorzystywane przez instytucję kultury do stałych prezentacji scenicznych (w stałej sali eksploatowanej przez instytucję artystyczną lub w kinie stałym do prezentacji filmów).",2024,365,,365
powiat dąbrowski,KULTURA,Wskaźnik dostępności domów i ośrodków kultury,"Wskaźnik dostępności domów i ośrodków kultury oraz klubów, świetlic i kół - liczba osób przypadająca na jedną placówkę kultury.",2024,5205,,5205
powiat dąbrowski,KULTURA,Wskaźnik dostępności bibliotek,"Wskaźnik dostępności bibliotek - liczba ludności przydająca na jedną placówkę biblioteczną. W celu wyliczenia wskaźnika zliczono biblioteki, filie i punkty biblioteczne na danym ternie. Dane bazują na sprawozdaniach bibliotek ogólnych. Zgodnie z definicją przyjętą przez GUS przez placówkę biblioteczną rozumie się jednostkę organizacyjną lub jej część posiadającą uporządkowany (zinwentaryzowany) zbiór książek, czasopism i innych materiałów piśmienniczych liczący co najmniej 300 jednostek inwentarzowych, której głównymi celami są tworzenie i obsługa zbiorów oraz udostępnianie ich użytkownikom w sposób kontrolowany.",2024,3181,,3181
powiat dąbrowski,KULTURA,Wskaźnik czytelnictwa,Wskaźnik czytelnictwa - ilość wypożyczeń z księgozbioru przez jednego czytelnika w ciągu roku. Przez księgozbiór rozumie się zbiór obejmujący wydawnictwa nieperiodyczne (książki i broszury) i wydawnictwa periodyczne (gazety i czasopisma).,2024,25,,25
powiat dąbrowski,EDUKACJA,Edukacja przedszkolna,"Wskaźnik edukacji na poziomie przedszkolnym - odsetek dzieci w wieku od 3 do 5 lat uczęszczających do placówek wychowania przedszkolnego. Wskaźnik zbudowano na podstawie sprawozdań przedszkoli i innych form edukacji przedszkolnej. Uwzględniono ośrodki wychowania przedszkolnego prowadzone przez ograny samorządu terytorialnego, jednostki samorządu powiatowego oraz gminnego.",2024,89.70,,89.70
powiat dąbrowski,EDUKACJA,Zdawalność egzaminu maturalnego w technikach,"Wskaźnik zdawalności matur w technikach - procent uczniów klas IV techników, którzy zdali egzamin maturalny.",2024,88.00,,88.00
powiat dąbrowski,EDUKACJA,Zdawalność egzaminu maturalnego w liceach ogólnokształcących,"Wskaźnik zdawalności matur w liceach -procent uczniów klas III liceów ogólnokształcących, którzy zdali egzamin maturalny.",2024,95.00,,95.00
powiat dąbrowski,EDUKACJA,Wyniki egzaminu ósmoklasisty – język polski,"Wyrażony w % średni wynik uczniów uzyskiwany na egzaminie ósmoklasisty w części z języka polskiego (wskaźnik aktualizowany od 2019 roku, w którym uczniowie szkół podstawowych po raz pierwszy przystąpili do egzaminu ósmoklasisty)",2024,60.70,,60.70
powiat dąbrowski,EDUKACJA,Wyniki egzaminu ósmoklasisty – język angielski podstawowy,"Wyrażony w % średni wynik uczniów uzyskiwany na egzaminie ósmoklasisty w części podstawowej z języka angielskiego (wskaźnik aktualizowany od 2019 roku, w którym uczniowie szkół podstawowych po raz pierwszy przystąpili do egzaminu ósmoklasisty)",2024,60.69,,60.69
powiat dąbrowski,EDUKACJA,Wyniki egzaminu ósmoklasisty – matematyka,"Wyrażony w % średni wynik uczniów uzyskiwany na egzaminie ósmoklasisty w części z matematyki (wskaźnik aktualizowany od 2019 roku, w którym uczniowie szkół podstawowych po raz pierwszy przystąpili do egzaminu ósmoklasisty)",2024,52.12,,52.12
powiat dąbrowski,EDUKACJA,Wybory edukacyjne ósmoklasistów – technikum,"Wyrażony w % udział absolwentów szkół podstawowych, którzy wybrali technikum jako miejsce dalszego kształcenia. Wskaźnik obliczony na podstawie liczby uczniów w klasie pierwszej technikum. (wskaźnik aktualizowany od 2020 roku po ostatecznym wygaszeniu szkół gimnazjalnych)",2024,33.82,,33.82
powiat dąbrowski,EDUKACJA,Wybory edukacyjne ósmoklasistów – liceum ogólnokształcące,"Wyrażony w % udział absolwentów szkół podstawowych, którzy wybrali liceum ogólnokształcące jako miejsce dalszego kształcenia. Wskaźnik obliczony na podstawie liczby uczniów w klasie pierwszej liceów ogólnokształcących. (wskaźnik aktualizowany od 2020 roku po ostatecznym wygaszeniu szkół gimnazjalnych)",2024,35.30,,35.30
powiat dąbrowski,EDUKACJA,Wybory edukacyjne ósmoklasistów – szkoła branżowa I stopnia,"Wyrażony w % udział absolwentów szkół podstawowych, którzy wybrali szkołę branżową I stopnia jako miejsce dalszego kształcenia. Wskaźnik obliczony na podstawie liczby uczniów w klasie pierwszej szkół branżowych I stopnia. (wskaźnik aktualizowany od 2020 roku po ostatecznym wygaszeniu szkół gimnazjalnych)",2024,30.88,,30.88
powiat dąbrowski,RYNEK PRACY,Stopa bezrobocia,"Stopa bezrobocia - procentowy udział liczby bezrobotnych w liczbie ludności aktywnej zawodowo (tzn. pracującej i bezrobotnej). Przez bezrobotnych ( za Ustawą z dnia 20 kwietnia 2004 r. o promocji zatrudnienia i instytucjach rynku pracy) rozumiemy osoby niezatrudnione i nie wykonujące innej pracy zarobkowej, zdolne i gotowe do podjęcia zatrudnienia w pełnym wymiarze czasu pracy (bądź jeśli są to osoby niepełnosprawne - zdolne i gotowe do podjęcia zatrudnienia co najmniej w połowie tego wymiaru czasu pracy), nieuczące się w szkole z wyjątkiem szkół dla dorosłych lub szkół wyższych w systemie wieczorowym albo zaocznym, zarejestrowane we właściwym dla miejsca zameldowania (stałego lub czasowego) powiatowym urzędzie pracy oraz poszukujące zatrudnienia lub innej pracy zarobkowej, jeżeli spełniają określone w Ustawie warunki.",2024,11.40,,11.40
powiat dąbrowski,RYNEK PRACY,Bezrobocie kobiet,"Bezrobocie kobiet - Wyrażony w % udział bezrobotnych kobiet w liczbie bezrobotnych ogółem. Do kategorii osób bezrobotnych wlicza się wyłącznie osoby zarejestrowane w powiatowych urzędach pracy. Przez bezrobotnych ( za Ustawą z dnia 20 kwietnia 2004 r. o promocji zatrudnienia i instytucjach rynku pracy) rozumiemy osoby niezatrudnione i nie wykonujące innej pracy zarobkowej, zdolne i gotowe do podjęcia zatrudnienia w pełnym wymiarze czasu pracy (bądź jeśli są to osoby niepełnosprawne - zdolne i gotowe do podjęcia zatrudnienia co najmniej w połowie tego wymiaru czasu pracy), nieuczące się w szkole z wyjątkiem szkół dla dorosłych lub szkół wyższych w systemie wieczorowym albo zaocznym, zarejestrowane we właściwym dla miejsca zameldowania (stałego lub czasowego) powiatowym urzędzie pracy oraz poszukujące zatrudnienia lub innej pracy zarobkowej, jeżeli spełniają określone w Ustawie warunki.",2024,54.74,,54.74
powiat dąbrowski,RYNEK PRACY,Bezrobocie rodzinne,"Odsetek osób bezrobotnych zamieszkujących gospodarstwo domowe, w którym dwie lub więcej osób pozostaje na bezrobociu. Dane dla powiatu tarnowskiego i Tarnowa przedstawione zostały łącznie. Dane obrazują stan na 31 XII danego roku.",2024,21.55,%,21.55%
powiat dąbrowski,RYNEK PRACY,Bezrobotni dłużej niż 1 rok,"Wyrażony w % udział bezrobotnych dłużej niż 1 rok w liczbie bezrobotnych ogółem. Do kategorii osób bezrobotnych wlicza się wyłącznie osoby zarejestrowane w powiatowych urzędach pracy. Przez bezrobotnych ( za Ustawą z dnia 20 kwietnia 2004 r. o promocji zatrudnienia i instytucjach rynku pracy) rozumiemy osoby niezatrudnione i nie wykonujące innej pracy zarobkowej, zdolne i gotowe do podjęcia zatrudnienia w pełnym wymiarze czasu pracy (bądź jeśli są to osoby niepełnosprawne - zdolne i gotowe do podjęcia zatrudnienia co najmniej w połowie tego wymiaru czasu pracy), nieuczące się w szkole z wyjątkiem szkół dla dorosłych lub szkół wyższych w systemie wieczorowym albo zaocznym, zarejestrowane we właściwym dla miejsca zameldowania (stałego lub czasowego) powiatowym urzędzie pracy oraz poszukujące zatrudnienia lub innej pracy zarobkowej, jeżeli spełniają określone w Ustawie warunki.",2024,47.30,,47.30
powiat dąbrowski,RYNEK PRACY,Bezrobotni z wykształceniem gimnazjalnym i niższym,"Wyrażony w % udział bezrobotnych z wykształceniem gimnazjalnym i niższym w liczbie bezrobotnych ogółem. Do kategorii osób bezrobotnych wlicza się wyłącznie osoby zarejestrowane w powiatowych urzędach pracy. Przez bezrobotnych ( za Ustawą z dnia 20 kwietnia 2004 r. o promocji zatrudnienia i instytucjach rynku pracy) rozumiemy osoby niezatrudnione i nie wykonujące innej pracy zarobkowej, zdolne i gotowe do podjęcia zatrudnienia w pełnym wymiarze czasu pracy (bądź jeśli są to osoby niepełnosprawne - zdolne i gotowe do podjęcia zatrudnienia co najmniej w połowie tego wymiaru czasu pracy), nieuczące się w szkole z wyjątkiem szkół dla dorosłych lub szkół wyższych w systemie wieczorowym albo zaocznym, zarejestrowane we właściwym dla miejsca zameldowania (stałego lub czasowego) powiatowym urzędzie pracy oraz poszukujące zatrudnienia lub innej pracy zarobkowej, jeżeli spełniają określone w Ustawie warunki.",2024,16.76,,16.76
powiat dąbrowski,RYNEK PRACY,Bezrobotni w wieku poniżej 25 lat,"Wyrażony w % udział bezrobotnych poniżej 25. roku życia w liczbie bezrobotnych ogółem. Do kategorii osób bezrobotnych wlicza się wyłącznie osoby zarejestrowane w powiatowych urzędach pracy. Przez bezrobotnych ( za Ustawą z dnia 20 kwietnia 2004 r. o promocji zatrudnienia i instytucjach rynku pracy) rozumiemy osoby niezatrudnione i nie wykonujące innej pracy zarobkowej, zdolne i gotowe do podjęcia zatrudnienia w pełnym wymiarze czasu pracy (bądź jeśli są to osoby niepełnosprawne - zdolne i gotowe do podjęcia zatrudnienia co najmniej w połowie tego wymiaru czasu pracy), nieuczące się w szkole z wyjątkiem szkół dla dorosłych lub szkół wyższych w systemie wieczorowym albo zaocznym, zarejestrowane we właściwym dla miejsca zameldowania (stałego lub czasowego) powiatowym urzędzie pracy oraz poszukujące zatrudnienia lub innej pracy zarobkowej, jeżeli spełniają określone w Ustawie warunki.",2024,19.49,,19.49
powiat dąbrowski,RYNEK PRACY,Bezrobotni w wieku 25-34 lata,"Wyrażony w % udział bezrobotnych w wieku 25-34 lata w liczbie bezrobotnych ogółem. Do kategorii osób bezrobotnych wlicza się wyłącznie osoby zarejestrowane w powiatowych urzędach pracy. Przez bezrobotnych ( za Ustawą z dnia 20 kwietnia 2004 r. o promocji zatrudnienia i instytucjach rynku pracy) rozumiemy osoby niezatrudnione i nie wykonujące innej pracy zarobkowej, zdolne i gotowe do podjęcia zatrudnienia w pełnym wymiarze czasu pracy (bądź jeśli są to osoby niepełnosprawne - zdolne i gotowe do podjęcia zatrudnienia co najmniej w połowie tego wymiaru czasu pracy), nieuczące się w szkole z wyjątkiem szkół dla dorosłych lub szkół wyższych w systemie wieczorowym albo zaocznym, zarejestrowane we właściwym dla miejsca zameldowania (stałego lub czasowego) powiatowym urzędzie pracy oraz poszukujące zatrudnienia lub innej pracy zarobkowej, jeżeli spełniają określone w Ustawie warunki.",2024,29.26,,29.26
powiat dąbrowski,RYNEK PRACY,Bezrobotni w wieku 55 lat i więcej,"Wyrażony w % udział bezrobotnych powyżej 55. roku życia w liczbie bezrobotnych ogółem. Do kategorii osób bezrobotnych wlicza się wyłącznie osoby zarejestrowane w powiatowych urzędach pracy. Przez bezrobotnych ( za Ustawą z dnia 20 kwietnia 2004 r. o promocji zatrudnienia i instytucjach rynku pracy) rozumiemy osoby niezatrudnione i nie wykonujące innej pracy zarobkowej, zdolne i gotowe do podjęcia zatrudnienia w pełnym wymiarze czasu pracy (bądź jeśli są to osoby niepełnosprawne - zdolne i gotowe do podjęcia zatrudnienia co najmniej w połowie tego wymiaru czasu pracy), nieuczące się w szkole z wyjątkiem szkół dla dorosłych lub szkół wyższych w systemie wieczorowym albo zaocznym, zarejestrowane we właściwym dla miejsca zameldowania (stałego lub czasowego) powiatowym urzędzie pracy oraz poszukujące zatrudnienia lub innej pracy zarobkowej, jeżeli spełniają określone w Ustawie warunki.",2024,11.73,,11.73
powiat dąbrowski,RYNEK PRACY,Prowadzący działalność gospodarczą,Osoby fizyczne prowadzące działalność gospodarczą na 100 osób w wieku produkcyjnym. Dane bez osób prowadzących gospodarstwa indywidualne w rolnictwie.,2024,10.31,,10.31
powiat dąbrowski,RYNEK PRACY,Zatrudnienie w branży finansowej i nieruchomościach,"Wyrażony w % udział pracujących w branży finansowej i nieruchomościach w stosunku do ogółu pracujących. Dane do 2021 roku bez podmiotów gospodarczych o liczbie pracujących do 9 osób. Podział branż jest zgodny z PKD 2007. Dotyczy sekcji: ""Działalność finansowa i ubezpieczeniowa; obsługa rynku nieruchomości"". W związku z wprowadzonymi zmianami metodologicznymi w pozyskiwaniu danych dotyczących: pracujących, zatrudnionych oraz przeciętnego zatrudnienia według PKD, dane od 2022 roku nie mogą być porównywane z danymi dla lat poprzednich.",2024,1.02,,1.02
powiat dąbrowski,RYNEK PRACY,Zatrudnienie w rolnictwie,"Wyrażony w % udział pracujących w rolnictwie w stosunku do ogółu pracujących. Dane łącznie z rolnictwem indywidualnym. Dane dotyczące pracujących w gospodarstwach indywidualnych w rolnictwie według stanu w dniu 31 XII w latach 2002-2009 wyszacowano na podstawie wyników Narodowego Spisu Powszechnego Ludności i Mieszkań oraz Powszechnego Spisu Rolnego 2002 oraz w 2010 r. na podstawie Powszechnego Spisu Rolnego 2010. Podział branż jest zgodny z PKD 2007. Dotyczy sekcji: ""Rolnictwo, leśnictwo, łowiectwo i rybactwo"". W związku z wprowadzonymi zmianami metodologicznymi w pozyskiwaniu danych dotyczących: pracujących, zatrudnionych oraz przeciętnego zatrudnienia według PKD, dane od 2022 roku nie mogą być porównywane z danymi dla lat poprzednich.",2024,37.01,,37.01
powiat dąbrowski,RYNEK PRACY,Zatrudnienie w przemyśle i budownictwie,"Wyrażony w % udział pracujących w przemyśle i budownictwie w stosunku do ogółu pracujących. Dane do 2021 roku bez podmiotów gospodarczych o liczbie pracujących do 9 osób. Podział branż jest zgodny z PKD 2007. Pod pojęciem ""Przemysł i budownictwo"" rozumie się sekcje: ""Górnictwo i wydobywanie""; ""Przetwórstwo przemysłowe""; ""Wytwarzanie i zaopatrywanie w energię elektryczną, gaz, parę wodną i gorącą wodę""; ""Dostawa wody; gospodarowanie ściekami i odpadami; rekultywacja"" oraz ""Budownictwo"". W związku z wprowadzonymi zmianami metodologicznymi w pozyskiwaniu danych dotyczących: pracujących, zatrudnionych oraz przeciętnego zatrudnienia według PKD, dane od 2022 roku nie mogą być porównywane z danymi dla lat poprzednich.",2024,23.36,,23.36
powiat dąbrowski,RYNEK PRACY,"Zatrudnienie w handlu, transporcie, turystyce, informacji i komunikacji","Wyrażony w % udział pracujących w handlu, transporcie, turystyce, informacji i komunikacji w stosunku do ogółu pracujących. Dane do 2021 roku bez podmiotów gospodarczych o liczbie pracujących do 9 osób. Podział branż jest zgodny z PKD 2007. Dotyczy sekcji: ""Handel""; ""Naprawa pojazdów samochodowych""; ""Transport i gospodarka magazynowa""; ""Zakwaterowanie i gastronomia"" oraz ""Informacja i komunikacja"". W związku z wprowadzonymi zmianami metodologicznymi w pozyskiwaniu danych dotyczących: pracujących, zatrudnionych oraz przeciętnego zatrudnienia według PKD, dane od 2022 roku nie mogą być porównywane z danymi dla lat poprzednich.",2024,14.74,,14.74
powiat dąbrowski,RYNEK PRACY,Zatrudnienie w pozostałych usługach,"Wyrażony w % udział pracujących w pozostałych usługach w stosunku do ogółu pracujących. Dane do 2021 roku bez podmiotów gospodarczych o liczbie pracujących do 9 osób. Podział branż jest zgodny z PKD 2007. Pod pojęciem ""Pozostałe usługi"" rozumie się sekcje: ""Działalność profesjonalna, naukowa i techniczna""; ""Administrowanie i działalność wspierająca""; ""Administracja publiczna i obrona narodowa, obowiązkowe zabezpieczenia społeczne""; ""Edukacja""; ""Opieka zdrowotna i pomoc społeczna""; ""Działalność związana z kulturą rozrywką i rekreacją"" oraz ""Pozostała działalność usługowa"". W związku z wprowadzonymi zmianami metodologicznymi w pozyskiwaniu danych dotyczących: pracujących, zatrudnionych oraz przeciętnego zatrudnienia według PKD, dane od 2022 roku nie mogą być porównywane z danymi dla lat poprzednich.",2024,23.71,,23.71
powiat dąbrowski,MOBILNOŚĆ,Saldo migracji stałych,"Wskaźnik migracji stałych - różnica między napływem a odpływem ludności z danego obszaru w danym czasie. Saldo migracji stałych uwzględnia zarazem dane ze stałych migracji zewnętrznych jak i wewnętrznych. Migracje stałe to takie, które wiążą się ze zmianą miejsca zamieszkania na pobyt stały. W świetle prawa polskiego, tego typu migracje związane są z dokonaniem w biurze ewidencji ludności zameldowania lub wymeldowania. W 2015 roku GUS zrezygnował z opublikowania danych dotyczących migracji zagranicznych z powodu braku ich kompletności. Dlatego niemożliwe było określenie poziomu migracji stałych za rok 2015.",2024,-120.00,,-120.00
powiat dąbrowski,MOBILNOŚĆ,Saldo migracji zagranicznych,Wskaźnik migracji zagranicznych - różnica między odpływem zagranicę a napływem do kraju ludności w danym czasie.,2024,-4.00,,-4.00
powiat dąbrowski,BUDŻETY GMIN,Wydatki budżetów gmin ogółem,"Wskaźnik wydatków gmin - wydatki budżetów gmin i miast na prawach powiatów w przeliczeniu na jednego mieszkańca. Dane stanowią sumę wydatków na rolnictwo, transport, gospodarkę komunalną, gosp. mieszkaniową, oświatę i wychowanie, kulturę i sztukę, ochronę zdrowia, kulturę fizyczną i sport, a także wydatki na administrację samorządową. Wydatki te są sklasyfikowane w rozporządzeniu Ministra Finansów z dnia 14 czerwca 2006 r. w sprawie szczegółowej klasyfikacji dochodów, wydatków, przychodów i rozchodów oraz środków pochodzących ze źródeł zagranicznych (Dz. U. 2006 r. Nr 107, poz.726, z późn. zm.). Wartości podawane są w złotówkach.",2024,7061.52,,7061.52
powiat dąbrowski,BUDŻETY GMIN,Wydatki budżetów gmin - oświata i wychowanie,"Wskaźnik wydatków gmin na oświatę i wychowanie - wydatki budżetów gmin i miast na prawach powiatów na oświatę i wychowanie w przeliczeniu na jednego mieszkańca. Dane stanowią sumę wydatków sklasyfikowanych w dziale 801 rozporządzenia Ministra Finansów z dnia 14 czerwca 2006 r. w sprawie szczegółowej klasyfikacji dochodów, wydatków, przychodów i rozchodów oraz środków pochodzących ze źródeł zagranicznych (Dz. U. 2006 r. Nr 107, poz.726, z późn. zm.). Wartości podawane są w złotówkach.",2024,2824.93,,2824.93
powiat dąbrowski,BUDŻETY GMIN,Wydatki budżetów gmin - kultura,"Wskaźnik wydatków gmin na kulturę i ochronę dziedzictwa narodowego - wydatki budżetów gmin i miast na prawach powiatów na kulturę i ochronę dziedzictwa narodowego w przeliczeniu na jednego mieszkańca. Dane stanowią sumę wydatków sklasyfikowanych w dziale 921 rozporządzenia Ministra Finansów z dnia 14 czerwca 2006 r. w sprawie szczegółowej klasyfikacji dochodów, wydatków, przychodów i rozchodów oraz środków pochodzących ze źródeł zagranicznych (Dz. U. 2006 r. Nr 107, poz.726, z późn. zm.). Wartości podawane są w złotówkach.",2024,193.89,,193.89
powiat dąbrowski,BUDŻETY GMIN,Wydatki budżetów gmin - pomoc społeczna,"Wskaźnik wydatków gmin na pomoc społeczną - wydatki budżetów gmin i miast na prawach powiatów na pomoc społeczną i pozostałe zadania w zakresie polityki społecznej w przeliczeniu na jednego mieszkańca. Dane stanowią sumę wydatków sklasyfikowanych w działach 852 i 853 rozporządzenia Ministra Finansów z dnia 14 czerwca 2006 r. w sprawie szczegółowej klasyfikacji dochodów, wydatków, przychodów i rozchodów oraz środków pochodzących ze źródeł zagranicznych (Dz. U. 2006 r. Nr 107, poz.726, z późn. zm.). Dane podawane są w złotówkach.",2024,494.08,,494.08
powiat gorlicki,LUDNOŚĆ,Ludność ogółem,Liczba ludności zamieszkałej na danym terenie (dane zgodnie z faktycznym miejscem zamieszkania wg podziału administracyjnego na dzień 31 XII).,2024,104592,,104592
powiat gorlicki,LUDNOŚĆ,Ludność w wieku przedprodukcyjnym,Udział ludności w wieku przedprodukcyjnym w liczbie ludności ogółem. Przez ludność w wieku przedprodukcyjnym rozumie się ludność w wieku do 17 roku życia.,2024,19.28,%,19.28%
powiat gorlicki,LUDNOŚĆ,Ludność w wieku produkcyjnym,"Udział ludności w wieku produkcyjnym w liczbie ludności ogółem. Przez ludność w wieku produkcyjnym rozumie się ludność w wieku zdolności do pracy. Dla mężczyzn przyjęto wiek 18-64 lata, dla kobiet 18-59 lat.",2024,58.07,%,58.07%
powiat gorlicki,LUDNOŚĆ,Ludność w wieku poprodukcyjnym,Udział ludności w wieku emerytalnym w liczbie ludności ogółem. Przez ludność w wieku poprodukcyjnym rozumie się ludność w wieku od 64 lat - dla mężczyzn i od 59 lat - dla kobiet.,2024,22.65,%,22.65%
powiat gorlicki,LUDNOŚĆ,Ludność w wieku 60+,Udział ludności w wieku 60 i więcej lat w liczbie ludności ogółem.,2024,25.89,%,25.89%
powiat gorlicki,LUDNOŚĆ,Wskaźnik podwójnego starzenia,Udział osób w wieku 80 i więcej lat w grupie osób wieku 60 i więcej lat.,2024,16.64,%,16.64%
powiat gorlicki,LUDNOŚĆ,Wskaźnik wsparcia osób najstarszych,Liczba osób w wieku 85 lat i więcej przypadająca na 100 osób w wieku 50–64 lata,2024,12,,12
powiat gorlicki,LUDNOŚĆ,Potencjał pielęgnacyjny,Liczba kobiet w wieku 45-64 lata (potencjalnych opiekunów rodzinnych) przypadających na 100 osób w wieku 80 i więcej lat,2024,311,,311
powiat gorlicki,LUDNOŚĆ,Wskaźnik obciążenia demograficznego,Wskaźnik obciążenia demograficznego - ludność w wieku nieprodukcyjnym przypadająca na 100 osób w wieku produkcyjnym. Przez ludność w wieku produkcyjnym rozumie się osoby w wieku zdolności do pracy tj. mężczyźni w wieku 18 - 64 lat oraz kobiety w wieku 18 - 59.,2024,72.20,,72.20
powiat gorlicki,LUDNOŚĆ,Przyrost naturalny na 1 000 ludności,Różnica między liczbą urodzeń żywych a liczbą zgonów w danym roku (bez rozróżnienia na płeć).,2024,-4.61,,-4.61
powiat gorlicki,LUDNOŚĆ,Wskaźnik feminizacji,Wskaźnik feminizacji - wielkość demograficzna określająca ile kobiet przypada na 100 mężczyzn na danym terenie.,2024,102.29,,102.29
powiat gorlicki,LUDNOŚĆ,Wskaźnik maskulinizacji,Wskaźnik maskulinizacji - wielkość demograficzna określająca ilu mężczyzn przypada na 100 kobiet na danym terenie.,2024,97.76,,97.76
powiat gorlicki,LUDNOŚĆ,Wskaźnik gęstości zaludnienia,Wskaźnik gęstości zaludnienia - liczba mieszkańców przypadająca na 1 km².,2024,108.20,,108.20
powiat gorlicki,LUDNOŚĆ,Wskaźnik urbanizacji,"Wskaźnik urbanizacji - udział mieszkańców miast w liczbie mieszkańców ogółem. Do wyliczenia wskaźnika posłużono się danymi na temat ludności faktycznie zamieszkałej na dzień 31 XII każdego roku. Ludnośc faktycznie zamieszkała obejmuje: a) stałych mieszkańców, z wyjatkiem osób przebywających poza miejscem zamieszkania przez okres powyżej 3 miesięcy w kraju oraz obejmuje wszystkie osoby przebywajace za granicą (bez względu na okres ich nieobecności) b) osoby przebywające czasowo przez okres powyżej 3 miesięcy, przybyłe z innego miejsca w kraju. Dane za lata 2010 - 2021 bazują na wynikach Narodowego Spisu Powszechnego Ludności i Mieszkań 2011.",2024,31.07,%,31.07%
powiat gorlicki,LUDNOŚĆ,Małżeństwa na 1000 mieszkańców,Liczba zawartych małżeństw w przeliczeniu na 1000 mieszkańców.,2024,3.40,,3.40
powiat gorlicki,LUDNOŚĆ,Urodzenia na 1000 mieszkańców,Liczba urodzeń żywych w przeliczeniu na 1000 mieszkańców.,2024,5.99,,5.99
powiat gorlicki,LUDNOŚĆ,Zgony na 1000 mieszkańców,Liczba zgonów w przeliczeniu na 1000 mieszkańców.,2024,10.61,,10.61
powiat gorlicki,LUDNOŚĆ,Wskaźnik/ indeks starości,"Relacja pokoleniowa dziadków i wnuczków, tj. liczba osób w wieku 65 i więcej lat przypadająca na 100 osób w wieku 0-14 lat",2024,124,,124
powiat gorlicki,LUDNOŚĆ,Ludność w wieku 65+/ Współczynnik starości demograficznej,Relacja liczby osób w starszym wieku (65 lat i więcej) do ogólnej liczby ludności.,2024,19.34,%,19.34%
powiat gorlicki,LUDNOŚĆ,Wskaźnik potencjalnego wsparcia,Liczba osób w wieku 15-64 lata przypadająca na 100 osób w wieku 65 lat i więcej. Przedstawia tzw. obciążenie - ile osób hipotetycznie pozostających na rynku pracy przypada na 1 osobę (100 osób) będącą już poza rykiem pracy (odwrotność cząstkowego współczynnika obciążenia demograficznego osobami starszymi).,2024,337,,337
powiat gorlicki,POMOC SPOŁECZNA - K,Liczba mieszkańców na 1 pracownika socjalnego,Liczba mieszkańców przypadająca na jednego pracownika socjalnego zatrudnionego w ośrodku pomocy społecznej.,2024,1634,,1634
powiat gorlicki,POMOC SPOŁECZNA - K,Pracownicy socjalni OPS posiadający wyższe wykształcenie,Udział pracowników socjalnych posiadających wyższe wykształcenie w ogólnej licznie pracowników socjalnych.,2024,67.74,%,67.74%
powiat gorlicki,POMOC SPOŁECZNA - K,Pracownicy socjalni OPS posiadający I stopień specjalizacji w zawodzie pracownik socjalny,Udział pracowników socjalnych OPS posiadających I stopień specjalizacji w zawodzie pracownik socjalny w ogólnej liczbie pracowników socjalnych.,2024,29.03,%,29.03%
powiat gorlicki,POMOC SPOŁECZNA - K,Pracownicy socjalni OPS posiadający II stopień specjalizacji w zawodzie pracownik socjalny,Udział pracowników socjalnych posiadających II stopień specjalizacji w zawodzie pracownik socjalny w ogólnej liczbie pracowników socjalnych.,2024,3.23,%,3.23%
powiat gorlicki,POMOC SPOŁECZNA - P,Alkoholizm,Odsetek klientów pomocy społecznej korzystających ze wsparcia z powodu alkoholizmu (na podstawie danych o rzeczywistej liczbie osób w rodzinach objętych pomocą społeczną).,2024,3.70,%,3.70%
powiat gorlicki,POMOC SPOŁECZNA - P,Bezdomność,Odsetek klientów pomocy społecznej korzystających ze wsparcia z powodu bezdomności (na podstawie danych o rzeczywistej liczbie osób w rodzinach objętych pomocą społeczną).,2024,0.49,%,0.49%
powiat gorlicki,POMOC SPOŁECZNA - P,Bezradność w sprawach opiekuńczo-wychowawczych i prowadzenia gosp. dom.,Odsetek klientów pomocy społecznej korzystających ze wsparcia z powodu bezradności w sprawach opiekuńczo-wychowawczych i prowadzenia gospodarstwa domowego (na podstawie danych o rzeczywistej liczbie osób w rodzinach objętych pomocą społeczną).,2024,10.24,%,10.24%
powiat gorlicki,POMOC SPOŁECZNA - P,Bezrobocie,Odsetek klientów pomocy społecznej korzystających ze wsparcia z powodu bezrobocia (na podstawie danych o rzeczywistej liczbie osób w rodzinach objętych pomocą społeczną).,2024,20.60,%,20.60%
powiat gorlicki,POMOC SPOŁECZNA - P,Długotrwała lub ciężka choroba,Odsetek klientów pomocy społecznej korzystających ze wsparcia z powodu długotrwałej bądź ciężkiej choroby (na podstawie danych o rzeczywistej liczbie osób w rodzinach objętych pomocą społeczną).,2024,50.31,%,50.31%
powiat gorlicki,POMOC SPOŁECZNA - P,Narkomania,Odsetek klientów pomocy społecznej korzystających ze wsparcia z powodu narkomanii (na podstawie danych o rzeczywistej liczbie osób w rodzinach objętych pomocą społeczną).,2024,0.10,%,0.10%
powiat gorlicki,POMOC SPOŁECZNA - P,Niepełnosprawność,Odsetek klientów pomocy społecznej korzystających ze wsparcia z powodu niepełnosprawności (na podstawie danych o rzeczywistej liczbie osób w rodzinach objętych pomocą społeczną).,2024,39.65,%,39.65%
powiat gorlicki,POMOC SPOŁECZNA - P,Potrzeba ochrony macierzyństwa,Odsetek klientów pomocy społecznej korzystających ze wsparcia z powodu potrzeby ochrony macierzyństwa (na podstawie danych o rzeczywistej liczbie osób w rodzinach objętych pomocą społeczną).,2024,37.68,%,37.68%
powiat gorlicki,POMOC SPOŁECZNA - P,Przemoc domowa,Odsetek klientów pomocy społecznej korzystających ze wsparcia z powodu przemocy domowej (na podstawie danych o rzeczywistej liczbie osób w rodzinach objętych pomocą społeczną).,2024,4.09,%,4.09%
powiat gorlicki,POMOC SPOŁECZNA - P,Sieroctwo,Odsetek klientów pomocy społecznej korzystających ze wsparcia z powodu sieroctwa (na podstawie danych o rzeczywistej liczbie osób w rodzinach objętych pomocą społeczną).,2024,0.00,%,0.00%
powiat gorlicki,POMOC SPOŁECZNA - P,Sytuacja kryzysowa,Odsetek klientów pomocy społecznej korzystających ze wsparcia z powodu sytuacji kryzysowej (na podstawie danych o rzeczywistej liczbie osób w rodzinach objętych pomocą społeczną).,2024,1.02,%,1.02%
powiat gorlicki,POMOC SPOŁECZNA - P,Ubóstwo,Odsetek klientów pomocy społecznej korzystających ze wsparcia z powodu ubóstwa (na podstawie danych o rzeczywistej liczbie osób w rodzinach objętych pomocą społeczną).,2024,41.55,%,41.55%
powiat gorlicki,POMOC SPOŁECZNA - P,Wielodzietność,Odsetek klientów pomocy społecznej korzystających ze wsparcia z powodu wielodzietności (na podstawie danych o rzeczywistej liczbie osób w rodzinach objętych pomocą społeczną).,2024,34.86,%,34.86%
powiat gorlicki,POMOC SPOŁECZNA - P,Zdarzenie losowe,Odsetek klientów pomocy społecznej korzystających ze wsparcia z powodu zdarzenia losowego (na podstawie danych o rzeczywistej liczbie osób w rodzinach objętych pomocą społeczną).,2024,0.41,%,0.41%
powiat gorlicki,POMOC SPOŁECZNA - B,Beneficjenci pomocy społecznej,"Udział osób korzystających z pomocy społecznej w liczbie ludności ogółem - na podstawie danych o rzeczywistej liczbie osób w rodzinach objętych pomocą społeczną (świadczenia przyznane w ramach zadań zleconych i własnych bez względu na rodzaj, formę, liczbę oraz źródło finansowania).",2024,6.03,%,6.03%
powiat gorlicki,POMOC SPOŁECZNA - B,Rodziny niepełne objęte pomocą społeczną,"Wskaźnik pomocy społecznej udzielonej rodzinom niepełnym - udział rodzin niepełnych objętych pomocą (w której skład wchodzi jedno z rodziców z dzieckiem/ dziećmi) w liczbie wszystkich rodzin z dziećmi, którym udzielono pomocy.",2024,27.94,%,27.94%
powiat gorlicki,POMOC SPOŁECZNA - B,Rodziny wielodzietne objęte pomocą społeczną,"Wskaźnik pomocy społecznej udzielonej rodzinom wielodzietnym - udział rodzin wielodzietnych (3 dzieci i więcej) objętych pomocą w liczbie wszystkich rodzin z dziećmi, którym udzielono pomocy.",2024,43.26,%,43.26%
powiat gorlicki,POMOC SPOŁECZNA - B,Rodziny emerytów i rencistów objęte pomocą społeczną,"Wskaźnik pomocy społecznej udzielonej rodzinom emerytów i rencistów - udział rodzin emerytów i rencistów objętych pomocą w liczbie wszystkich rodzin, którym udzielono pomocy.",2024,24.96,%,24.96%
powiat gorlicki,POMOC SPOŁECZNA - B,Pensjonariusze DPS nieopuszczający łóżek,Odsetek pensjonariuszy Domów Pomocy Społecznej nieopuszczających łóżek. Dane na temat liczby mieszkańców Domów Pomocy Społecznej zebrano wg. stanu na dzień 31 grudnia. W statystykach uwzględniono mieszkańców Domów Pomocy Społecznej i podmiotów niepublicznych w roku sprawozdawczym.,2024,11.82,%,11.82%
powiat gorlicki,POMOC SPOŁECZNA - B,Pensjonariusze DPS do 18 roku życia,Odsetek pensjonariuszy Domów Pomocy Społecznej w wieku do18 roku życia. Dane na temat liczby mieszkańców Domów Pomocy Społecznej zebrano wg. stanu na dzień 31 grudnia. W statystykach uwzględniono mieszkańców Domów Pomocy Społecznej i podmiotów niepublicznych w roku sprawozdawczym.,2024,0.00,%,0.00%
powiat gorlicki,POMOC SPOŁECZNA - B,Pensjonariusze DPS w wieku 19-40 lat,Odsetek pensjonariuszy Domów Pomocy Społecznej wieku 19-40 lat. Dane na temat liczby mieszkańców Domów Pomocy Społecznej zebrano wg. stanu na dzień 31 grudnia. W statystykach uwzględniono mieszkańców Domów Pomocy Społecznej i podmiotów niepublicznych w roku sprawozdawczym.,2024,2.03,%,2.03%
powiat gorlicki,POMOC SPOŁECZNA - B,Pensjonariusze DPS w wieku 41-60 lat,Odsetek pensjonariuszy Domów Pomocy Społecznej wieku 41-60 lat. Dane na temat liczby mieszkańców Domów Pomocy Społecznej zebrano wg. stanu na dzień 31 grudnia. W statystykach uwzględniono mieszkańców Domów Pomocy Społecznej i podmiotów niepublicznych w roku sprawozdawczym.,2024,22.30,%,22.30%
powiat gorlicki,POMOC SPOŁECZNA - B,Pensjonariusze DPS w wieku 61-74 lat,Odsetek pensjonariuszy Domów Pomocy Społecznej wieku 60-74 lat. Dane na temat liczby mieszkańców Domów Pomocy Społecznej zebrano wg. stanu na dzień 31 grudnia. W statystykach uwzględniono mieszkańców Domów Pomocy Społecznej i podmiotów niepublicznych w roku sprawozdawczym.,2024,36.82,%,36.82%
powiat gorlicki,POMOC SPOŁECZNA - B,Pensjonariusze DPS w wieku powyżej 74 lat,Odsetek pensjonariuszy Domów Pomocy Społecznej wieku powyżej 74 lat. Dane na temat liczby mieszkańców Domów Pomocy Społecznej zebrano wg. stanu na dzień 31 grudnia. W statystykach uwzględniono mieszkańców Domów Pomocy Społecznej i podmiotów niepublicznych w roku sprawozdawczym.,2024,38.85,%,38.85%
powiat gorlicki,Sheet6,Świadczenia pieniężne z pomocy społecznej,Odsetek korzystających ze świadczeń pieniężnych w ogólnej liczbie świadczeniobiorców pomocy społecznej (liczba osób w rodzinach),2024,67.42,%,67.42%
powiat gorlicki,Sheet6,Świadczenia niepieniężne z pomocy społecznej,Odsetek korzystających ze świadczeń niepieniężnych w ogólnej liczbie świadczeniobiorców pomocy społecznej (liczba osób w rodzinach),2024,63.47,%,63.47%
powiat gorlicki,Sheet6,Osoby korzystające z usług opiekuńczych i specjalistycznych usług opiekuńczych,Liczba osób korzystających z usług opiekuńczych (w tym specjalistycznych usług opiekuńczych).,2024,285,,285
powiat gorlicki,Sheet6,Osoby korzystające ze specjalistycznych usług opiekuńczych dla osób z zaburzeniami psychicznymi,Liczba osób korzystających ze specjalistycznych usług opiekuńczych w miejscu zamieszkania dla osób z zaburzeniami psychicznymi.,2024,62,,62
powiat gorlicki,Sheet6,Osoby objęte kontraktami socjalnymi,Udział osób objętych kontraktami socjalnymi w ogólnej liczbie osób w rodzinach świadczeniobiorców pomocy społecznej.,2024,1.99,%,1.99%
powiat gorlicki,Sheet6,Osoby objęte dożywianiem na 1000 mieszkańców,Wskaźnik pomocy w zakresie dożywiania - liczba osób objętych pomocą państwa w zakresie dożywiania w przeliczeniu na 1000 mieszkańców.,2024,36,,36
powiat gorlicki,Sheet6,Udział dzieci w ogóle osób objętych dożywianiem,"Udział dzieci w liczbie wszystkich osób objętych pomocą państwa w zakresie dożywiania. Sprawozdanie z realizacji programu ""Pomoc Państwa w zakresie dożywiania"" do 2013 roku obejmowało dzieci do lat 7. Od 2014 roku w sprawozdaniu liczba dzieci jest określona na podstawie momentu rozpoczęcia nauki w szkole podstawowej.",2024,16,%,16%
powiat gorlicki,Sheet6,Udział uczniów w ogóle osób objętych dożywianiem,Udział dzieci w wieku szkolnym (uczniowie do czasu ukończenia szkoły ponadgimnazjalnej) w liczbie wszystkich osób objętych pomocą państwa w zakresie dożywiania.,2024,41,%,41%
powiat gorlicki,POMOC SPOŁECZNA I O,Centra integracji społecznej,Liczba centrów integracji społecznej działających na danym terenie. Stan na 31 XII.,2024,1,,1
powiat gorlicki,POMOC SPOŁECZNA I O,Domy pomocy społecznej,Liczba domów pomocy społecznej działających na danym terenie (bez podziału na typy).,2024,4,,4
powiat gorlicki,POMOC SPOŁECZNA I O,Dzienne domy pomocy,Liczba dziennych domów pomocy działających na danym terenie. Stan na 31 XII.,2024,5,,5
powiat gorlicki,POMOC SPOŁECZNA I O,Placówki specjalistycznego poradnictwa - jednostki  powiatowe,"Liczba jednostek specjalistycznego poradnictwa działających w powiatach. Stan na 31 XII. Wskaźnik zasilany od 2021 r. w związku ze zmianami monitorowania danych w sprawozdaniach resortowych. Zastąpił on wskaźnik ""Placówki specjalistycznego poradnictwa""",2024,0,,0
powiat gorlicki,POMOC SPOŁECZNA I O,Placówki specjalistycznego poradnictwa,Liczba jednostek specjalistycznego poradnictwa działających na danym terenie. Stan na 31 XII. Od 2021 roku ze względu na brak kontynuacji monitorowania danych w sprawozdaniach resortowych wskaźnik nie jest już aktualizowany.,2024,0,,0
powiat gorlicki,POMOC SPOŁECZNA I O,Kluby integracji społecznej,Liczba klubów integracji społecznej działających na danym terenie.,2024,0,,0
powiat gorlicki,POMOC SPOŁECZNA I O,Mieszkania treningowe oraz wspomagane,"Liczba mieszkań treningowe oraz wspomaganych działających na danym terenie. Stan na 31 XII. Do 2022 r. w systemie funkcjonowały mieszkania chronione, natomiast od 2023 r. funkcjonują mieszkania treningowe oraz wspomagane.",2024,9,,9
powiat gorlicki,POMOC SPOŁECZNA I O,"Noclegownie, schroniska i domy dla osób bezdomnych","Liczba noclegowni, schronisk i domów dla osób bezdomnych działających na danym terenie.",2024,1,,1
powiat gorlicki,POMOC SPOŁECZNA I O,Ośrodki interwencji kryzysowej,Liczba ośrodków interwencji kryzysowej działających na danym terenie. Stan na 31 XII.,2024,1,,1
powiat gorlicki,POMOC SPOŁECZNA I O,Placówki opiekuńczo-wychowawcze,Liczba placówek opiekuńczo-wychowawczych działających na danym terenie (bez podziału na typy). Stan na 31 XII.,2024,3,,3
powiat gorlicki,POMOC SPOŁECZNA I O,Placówki wsparcia dziennego,Liczba placówek wsparcia dziennego działających na danym terenie. Stan na 31 XII.,2024,27,,27
powiat gorlicki,POMOC SPOŁECZNA I O,"Placówki zapewniające całodobową opiekę osobom niepełnosprawnym, przewlekle chorym lub osobom w podeszłym wieku","Liczba placówek zapewniających całodobową opiekę osobom niepełnosprawnym, przewlekle chorym lub osobom w podeszłym wieku działających na danym terenie (w oparciu zarówno o działalność gospodarczą, jak i o działalność statutową). Stan na 31 XII.",2024,0,,0
powiat gorlicki,POMOC SPOŁECZNA I O,Środowiskowe domy samopomocy,Liczba środowiskowych domów samopomocy działających na danym terenie. Stan na 31 XII.,2024,3,,3
powiat gorlicki,POMOC SPOŁECZNA I O,Zakłady aktywności zawodowej,Liczba zakładów aktywności zawodowej działających na danym terenie.,2024,1,,1
powiat gorlicki,PIECZA ZASTĘPCZA,Stopień deinstytucjonalizacji pieczy zastępczej,"Stosunek liczby dzieci w rodzinnej pieczy zastępczej (dzieci przebywające w rodzinach zastępczych, rodzinnych domach dziecka i w placówkach opiekuńczo-wychowawczych typu rodzinnego) do liczby wszystkich dzieci w pieczy zastępczej. Do wskaźnika nie wliczono dzieci umieszczonych w rodzinach zastępczych spokrewnionych (definicja zaczerpnięta z raportu ""Postępy deinstytucjonalizacji pieczy zastępczej""; Warszawa 2018 r.). Dane zbierane przez MRiPS regularnie (co pół roku) w sprawozdaniach resortowych.",2024,67.39,%,67.39%
powiat gorlicki,PIECZA ZASTĘPCZA,Intensywność pieczy zastępczej,"Liczba dzieci poniżej 18. roku życia przebywających w pieczy zastępczej w stosunku do liczby wszystkich dzieci w wieku poniżej 18 roku życia na danym terenie w przeliczeniu na 1000 dzieci (definicja zaczerpnięta z raportu ""Postępy deinstytucjonalizacji pieczy zastępczej""; Warszawa 2018 r.). Dane zbierane przez MRiPS regularnie (co pół roku) w sprawozdaniach resortowych.",2024,6.10,,6.10
powiat gorlicki,PIECZA ZASTĘPCZA,Liczba rodzin zastępczych,"Liczba rodzin zastępczych funkcjonujących na danym obszarze. Rodzina zastępcza jest jedną z form rodzinnej pieczy zastępczej, sprawowanej w przypadku niemożności zapewnienia dziecku opieki i wychowania przez rodziców.",2024,77,,77
powiat gorlicki,PIECZA ZASTĘPCZA,Liczba dzieci w rodzinach zastępczych,"Liczba dzieci wychowujących się w rodzinach zastępczych na danym obszarze. Rodzina zastępcza jest jedną z form rodzinnej pieczy zastępczej, sprawowanej w przypadku niemożności zapewnienia dziecku opieki i wychowania przez rodziców. Do roku 2011 dane pochodzą ze sprawozdania MPiPS-03; od roku 2012 dane pochodzą ze sprawozdania Ocena Zasobów Pomocy Społecznej.",2024,122,,122
powiat gorlicki,ZDROWIE,Dostępność aptek,"Wskaźnik dostępności do aptek - liczba osób przypadająca na jedną aptekę ogólnodostępną. Apteka, zgodnie z Ustawą ""Prawo farmaceutyczne"" z dnia 6 września 2001 r. to placówka ochrony zdrowia publicznego, w której osoby uprawnione świadczą w szczególności usługi farmaceutyczne obejmujące zadania określone w ustawie.",2024,3374,,3374
powiat gorlicki,ZDROWIE,Zgony z powodu chorób nowotworowych,Wskaźnik umieralności z powodu choroby nowotworowej - udział zgonów z powodu choroby nowotworowej w liczbie zgonów ogółem. Dane do wskaźnika pochodzą z kart statystycznych do kart zgonów.,2024,26.40,%,26.40%
powiat gorlicki,ZDROWIE,Zgony z powodu chorób układu krążenia,Wskaźnik umieralności z powodu chorób układu krążenia - udział zgonów z powodu chorób układu krążenia w liczbie zgonów ogółem. Dane do wskaźnika pochodzą z kart statystycznych do kart zgonów.,2024,41.50,%,41.50%
powiat gorlicki,"WYNAGRODZENIA, EMERY",Przeciętne wynagrodzenie w relacji do śr. krajowej,Wskaźnik wysokości wynagrodzeń - przeciętne miesięczne wynagrodzenia brutto w gospodarce narodowej w relacji do średniej krajowej (Polska=100%). Wskaźnik pokazuje jaki procent średniej krajowej jest osiągany na danym terenie.,2024,77.70,,77.70
powiat gorlicki,KULTURA,Wskaźnik dostępności kin,"Wskaźnik dostępności kin - liczba osób przypadających na jedno miejsce na widowni kina. Przez ""miejsce na widowni"" rozumie się każde numerowane miejsce (zarejestrowane) wykorzystywane przez instytucję kultury do stałych prezentacji scenicznych (w stałej sali eksploatowanej przez instytucję artystyczną lub w kinie stałym do prezentacji filmów).",2024,489,,489
powiat gorlicki,KULTURA,Wskaźnik dostępności domów i ośrodków kultury,"Wskaźnik dostępności domów i ośrodków kultury oraz klubów, świetlic i kół - liczba osób przypadająca na jedną placówkę kultury.",2024,731,,731
powiat gorlicki,KULTURA,Wskaźnik dostępności muzeów,"Wskaźnik dostępności do muzeów - liczba ludności przypadająca na jedną placówkę muzealną. Dane wskaźnikowe bazują na sprawozdaniach z działalności muzeów i instytucji paramuzealnych. Przez placówkę muzealną (za ustawą z dnia 21 listopada 1996 r. o muzeach) rozumiemy jednostkę organizacyjną, nienastawioną na osiąganie zysku, której celem jest sprawowanie opieki nad zabytkami, informowanie o wartościach i treściach gromadzonych zbiorów, upowszechnianie podstawowych wartości historii, nauki i kultury polskiej oraz światowej, kształtowanie wrażliwości poznawczej i estetycznej oraz umożliwianie kontaktu ze zbiorami.",2024,10459,,10459
powiat gorlicki,KULTURA,Wskaźnik dostępności bibliotek,"Wskaźnik dostępności bibliotek - liczba ludności przydająca na jedną placówkę biblioteczną. W celu wyliczenia wskaźnika zliczono biblioteki, filie i punkty biblioteczne na danym ternie. Dane bazują na sprawozdaniach bibliotek ogólnych. Zgodnie z definicją przyjętą przez GUS przez placówkę biblioteczną rozumie się jednostkę organizacyjną lub jej część posiadającą uporządkowany (zinwentaryzowany) zbiór książek, czasopism i innych materiałów piśmienniczych liczący co najmniej 300 jednostek inwentarzowych, której głównymi celami są tworzenie i obsługa zbiorów oraz udostępnianie ich użytkownikom w sposób kontrolowany.",2024,3269,,3269
powiat gorlicki,KULTURA,Wskaźnik czytelnictwa,Wskaźnik czytelnictwa - ilość wypożyczeń z księgozbioru przez jednego czytelnika w ciągu roku. Przez księgozbiór rozumie się zbiór obejmujący wydawnictwa nieperiodyczne (książki i broszury) i wydawnictwa periodyczne (gazety i czasopisma).,2024,17,,17
powiat gorlicki,EDUKACJA,Edukacja przedszkolna,"Wskaźnik edukacji na poziomie przedszkolnym - odsetek dzieci w wieku od 3 do 5 lat uczęszczających do placówek wychowania przedszkolnego. Wskaźnik zbudowano na podstawie sprawozdań przedszkoli i innych form edukacji przedszkolnej. Uwzględniono ośrodki wychowania przedszkolnego prowadzone przez ograny samorządu terytorialnego, jednostki samorządu powiatowego oraz gminnego.",2024,87.50,,87.50
powiat gorlicki,EDUKACJA,Zdawalność egzaminu maturalnego w technikach,"Wskaźnik zdawalności matur w technikach - procent uczniów klas IV techników, którzy zdali egzamin maturalny.",2024,89.00,,89.00
powiat gorlicki,EDUKACJA,Zdawalność egzaminu maturalnego w liceach ogólnokształcących,"Wskaźnik zdawalności matur w liceach -procent uczniów klas III liceów ogólnokształcących, którzy zdali egzamin maturalny.",2024,97.00,,97.00
powiat gorlicki,EDUKACJA,Wyniki egzaminu ósmoklasisty – język polski,"Wyrażony w % średni wynik uczniów uzyskiwany na egzaminie ósmoklasisty w części z języka polskiego (wskaźnik aktualizowany od 2019 roku, w którym uczniowie szkół podstawowych po raz pierwszy przystąpili do egzaminu ósmoklasisty)",2024,64.37,,64.37
powiat gorlicki,EDUKACJA,Wyniki egzaminu ósmoklasisty – język angielski podstawowy,"Wyrażony w % średni wynik uczniów uzyskiwany na egzaminie ósmoklasisty w części podstawowej z języka angielskiego (wskaźnik aktualizowany od 2019 roku, w którym uczniowie szkół podstawowych po raz pierwszy przystąpili do egzaminu ósmoklasisty)",2024,59.37,,59.37
powiat gorlicki,EDUKACJA,Wyniki egzaminu ósmoklasisty – matematyka,"Wyrażony w % średni wynik uczniów uzyskiwany na egzaminie ósmoklasisty w części z matematyki (wskaźnik aktualizowany od 2019 roku, w którym uczniowie szkół podstawowych po raz pierwszy przystąpili do egzaminu ósmoklasisty)",2024,50.05,,50.05
powiat gorlicki,EDUKACJA,Wybory edukacyjne ósmoklasistów – technikum,"Wyrażony w % udział absolwentów szkół podstawowych, którzy wybrali technikum jako miejsce dalszego kształcenia. Wskaźnik obliczony na podstawie liczby uczniów w klasie pierwszej technikum. (wskaźnik aktualizowany od 2020 roku po ostatecznym wygaszeniu szkół gimnazjalnych)",2024,42.54,,42.54
powiat gorlicki,EDUKACJA,Wybory edukacyjne ósmoklasistów – liceum ogólnokształcące,"Wyrażony w % udział absolwentów szkół podstawowych, którzy wybrali liceum ogólnokształcące jako miejsce dalszego kształcenia. Wskaźnik obliczony na podstawie liczby uczniów w klasie pierwszej liceów ogólnokształcących. (wskaźnik aktualizowany od 2020 roku po ostatecznym wygaszeniu szkół gimnazjalnych)",2024,30.51,,30.51
powiat gorlicki,EDUKACJA,Wybory edukacyjne ósmoklasistów – szkoła branżowa I stopnia,"Wyrażony w % udział absolwentów szkół podstawowych, którzy wybrali szkołę branżową I stopnia jako miejsce dalszego kształcenia. Wskaźnik obliczony na podstawie liczby uczniów w klasie pierwszej szkół branżowych I stopnia. (wskaźnik aktualizowany od 2020 roku po ostatecznym wygaszeniu szkół gimnazjalnych)",2024,26.95,,26.95
powiat gorlicki,RYNEK PRACY,Stopa bezrobocia,"Stopa bezrobocia - procentowy udział liczby bezrobotnych w liczbie ludności aktywnej zawodowo (tzn. pracującej i bezrobotnej). Przez bezrobotnych ( za Ustawą z dnia 20 kwietnia 2004 r. o promocji zatrudnienia i instytucjach rynku pracy) rozumiemy osoby niezatrudnione i nie wykonujące innej pracy zarobkowej, zdolne i gotowe do podjęcia zatrudnienia w pełnym wymiarze czasu pracy (bądź jeśli są to osoby niepełnosprawne - zdolne i gotowe do podjęcia zatrudnienia co najmniej w połowie tego wymiaru czasu pracy), nieuczące się w szkole z wyjątkiem szkół dla dorosłych lub szkół wyższych w systemie wieczorowym albo zaocznym, zarejestrowane we właściwym dla miejsca zameldowania (stałego lub czasowego) powiatowym urzędzie pracy oraz poszukujące zatrudnienia lub innej pracy zarobkowej, jeżeli spełniają określone w Ustawie warunki.",2024,6.30,,6.30
powiat gorlicki,RYNEK PRACY,Bezrobocie kobiet,"Bezrobocie kobiet - Wyrażony w % udział bezrobotnych kobiet w liczbie bezrobotnych ogółem. Do kategorii osób bezrobotnych wlicza się wyłącznie osoby zarejestrowane w powiatowych urzędach pracy. Przez bezrobotnych ( za Ustawą z dnia 20 kwietnia 2004 r. o promocji zatrudnienia i instytucjach rynku pracy) rozumiemy osoby niezatrudnione i nie wykonujące innej pracy zarobkowej, zdolne i gotowe do podjęcia zatrudnienia w pełnym wymiarze czasu pracy (bądź jeśli są to osoby niepełnosprawne - zdolne i gotowe do podjęcia zatrudnienia co najmniej w połowie tego wymiaru czasu pracy), nieuczące się w szkole z wyjątkiem szkół dla dorosłych lub szkół wyższych w systemie wieczorowym albo zaocznym, zarejestrowane we właściwym dla miejsca zameldowania (stałego lub czasowego) powiatowym urzędzie pracy oraz poszukujące zatrudnienia lub innej pracy zarobkowej, jeżeli spełniają określone w Ustawie warunki.",2024,59.55,,59.55
powiat gorlicki,RYNEK PRACY,Bezrobocie rodzinne,"Odsetek osób bezrobotnych zamieszkujących gospodarstwo domowe, w którym dwie lub więcej osób pozostaje na bezrobociu. Dane dla powiatu tarnowskiego i Tarnowa przedstawione zostały łącznie. Dane obrazują stan na 31 XII danego roku.",2024,15.61,%,15.61%
powiat gorlicki,RYNEK PRACY,Bezrobotni dłużej niż 1 rok,"Wyrażony w % udział bezrobotnych dłużej niż 1 rok w liczbie bezrobotnych ogółem. Do kategorii osób bezrobotnych wlicza się wyłącznie osoby zarejestrowane w powiatowych urzędach pracy. Przez bezrobotnych ( za Ustawą z dnia 20 kwietnia 2004 r. o promocji zatrudnienia i instytucjach rynku pracy) rozumiemy osoby niezatrudnione i nie wykonujące innej pracy zarobkowej, zdolne i gotowe do podjęcia zatrudnienia w pełnym wymiarze czasu pracy (bądź jeśli są to osoby niepełnosprawne - zdolne i gotowe do podjęcia zatrudnienia co najmniej w połowie tego wymiaru czasu pracy), nieuczące się w szkole z wyjątkiem szkół dla dorosłych lub szkół wyższych w systemie wieczorowym albo zaocznym, zarejestrowane we właściwym dla miejsca zameldowania (stałego lub czasowego) powiatowym urzędzie pracy oraz poszukujące zatrudnienia lub innej pracy zarobkowej, jeżeli spełniają określone w Ustawie warunki.",2024,35.60,,35.60
powiat gorlicki,RYNEK PRACY,Bezrobotni z wykształceniem gimnazjalnym i niższym,"Wyrażony w % udział bezrobotnych z wykształceniem gimnazjalnym i niższym w liczbie bezrobotnych ogółem. Do kategorii osób bezrobotnych wlicza się wyłącznie osoby zarejestrowane w powiatowych urzędach pracy. Przez bezrobotnych ( za Ustawą z dnia 20 kwietnia 2004 r. o promocji zatrudnienia i instytucjach rynku pracy) rozumiemy osoby niezatrudnione i nie wykonujące innej pracy zarobkowej, zdolne i gotowe do podjęcia zatrudnienia w pełnym wymiarze czasu pracy (bądź jeśli są to osoby niepełnosprawne - zdolne i gotowe do podjęcia zatrudnienia co najmniej w połowie tego wymiaru czasu pracy), nieuczące się w szkole z wyjątkiem szkół dla dorosłych lub szkół wyższych w systemie wieczorowym albo zaocznym, zarejestrowane we właściwym dla miejsca zameldowania (stałego lub czasowego) powiatowym urzędzie pracy oraz poszukujące zatrudnienia lub innej pracy zarobkowej, jeżeli spełniają określone w Ustawie warunki.",2024,13.27,,13.27
powiat gorlicki,RYNEK PRACY,Bezrobotni w wieku poniżej 25 lat,"Wyrażony w % udział bezrobotnych poniżej 25. roku życia w liczbie bezrobotnych ogółem. Do kategorii osób bezrobotnych wlicza się wyłącznie osoby zarejestrowane w powiatowych urzędach pracy. Przez bezrobotnych ( za Ustawą z dnia 20 kwietnia 2004 r. o promocji zatrudnienia i instytucjach rynku pracy) rozumiemy osoby niezatrudnione i nie wykonujące innej pracy zarobkowej, zdolne i gotowe do podjęcia zatrudnienia w pełnym wymiarze czasu pracy (bądź jeśli są to osoby niepełnosprawne - zdolne i gotowe do podjęcia zatrudnienia co najmniej w połowie tego wymiaru czasu pracy), nieuczące się w szkole z wyjątkiem szkół dla dorosłych lub szkół wyższych w systemie wieczorowym albo zaocznym, zarejestrowane we właściwym dla miejsca zameldowania (stałego lub czasowego) powiatowym urzędzie pracy oraz poszukujące zatrudnienia lub innej pracy zarobkowej, jeżeli spełniają określone w Ustawie warunki.",2024,20.13,,20.13
powiat gorlicki,RYNEK PRACY,Bezrobotni w wieku 25-34 lata,"Wyrażony w % udział bezrobotnych w wieku 25-34 lata w liczbie bezrobotnych ogółem. Do kategorii osób bezrobotnych wlicza się wyłącznie osoby zarejestrowane w powiatowych urzędach pracy. Przez bezrobotnych ( za Ustawą z dnia 20 kwietnia 2004 r. o promocji zatrudnienia i instytucjach rynku pracy) rozumiemy osoby niezatrudnione i nie wykonujące innej pracy zarobkowej, zdolne i gotowe do podjęcia zatrudnienia w pełnym wymiarze czasu pracy (bądź jeśli są to osoby niepełnosprawne - zdolne i gotowe do podjęcia zatrudnienia co najmniej w połowie tego wymiaru czasu pracy), nieuczące się w szkole z wyjątkiem szkół dla dorosłych lub szkół wyższych w systemie wieczorowym albo zaocznym, zarejestrowane we właściwym dla miejsca zameldowania (stałego lub czasowego) powiatowym urzędzie pracy oraz poszukujące zatrudnienia lub innej pracy zarobkowej, jeżeli spełniają określone w Ustawie warunki.",2024,21.84,,21.84
powiat gorlicki,RYNEK PRACY,Bezrobotni w wieku 55 lat i więcej,"Wyrażony w % udział bezrobotnych powyżej 55. roku życia w liczbie bezrobotnych ogółem. Do kategorii osób bezrobotnych wlicza się wyłącznie osoby zarejestrowane w powiatowych urzędach pracy. Przez bezrobotnych ( za Ustawą z dnia 20 kwietnia 2004 r. o promocji zatrudnienia i instytucjach rynku pracy) rozumiemy osoby niezatrudnione i nie wykonujące innej pracy zarobkowej, zdolne i gotowe do podjęcia zatrudnienia w pełnym wymiarze czasu pracy (bądź jeśli są to osoby niepełnosprawne - zdolne i gotowe do podjęcia zatrudnienia co najmniej w połowie tego wymiaru czasu pracy), nieuczące się w szkole z wyjątkiem szkół dla dorosłych lub szkół wyższych w systemie wieczorowym albo zaocznym, zarejestrowane we właściwym dla miejsca zameldowania (stałego lub czasowego) powiatowym urzędzie pracy oraz poszukujące zatrudnienia lub innej pracy zarobkowej, jeżeli spełniają określone w Ustawie warunki.",2024,14.26,,14.26
powiat gorlicki,RYNEK PRACY,Prowadzący działalność gospodarczą,Osoby fizyczne prowadzące działalność gospodarczą na 100 osób w wieku produkcyjnym. Dane bez osób prowadzących gospodarstwa indywidualne w rolnictwie.,2024,12.30,,12.30
powiat gorlicki,RYNEK PRACY,Zatrudnienie w branży finansowej i nieruchomościach,"Wyrażony w % udział pracujących w branży finansowej i nieruchomościach w stosunku do ogółu pracujących. Dane do 2021 roku bez podmiotów gospodarczych o liczbie pracujących do 9 osób. Podział branż jest zgodny z PKD 2007. Dotyczy sekcji: ""Działalność finansowa i ubezpieczeniowa; obsługa rynku nieruchomości"". W związku z wprowadzonymi zmianami metodologicznymi w pozyskiwaniu danych dotyczących: pracujących, zatrudnionych oraz przeciętnego zatrudnienia według PKD, dane od 2022 roku nie mogą być porównywane z danymi dla lat poprzednich.",2024,1.53,,1.53
powiat gorlicki,RYNEK PRACY,Zatrudnienie w rolnictwie,"Wyrażony w % udział pracujących w rolnictwie w stosunku do ogółu pracujących. Dane łącznie z rolnictwem indywidualnym. Dane dotyczące pracujących w gospodarstwach indywidualnych w rolnictwie według stanu w dniu 31 XII w latach 2002-2009 wyszacowano na podstawie wyników Narodowego Spisu Powszechnego Ludności i Mieszkań oraz Powszechnego Spisu Rolnego 2002 oraz w 2010 r. na podstawie Powszechnego Spisu Rolnego 2010. Podział branż jest zgodny z PKD 2007. Dotyczy sekcji: ""Rolnictwo, leśnictwo, łowiectwo i rybactwo"". W związku z wprowadzonymi zmianami metodologicznymi w pozyskiwaniu danych dotyczących: pracujących, zatrudnionych oraz przeciętnego zatrudnienia według PKD, dane od 2022 roku nie mogą być porównywane z danymi dla lat poprzednich.",2024,25.26,,25.26
powiat gorlicki,RYNEK PRACY,Zatrudnienie w przemyśle i budownictwie,"Wyrażony w % udział pracujących w przemyśle i budownictwie w stosunku do ogółu pracujących. Dane do 2021 roku bez podmiotów gospodarczych o liczbie pracujących do 9 osób. Podział branż jest zgodny z PKD 2007. Pod pojęciem ""Przemysł i budownictwo"" rozumie się sekcje: ""Górnictwo i wydobywanie""; ""Przetwórstwo przemysłowe""; ""Wytwarzanie i zaopatrywanie w energię elektryczną, gaz, parę wodną i gorącą wodę""; ""Dostawa wody; gospodarowanie ściekami i odpadami; rekultywacja"" oraz ""Budownictwo"". W związku z wprowadzonymi zmianami metodologicznymi w pozyskiwaniu danych dotyczących: pracujących, zatrudnionych oraz przeciętnego zatrudnienia według PKD, dane od 2022 roku nie mogą być porównywane z danymi dla lat poprzednich.",2024,25.95,,25.95
powiat gorlicki,RYNEK PRACY,"Zatrudnienie w handlu, transporcie, turystyce, informacji i komunikacji","Wyrażony w % udział pracujących w handlu, transporcie, turystyce, informacji i komunikacji w stosunku do ogółu pracujących. Dane do 2021 roku bez podmiotów gospodarczych o liczbie pracujących do 9 osób. Podział branż jest zgodny z PKD 2007. Dotyczy sekcji: ""Handel""; ""Naprawa pojazdów samochodowych""; ""Transport i gospodarka magazynowa""; ""Zakwaterowanie i gastronomia"" oraz ""Informacja i komunikacja"". W związku z wprowadzonymi zmianami metodologicznymi w pozyskiwaniu danych dotyczących: pracujących, zatrudnionych oraz przeciętnego zatrudnienia według PKD, dane od 2022 roku nie mogą być porównywane z danymi dla lat poprzednich.",2024,22.96,,22.96
powiat gorlicki,RYNEK PRACY,Zatrudnienie w pozostałych usługach,"Wyrażony w % udział pracujących w pozostałych usługach w stosunku do ogółu pracujących. Dane do 2021 roku bez podmiotów gospodarczych o liczbie pracujących do 9 osób. Podział branż jest zgodny z PKD 2007. Pod pojęciem ""Pozostałe usługi"" rozumie się sekcje: ""Działalność profesjonalna, naukowa i techniczna""; ""Administrowanie i działalność wspierająca""; ""Administracja publiczna i obrona narodowa, obowiązkowe zabezpieczenia społeczne""; ""Edukacja""; ""Opieka zdrowotna i pomoc społeczna""; ""Działalność związana z kulturą rozrywką i rekreacją"" oraz ""Pozostała działalność usługowa"". W związku z wprowadzonymi zmianami metodologicznymi w pozyskiwaniu danych dotyczących: pracujących, zatrudnionych oraz przeciętnego zatrudnienia według PKD, dane od 2022 roku nie mogą być porównywane z danymi dla lat poprzednich.",2024,24.30,,24.30
powiat gorlicki,MOBILNOŚĆ,Saldo migracji stałych,"Wskaźnik migracji stałych - różnica między napływem a odpływem ludności z danego obszaru w danym czasie. Saldo migracji stałych uwzględnia zarazem dane ze stałych migracji zewnętrznych jak i wewnętrznych. Migracje stałe to takie, które wiążą się ze zmianą miejsca zamieszkania na pobyt stały. W świetle prawa polskiego, tego typu migracje związane są z dokonaniem w biurze ewidencji ludności zameldowania lub wymeldowania. W 2015 roku GUS zrezygnował z opublikowania danych dotyczących migracji zagranicznych z powodu braku ich kompletności. Dlatego niemożliwe było określenie poziomu migracji stałych za rok 2015.",2024,-311.00,,-311.00
powiat gorlicki,MOBILNOŚĆ,Saldo migracji zagranicznych,Wskaźnik migracji zagranicznych - różnica między odpływem zagranicę a napływem do kraju ludności w danym czasie.,2024,-18.00,,-18.00
powiat gorlicki,BUDŻETY GMIN,Wydatki budżetów gmin ogółem,"Wskaźnik wydatków gmin - wydatki budżetów gmin i miast na prawach powiatów w przeliczeniu na jednego mieszkańca. Dane stanowią sumę wydatków na rolnictwo, transport, gospodarkę komunalną, gosp. mieszkaniową, oświatę i wychowanie, kulturę i sztukę, ochronę zdrowia, kulturę fizyczną i sport, a także wydatki na administrację samorządową. Wydatki te są sklasyfikowane w rozporządzeniu Ministra Finansów z dnia 14 czerwca 2006 r. w sprawie szczegółowej klasyfikacji dochodów, wydatków, przychodów i rozchodów oraz środków pochodzących ze źródeł zagranicznych (Dz. U. 2006 r. Nr 107, poz.726, z późn. zm.). Wartości podawane są w złotówkach.",2024,8064.84,,8064.84
powiat gorlicki,BUDŻETY GMIN,Wydatki budżetów gmin - oświata i wychowanie,"Wskaźnik wydatków gmin na oświatę i wychowanie - wydatki budżetów gmin i miast na prawach powiatów na oświatę i wychowanie w przeliczeniu na jednego mieszkańca. Dane stanowią sumę wydatków sklasyfikowanych w dziale 801 rozporządzenia Ministra Finansów z dnia 14 czerwca 2006 r. w sprawie szczegółowej klasyfikacji dochodów, wydatków, przychodów i rozchodów oraz środków pochodzących ze źródeł zagranicznych (Dz. U. 2006 r. Nr 107, poz.726, z późn. zm.). Wartości podawane są w złotówkach.",2024,2561.39,,2561.39
powiat gorlicki,BUDŻETY GMIN,Wydatki budżetów gmin - kultura,"Wskaźnik wydatków gmin na kulturę i ochronę dziedzictwa narodowego - wydatki budżetów gmin i miast na prawach powiatów na kulturę i ochronę dziedzictwa narodowego w przeliczeniu na jednego mieszkańca. Dane stanowią sumę wydatków sklasyfikowanych w dziale 921 rozporządzenia Ministra Finansów z dnia 14 czerwca 2006 r. w sprawie szczegółowej klasyfikacji dochodów, wydatków, przychodów i rozchodów oraz środków pochodzących ze źródeł zagranicznych (Dz. U. 2006 r. Nr 107, poz.726, z późn. zm.). Wartości podawane są w złotówkach.",2024,464.02,,464.02
powiat gorlicki,BUDŻETY GMIN,Wydatki budżetów gmin - pomoc społeczna,"Wskaźnik wydatków gmin na pomoc społeczną - wydatki budżetów gmin i miast na prawach powiatów na pomoc społeczną i pozostałe zadania w zakresie polityki społecznej w przeliczeniu na jednego mieszkańca. Dane stanowią sumę wydatków sklasyfikowanych w działach 852 i 853 rozporządzenia Ministra Finansów z dnia 14 czerwca 2006 r. w sprawie szczegółowej klasyfikacji dochodów, wydatków, przychodów i rozchodów oraz środków pochodzących ze źródeł zagranicznych (Dz. U. 2006 r. Nr 107, poz.726, z późn. zm.). Dane podawane są w złotówkach.",2024,637.20,,637.20
powiat m. Kraków,LUDNOŚĆ,Ludność ogółem,Liczba ludności zamieszkałej na danym terenie (dane zgodnie z faktycznym miejscem zamieszkania wg podziału administracyjnego na dzień 31 XII).,2024,809168,,809168
powiat m. Kraków,LUDNOŚĆ,Ludność w wieku przedprodukcyjnym,Udział ludności w wieku przedprodukcyjnym w liczbie ludności ogółem. Przez ludność w wieku przedprodukcyjnym rozumie się ludność w wieku do 17 roku życia.,2024,16.47,%,16.47%
powiat m. Kraków,LUDNOŚĆ,Ludność w wieku produkcyjnym,"Udział ludności w wieku produkcyjnym w liczbie ludności ogółem. Przez ludność w wieku produkcyjnym rozumie się ludność w wieku zdolności do pracy. Dla mężczyzn przyjęto wiek 18-64 lata, dla kobiet 18-59 lat.",2024,61.05,%,61.05%
powiat m. Kraków,LUDNOŚĆ,Ludność w wieku poprodukcyjnym,Udział ludności w wieku emerytalnym w liczbie ludności ogółem. Przez ludność w wieku poprodukcyjnym rozumie się ludność w wieku od 64 lat - dla mężczyzn i od 59 lat - dla kobiet.,2024,22.49,%,22.49%
powiat m. Kraków,LUDNOŚĆ,Ludność w wieku 60+,Udział ludności w wieku 60 i więcej lat w liczbie ludności ogółem.,2024,24.63,%,24.63%
powiat m. Kraków,LUDNOŚĆ,Wskaźnik podwójnego starzenia,Udział osób w wieku 80 i więcej lat w grupie osób wieku 60 i więcej lat.,2024,20.25,%,20.25%
powiat m. Kraków,LUDNOŚĆ,Wskaźnik wsparcia osób najstarszych,Liczba osób w wieku 85 lat i więcej przypadająca na 100 osób w wieku 50–64 lata,2024,17,,17
powiat m. Kraków,LUDNOŚĆ,Potencjał pielęgnacyjny,Liczba kobiet w wieku 45-64 lata (potencjalnych opiekunów rodzinnych) przypadających na 100 osób w wieku 80 i więcej lat,2024,241,,241
powiat m. Kraków,LUDNOŚĆ,Wskaźnik obciążenia demograficznego,Wskaźnik obciążenia demograficznego - ludność w wieku nieprodukcyjnym przypadająca na 100 osób w wieku produkcyjnym. Przez ludność w wieku produkcyjnym rozumie się osoby w wieku zdolności do pracy tj. mężczyźni w wieku 18 - 64 lat oraz kobiety w wieku 18 - 59.,2024,63.80,,63.80
powiat m. Kraków,LUDNOŚĆ,Przyrost naturalny na 1 000 ludności,Różnica między liczbą urodzeń żywych a liczbą zgonów w danym roku (bez rozróżnienia na płeć).,2024,-0.62,,-0.62
powiat m. Kraków,LUDNOŚĆ,Wskaźnik feminizacji,Wskaźnik feminizacji - wielkość demograficzna określająca ile kobiet przypada na 100 mężczyzn na danym terenie.,2024,114.12,,114.12
powiat m. Kraków,LUDNOŚĆ,Wskaźnik maskulinizacji,Wskaźnik maskulinizacji - wielkość demograficzna określająca ilu mężczyzn przypada na 100 kobiet na danym terenie.,2024,87.63,,87.63
powiat m. Kraków,LUDNOŚĆ,Wskaźnik gęstości zaludnienia,Wskaźnik gęstości zaludnienia - liczba mieszkańców przypadająca na 1 km².,2024,2475.70,,2475.70
powiat m. Kraków,LUDNOŚĆ,Wskaźnik urbanizacji,"Wskaźnik urbanizacji - udział mieszkańców miast w liczbie mieszkańców ogółem. Do wyliczenia wskaźnika posłużono się danymi na temat ludności faktycznie zamieszkałej na dzień 31 XII każdego roku. Ludnośc faktycznie zamieszkała obejmuje: a) stałych mieszkańców, z wyjatkiem osób przebywających poza miejscem zamieszkania przez okres powyżej 3 miesięcy w kraju oraz obejmuje wszystkie osoby przebywajace za granicą (bez względu na okres ich nieobecności) b) osoby przebywające czasowo przez okres powyżej 3 miesięcy, przybyłe z innego miejsca w kraju. Dane za lata 2010 - 2021 bazują na wynikach Narodowego Spisu Powszechnego Ludności i Mieszkań 2011.",2024,100.00,%,100.00%
powiat m. Kraków,LUDNOŚĆ,Małżeństwa na 1000 mieszkańców,Liczba zawartych małżeństw w przeliczeniu na 1000 mieszkańców.,2024,5.30,,5.30
powiat m. Kraków,LUDNOŚĆ,Urodzenia na 1000 mieszkańców,Liczba urodzeń żywych w przeliczeniu na 1000 mieszkańców.,2024,8.74,,8.74
powiat m. Kraków,LUDNOŚĆ,Zgony na 1000 mieszkańców,Liczba zgonów w przeliczeniu na 1000 mieszkańców.,2024,9.36,,9.36
powiat m. Kraków,LUDNOŚĆ,Wskaźnik/ indeks starości,"Relacja pokoleniowa dziadków i wnuczków, tj. liczba osób w wieku 65 i więcej lat przypadająca na 100 osób w wieku 0-14 lat",2024,143,,143
powiat m. Kraków,LUDNOŚĆ,Ludność w wieku 65+/ Współczynnik starości demograficznej,Relacja liczby osób w starszym wieku (65 lat i więcej) do ogólnej liczby ludności.,2024,19.89,%,19.89%
powiat m. Kraków,LUDNOŚĆ,Wskaźnik potencjalnego wsparcia,Liczba osób w wieku 15-64 lata przypadająca na 100 osób w wieku 65 lat i więcej. Przedstawia tzw. obciążenie - ile osób hipotetycznie pozostających na rynku pracy przypada na 1 osobę (100 osób) będącą już poza rykiem pracy (odwrotność cząstkowego współczynnika obciążenia demograficznego osobami starszymi).,2024,333,,333
powiat m. Kraków,POMOC SPOŁECZNA - K,Liczba mieszkańców na 1 pracownika socjalnego,Liczba mieszkańców przypadająca na jednego pracownika socjalnego zatrudnionego w ośrodku pomocy społecznej.,2024,2229,,2229
powiat m. Kraków,POMOC SPOŁECZNA - K,Pracownicy socjalni OPS posiadający wyższe wykształcenie,Udział pracowników socjalnych posiadających wyższe wykształcenie w ogólnej licznie pracowników socjalnych.,2024,82.11,%,82.11%
powiat m. Kraków,POMOC SPOŁECZNA - K,Pracownicy socjalni OPS posiadający I stopień specjalizacji w zawodzie pracownik socjalny,Udział pracowników socjalnych OPS posiadających I stopień specjalizacji w zawodzie pracownik socjalny w ogólnej liczbie pracowników socjalnych.,2024,10.79,%,10.79%
powiat m. Kraków,POMOC SPOŁECZNA - K,Pracownicy socjalni OPS posiadający II stopień specjalizacji w zawodzie pracownik socjalny,Udział pracowników socjalnych posiadających II stopień specjalizacji w zawodzie pracownik socjalny w ogólnej liczbie pracowników socjalnych.,2024,1.84,%,1.84%
powiat m. Kraków,POMOC SPOŁECZNA - P,Alkoholizm,Odsetek klientów pomocy społecznej korzystających ze wsparcia z powodu alkoholizmu (na podstawie danych o rzeczywistej liczbie osób w rodzinach objętych pomocą społeczną).,2024,8.00,%,8.00%
powiat m. Kraków,POMOC SPOŁECZNA - P,Bezdomność,Odsetek klientów pomocy społecznej korzystających ze wsparcia z powodu bezdomności (na podstawie danych o rzeczywistej liczbie osób w rodzinach objętych pomocą społeczną).,2024,7.63,%,7.63%
powiat m. Kraków,POMOC SPOŁECZNA - P,Bezradność w sprawach opiekuńczo-wychowawczych i prowadzenia gosp. dom.,Odsetek klientów pomocy społecznej korzystających ze wsparcia z powodu bezradności w sprawach opiekuńczo-wychowawczych i prowadzenia gospodarstwa domowego (na podstawie danych o rzeczywistej liczbie osób w rodzinach objętych pomocą społeczną).,2024,23.85,%,23.85%
powiat m. Kraków,POMOC SPOŁECZNA - P,Bezrobocie,Odsetek klientów pomocy społecznej korzystających ze wsparcia z powodu bezrobocia (na podstawie danych o rzeczywistej liczbie osób w rodzinach objętych pomocą społeczną).,2024,28.06,%,28.06%
powiat m. Kraków,POMOC SPOŁECZNA - P,Długotrwała lub ciężka choroba,Odsetek klientów pomocy społecznej korzystających ze wsparcia z powodu długotrwałej bądź ciężkiej choroby (na podstawie danych o rzeczywistej liczbie osób w rodzinach objętych pomocą społeczną).,2024,65.89,%,65.89%
powiat m. Kraków,POMOC SPOŁECZNA - P,Narkomania,Odsetek klientów pomocy społecznej korzystających ze wsparcia z powodu narkomanii (na podstawie danych o rzeczywistej liczbie osób w rodzinach objętych pomocą społeczną).,2024,0.91,%,0.91%
powiat m. Kraków,POMOC SPOŁECZNA - P,Niepełnosprawność,Odsetek klientów pomocy społecznej korzystających ze wsparcia z powodu niepełnosprawności (na podstawie danych o rzeczywistej liczbie osób w rodzinach objętych pomocą społeczną).,2024,36.84,%,36.84%
powiat m. Kraków,POMOC SPOŁECZNA - P,Potrzeba ochrony macierzyństwa,Odsetek klientów pomocy społecznej korzystających ze wsparcia z powodu potrzeby ochrony macierzyństwa (na podstawie danych o rzeczywistej liczbie osób w rodzinach objętych pomocą społeczną).,2024,10.64,%,10.64%
powiat m. Kraków,POMOC SPOŁECZNA - P,Przemoc domowa,Odsetek klientów pomocy społecznej korzystających ze wsparcia z powodu przemocy domowej (na podstawie danych o rzeczywistej liczbie osób w rodzinach objętych pomocą społeczną).,2024,1.64,%,1.64%
powiat m. Kraków,POMOC SPOŁECZNA - P,Sieroctwo,Odsetek klientów pomocy społecznej korzystających ze wsparcia z powodu sieroctwa (na podstawie danych o rzeczywistej liczbie osób w rodzinach objętych pomocą społeczną).,2024,0.00,%,0.00%
powiat m. Kraków,POMOC SPOŁECZNA - P,Sytuacja kryzysowa,Odsetek klientów pomocy społecznej korzystających ze wsparcia z powodu sytuacji kryzysowej (na podstawie danych o rzeczywistej liczbie osób w rodzinach objętych pomocą społeczną).,2024,0.26,%,0.26%
powiat m. Kraków,POMOC SPOŁECZNA - P,Ubóstwo,Odsetek klientów pomocy społecznej korzystających ze wsparcia z powodu ubóstwa (na podstawie danych o rzeczywistej liczbie osób w rodzinach objętych pomocą społeczną).,2024,46.43,%,46.43%
powiat m. Kraków,POMOC SPOŁECZNA - P,Wielodzietność,Odsetek klientów pomocy społecznej korzystających ze wsparcia z powodu wielodzietności (na podstawie danych o rzeczywistej liczbie osób w rodzinach objętych pomocą społeczną).,2024,7.26,%,7.26%
powiat m. Kraków,POMOC SPOŁECZNA - P,Zdarzenie losowe,Odsetek klientów pomocy społecznej korzystających ze wsparcia z powodu zdarzenia losowego (na podstawie danych o rzeczywistej liczbie osób w rodzinach objętych pomocą społeczną).,2024,0.18,%,0.18%
powiat m. Kraków,POMOC SPOŁECZNA - B,Beneficjenci pomocy społecznej,"Udział osób korzystających z pomocy społecznej w liczbie ludności ogółem - na podstawie danych o rzeczywistej liczbie osób w rodzinach objętych pomocą społeczną (świadczenia przyznane w ramach zadań zleconych i własnych bez względu na rodzaj, formę, liczbę oraz źródło finansowania).",2024,1.81,%,1.81%
powiat m. Kraków,POMOC SPOŁECZNA - B,Rodziny niepełne objęte pomocą społeczną,"Wskaźnik pomocy społecznej udzielonej rodzinom niepełnym - udział rodzin niepełnych objętych pomocą (w której skład wchodzi jedno z rodziców z dzieckiem/ dziećmi) w liczbie wszystkich rodzin z dziećmi, którym udzielono pomocy.",2024,33.13,%,33.13%
powiat m. Kraków,POMOC SPOŁECZNA - B,Rodziny wielodzietne objęte pomocą społeczną,"Wskaźnik pomocy społecznej udzielonej rodzinom wielodzietnym - udział rodzin wielodzietnych (3 dzieci i więcej) objętych pomocą w liczbie wszystkich rodzin z dziećmi, którym udzielono pomocy.",2024,19.56,%,19.56%
powiat m. Kraków,POMOC SPOŁECZNA - B,Rodziny emerytów i rencistów objęte pomocą społeczną,"Wskaźnik pomocy społecznej udzielonej rodzinom emerytów i rencistów - udział rodzin emerytów i rencistów objętych pomocą w liczbie wszystkich rodzin, którym udzielono pomocy.",2024,23.48,%,23.48%
powiat m. Kraków,POMOC SPOŁECZNA - B,Pensjonariusze DPS nieopuszczający łóżek,Odsetek pensjonariuszy Domów Pomocy Społecznej nieopuszczających łóżek. Dane na temat liczby mieszkańców Domów Pomocy Społecznej zebrano wg. stanu na dzień 31 grudnia. W statystykach uwzględniono mieszkańców Domów Pomocy Społecznej i podmiotów niepublicznych w roku sprawozdawczym.,2024,17.29,%,17.29%
powiat m. Kraków,POMOC SPOŁECZNA - B,Pensjonariusze DPS do 18 roku życia,Odsetek pensjonariuszy Domów Pomocy Społecznej w wieku do18 roku życia. Dane na temat liczby mieszkańców Domów Pomocy Społecznej zebrano wg. stanu na dzień 31 grudnia. W statystykach uwzględniono mieszkańców Domów Pomocy Społecznej i podmiotów niepublicznych w roku sprawozdawczym.,2024,0.66,%,0.66%
powiat m. Kraków,POMOC SPOŁECZNA - B,Pensjonariusze DPS w wieku 19-40 lat,Odsetek pensjonariuszy Domów Pomocy Społecznej wieku 19-40 lat. Dane na temat liczby mieszkańców Domów Pomocy Społecznej zebrano wg. stanu na dzień 31 grudnia. W statystykach uwzględniono mieszkańców Domów Pomocy Społecznej i podmiotów niepublicznych w roku sprawozdawczym.,2024,8.08,%,8.08%
powiat m. Kraków,POMOC SPOŁECZNA - B,Pensjonariusze DPS w wieku 41-60 lat,Odsetek pensjonariuszy Domów Pomocy Społecznej wieku 41-60 lat. Dane na temat liczby mieszkańców Domów Pomocy Społecznej zebrano wg. stanu na dzień 31 grudnia. W statystykach uwzględniono mieszkańców Domów Pomocy Społecznej i podmiotów niepublicznych w roku sprawozdawczym.,2024,21.49,%,21.49%
powiat m. Kraków,POMOC SPOŁECZNA - B,Pensjonariusze DPS w wieku 61-74 lat,Odsetek pensjonariuszy Domów Pomocy Społecznej wieku 60-74 lat. Dane na temat liczby mieszkańców Domów Pomocy Społecznej zebrano wg. stanu na dzień 31 grudnia. W statystykach uwzględniono mieszkańców Domów Pomocy Społecznej i podmiotów niepublicznych w roku sprawozdawczym.,2024,32.59,%,32.59%
powiat m. Kraków,POMOC SPOŁECZNA - B,Pensjonariusze DPS w wieku powyżej 74 lat,Odsetek pensjonariuszy Domów Pomocy Społecznej wieku powyżej 74 lat. Dane na temat liczby mieszkańców Domów Pomocy Społecznej zebrano wg. stanu na dzień 31 grudnia. W statystykach uwzględniono mieszkańców Domów Pomocy Społecznej i podmiotów niepublicznych w roku sprawozdawczym.,2024,37.18,%,37.18%
powiat m. Kraków,Sheet6,Świadczenia pieniężne z pomocy społecznej,Odsetek korzystających ze świadczeń pieniężnych w ogólnej liczbie świadczeniobiorców pomocy społecznej (liczba osób w rodzinach),2024,78.34,%,78.34%
powiat m. Kraków,Sheet6,Świadczenia niepieniężne z pomocy społecznej,Odsetek korzystających ze świadczeń niepieniężnych w ogólnej liczbie świadczeniobiorców pomocy społecznej (liczba osób w rodzinach),2024,55.01,%,55.01%
powiat m. Kraków,Sheet6,Osoby korzystające z usług opiekuńczych i specjalistycznych usług opiekuńczych,Liczba osób korzystających z usług opiekuńczych (w tym specjalistycznych usług opiekuńczych).,2024,1995,,1995
powiat m. Kraków,Sheet6,Osoby korzystające ze specjalistycznych usług opiekuńczych dla osób z zaburzeniami psychicznymi,Liczba osób korzystających ze specjalistycznych usług opiekuńczych w miejscu zamieszkania dla osób z zaburzeniami psychicznymi.,2024,290,,290
powiat m. Kraków,Sheet6,Osoby objęte kontraktami socjalnymi,Udział osób objętych kontraktami socjalnymi w ogólnej liczbie osób w rodzinach świadczeniobiorców pomocy społecznej.,2024,3.44,%,3.44%
powiat m. Kraków,Sheet6,Osoby objęte dożywianiem na 1000 mieszkańców,Wskaźnik pomocy w zakresie dożywiania - liczba osób objętych pomocą państwa w zakresie dożywiania w przeliczeniu na 1000 mieszkańców.,2024,12,,12
powiat m. Kraków,Sheet6,Udział dzieci w ogóle osób objętych dożywianiem,"Udział dzieci w liczbie wszystkich osób objętych pomocą państwa w zakresie dożywiania. Sprawozdanie z realizacji programu ""Pomoc Państwa w zakresie dożywiania"" do 2013 roku obejmowało dzieci do lat 7. Od 2014 roku w sprawozdaniu liczba dzieci jest określona na podstawie momentu rozpoczęcia nauki w szkole podstawowej.",2024,11,%,11%
powiat m. Kraków,Sheet6,Udział uczniów w ogóle osób objętych dożywianiem,Udział dzieci w wieku szkolnym (uczniowie do czasu ukończenia szkoły ponadgimnazjalnej) w liczbie wszystkich osób objętych pomocą państwa w zakresie dożywiania.,2024,20,%,20%
powiat m. Kraków,POMOC SPOŁECZNA I O,Centra integracji społecznej,Liczba centrów integracji społecznej działających na danym terenie. Stan na 31 XII.,2024,2,,2
powiat m. Kraków,POMOC SPOŁECZNA I O,Domy pomocy społecznej,Liczba domów pomocy społecznej działających na danym terenie (bez podziału na typy).,2024,15,,15
powiat m. Kraków,POMOC SPOŁECZNA I O,Dzienne domy pomocy,Liczba dziennych domów pomocy działających na danym terenie. Stan na 31 XII.,2024,1,,1
powiat m. Kraków,POMOC SPOŁECZNA I O,Placówki specjalistycznego poradnictwa - jednostki  powiatowe,"Liczba jednostek specjalistycznego poradnictwa działających w powiatach. Stan na 31 XII. Wskaźnik zasilany od 2021 r. w związku ze zmianami monitorowania danych w sprawozdaniach resortowych. Zastąpił on wskaźnik ""Placówki specjalistycznego poradnictwa""",2024,2,,2
powiat m. Kraków,POMOC SPOŁECZNA I O,Placówki specjalistycznego poradnictwa,Liczba jednostek specjalistycznego poradnictwa działających na danym terenie. Stan na 31 XII. Od 2021 roku ze względu na brak kontynuacji monitorowania danych w sprawozdaniach resortowych wskaźnik nie jest już aktualizowany.,2024,2,,2
powiat m. Kraków,POMOC SPOŁECZNA I O,Kluby integracji społecznej,Liczba klubów integracji społecznej działających na danym terenie.,2024,2,,2
powiat m. Kraków,POMOC SPOŁECZNA I O,Mieszkania treningowe oraz wspomagane,"Liczba mieszkań treningowe oraz wspomaganych działających na danym terenie. Stan na 31 XII. Do 2022 r. w systemie funkcjonowały mieszkania chronione, natomiast od 2023 r. funkcjonują mieszkania treningowe oraz wspomagane.",2024,32,,32
powiat m. Kraków,POMOC SPOŁECZNA I O,"Noclegownie, schroniska i domy dla osób bezdomnych","Liczba noclegowni, schronisk i domów dla osób bezdomnych działających na danym terenie.",2024,8,,8
powiat m. Kraków,POMOC SPOŁECZNA I O,Ośrodki interwencji kryzysowej,Liczba ośrodków interwencji kryzysowej działających na danym terenie. Stan na 31 XII.,2024,1,,1
powiat m. Kraków,POMOC SPOŁECZNA I O,Placówki opiekuńczo-wychowawcze,Liczba placówek opiekuńczo-wychowawczych działających na danym terenie (bez podziału na typy). Stan na 31 XII.,2024,39,,39
powiat m. Kraków,POMOC SPOŁECZNA I O,Placówki wsparcia dziennego,Liczba placówek wsparcia dziennego działających na danym terenie. Stan na 31 XII.,2024,26,,26
powiat m. Kraków,POMOC SPOŁECZNA I O,"Placówki zapewniające całodobową opiekę osobom niepełnosprawnym, przewlekle chorym lub osobom w podeszłym wieku","Liczba placówek zapewniających całodobową opiekę osobom niepełnosprawnym, przewlekle chorym lub osobom w podeszłym wieku działających na danym terenie (w oparciu zarówno o działalność gospodarczą, jak i o działalność statutową). Stan na 31 XII.",2024,7,,7
powiat m. Kraków,POMOC SPOŁECZNA I O,Środowiskowe domy samopomocy,Liczba środowiskowych domów samopomocy działających na danym terenie. Stan na 31 XII.,2024,11,,11
powiat m. Kraków,POMOC SPOŁECZNA I O,Zakłady aktywności zawodowej,Liczba zakładów aktywności zawodowej działających na danym terenie.,2024,2,,2
powiat m. Kraków,PIECZA ZASTĘPCZA,Stopień deinstytucjonalizacji pieczy zastępczej,"Stosunek liczby dzieci w rodzinnej pieczy zastępczej (dzieci przebywające w rodzinach zastępczych, rodzinnych domach dziecka i w placówkach opiekuńczo-wychowawczych typu rodzinnego) do liczby wszystkich dzieci w pieczy zastępczej. Do wskaźnika nie wliczono dzieci umieszczonych w rodzinach zastępczych spokrewnionych (definicja zaczerpnięta z raportu ""Postępy deinstytucjonalizacji pieczy zastępczej""; Warszawa 2018 r.). Dane zbierane przez MRiPS regularnie (co pół roku) w sprawozdaniach resortowych.",2024,38.24,%,38.24%
powiat m. Kraków,PIECZA ZASTĘPCZA,Intensywność pieczy zastępczej,"Liczba dzieci poniżej 18. roku życia przebywających w pieczy zastępczej w stosunku do liczby wszystkich dzieci w wieku poniżej 18 roku życia na danym terenie w przeliczeniu na 1000 dzieci (definicja zaczerpnięta z raportu ""Postępy deinstytucjonalizacji pieczy zastępczej""; Warszawa 2018 r.). Dane zbierane przez MRiPS regularnie (co pół roku) w sprawozdaniach resortowych.",2024,6.17,,6.17
powiat m. Kraków,PIECZA ZASTĘPCZA,Liczba rodzin zastępczych,"Liczba rodzin zastępczych funkcjonujących na danym obszarze. Rodzina zastępcza jest jedną z form rodzinnej pieczy zastępczej, sprawowanej w przypadku niemożności zapewnienia dziecku opieki i wychowania przez rodziców.",2024,380,,380
powiat m. Kraków,PIECZA ZASTĘPCZA,Liczba dzieci w rodzinach zastępczych,"Liczba dzieci wychowujących się w rodzinach zastępczych na danym obszarze. Rodzina zastępcza jest jedną z form rodzinnej pieczy zastępczej, sprawowanej w przypadku niemożności zapewnienia dziecku opieki i wychowania przez rodziców. Do roku 2011 dane pochodzą ze sprawozdania MPiPS-03; od roku 2012 dane pochodzą ze sprawozdania Ocena Zasobów Pomocy Społecznej.",2024,497,,497
powiat m. Kraków,ZDROWIE,Dostępność aptek,"Wskaźnik dostępności do aptek - liczba osób przypadająca na jedną aptekę ogólnodostępną. Apteka, zgodnie z Ustawą ""Prawo farmaceutyczne"" z dnia 6 września 2001 r. to placówka ochrony zdrowia publicznego, w której osoby uprawnione świadczą w szczególności usługi farmaceutyczne obejmujące zadania określone w ustawie.",2024,2997,,2997
powiat m. Kraków,ZDROWIE,Zgony z powodu chorób nowotworowych,Wskaźnik umieralności z powodu choroby nowotworowej - udział zgonów z powodu choroby nowotworowej w liczbie zgonów ogółem. Dane do wskaźnika pochodzą z kart statystycznych do kart zgonów.,2024,31.10,%,31.10%
powiat m. Kraków,ZDROWIE,Zgony z powodu chorób układu krążenia,Wskaźnik umieralności z powodu chorób układu krążenia - udział zgonów z powodu chorób układu krążenia w liczbie zgonów ogółem. Dane do wskaźnika pochodzą z kart statystycznych do kart zgonów.,2024,43.00,%,43.00%
powiat m. Kraków,"WYNAGRODZENIA, EMERY",Przeciętne wynagrodzenie w relacji do śr. krajowej,Wskaźnik wysokości wynagrodzeń - przeciętne miesięczne wynagrodzenia brutto w gospodarce narodowej w relacji do średniej krajowej (Polska=100%). Wskaźnik pokazuje jaki procent średniej krajowej jest osiągany na danym terenie.,2024,121.10,,121.10
powiat m. Kraków,KULTURA,Wskaźnik dostępności kin,"Wskaźnik dostępności kin - liczba osób przypadających na jedno miejsce na widowni kina. Przez ""miejsce na widowni"" rozumie się każde numerowane miejsce (zarejestrowane) wykorzystywane przez instytucję kultury do stałych prezentacji scenicznych (w stałej sali eksploatowanej przez instytucję artystyczną lub w kinie stałym do prezentacji filmów).",2024,67,,67
powiat m. Kraków,KULTURA,Wskaźnik dostępności domów i ośrodków kultury,"Wskaźnik dostępności domów i ośrodków kultury oraz klubów, świetlic i kół - liczba osób przypadająca na jedną placówkę kultury.",2024,1166,,1166
powiat m. Kraków,KULTURA,Wskaźnik dostępności muzeów,"Wskaźnik dostępności do muzeów - liczba ludności przypadająca na jedną placówkę muzealną. Dane wskaźnikowe bazują na sprawozdaniach z działalności muzeów i instytucji paramuzealnych. Przez placówkę muzealną (za ustawą z dnia 21 listopada 1996 r. o muzeach) rozumiemy jednostkę organizacyjną, nienastawioną na osiąganie zysku, której celem jest sprawowanie opieki nad zabytkami, informowanie o wartościach i treściach gromadzonych zbiorów, upowszechnianie podstawowych wartości historii, nauki i kultury polskiej oraz światowej, kształtowanie wrażliwości poznawczej i estetycznej oraz umożliwianie kontaktu ze zbiorami.",2024,16858,,16858
powiat m. Kraków,KULTURA,Wskaźnik dostępności bibliotek,"Wskaźnik dostępności bibliotek - liczba ludności przydająca na jedną placówkę biblioteczną. W celu wyliczenia wskaźnika zliczono biblioteki, filie i punkty biblioteczne na danym ternie. Dane bazują na sprawozdaniach bibliotek ogólnych. Zgodnie z definicją przyjętą przez GUS przez placówkę biblioteczną rozumie się jednostkę organizacyjną lub jej część posiadającą uporządkowany (zinwentaryzowany) zbiór książek, czasopism i innych materiałów piśmienniczych liczący co najmniej 300 jednostek inwentarzowych, której głównymi celami są tworzenie i obsługa zbiorów oraz udostępnianie ich użytkownikom w sposób kontrolowany.",2024,12449,,12449
powiat m. Kraków,KULTURA,Wskaźnik czytelnictwa,Wskaźnik czytelnictwa - ilość wypożyczeń z księgozbioru przez jednego czytelnika w ciągu roku. Przez księgozbiór rozumie się zbiór obejmujący wydawnictwa nieperiodyczne (książki i broszury) i wydawnictwa periodyczne (gazety i czasopisma).,2024,12,,12
powiat m. Kraków,EDUKACJA,Edukacja przedszkolna,"Wskaźnik edukacji na poziomie przedszkolnym - odsetek dzieci w wieku od 3 do 5 lat uczęszczających do placówek wychowania przedszkolnego. Wskaźnik zbudowano na podstawie sprawozdań przedszkoli i innych form edukacji przedszkolnej. Uwzględniono ośrodki wychowania przedszkolnego prowadzone przez ograny samorządu terytorialnego, jednostki samorządu powiatowego oraz gminnego.",2024,104.30,,104.30
powiat m. Kraków,EDUKACJA,Zdawalność egzaminu maturalnego w technikach,"Wskaźnik zdawalności matur w technikach - procent uczniów klas IV techników, którzy zdali egzamin maturalny.",2024,89.00,,89.00
powiat m. Kraków,EDUKACJA,Zdawalność egzaminu maturalnego w liceach ogólnokształcących,"Wskaźnik zdawalności matur w liceach -procent uczniów klas III liceów ogólnokształcących, którzy zdali egzamin maturalny.",2024,95.00,,95.00
powiat m. Kraków,EDUKACJA,Wyniki egzaminu ósmoklasisty – język polski,"Wyrażony w % średni wynik uczniów uzyskiwany na egzaminie ósmoklasisty w części z języka polskiego (wskaźnik aktualizowany od 2019 roku, w którym uczniowie szkół podstawowych po raz pierwszy przystąpili do egzaminu ósmoklasisty)",2024,74.27,,74.27
powiat m. Kraków,EDUKACJA,Wyniki egzaminu ósmoklasisty – język angielski podstawowy,"Wyrażony w % średni wynik uczniów uzyskiwany na egzaminie ósmoklasisty w części podstawowej z języka angielskiego (wskaźnik aktualizowany od 2019 roku, w którym uczniowie szkół podstawowych po raz pierwszy przystąpili do egzaminu ósmoklasisty)",2024,83.04,,83.04
powiat m. Kraków,EDUKACJA,Wyniki egzaminu ósmoklasisty – matematyka,"Wyrażony w % średni wynik uczniów uzyskiwany na egzaminie ósmoklasisty w części z matematyki (wskaźnik aktualizowany od 2019 roku, w którym uczniowie szkół podstawowych po raz pierwszy przystąpili do egzaminu ósmoklasisty)",2024,70.72,,70.72
powiat m. Kraków,EDUKACJA,Wybory edukacyjne ósmoklasistów – technikum,"Wyrażony w % udział absolwentów szkół podstawowych, którzy wybrali technikum jako miejsce dalszego kształcenia. Wskaźnik obliczony na podstawie liczby uczniów w klasie pierwszej technikum. (wskaźnik aktualizowany od 2020 roku po ostatecznym wygaszeniu szkół gimnazjalnych)",2024,30.86,,30.86
powiat m. Kraków,EDUKACJA,Wybory edukacyjne ósmoklasistów – liceum ogólnokształcące,"Wyrażony w % udział absolwentów szkół podstawowych, którzy wybrali liceum ogólnokształcące jako miejsce dalszego kształcenia. Wskaźnik obliczony na podstawie liczby uczniów w klasie pierwszej liceów ogólnokształcących. (wskaźnik aktualizowany od 2020 roku po ostatecznym wygaszeniu szkół gimnazjalnych)",2024,61.25,,61.25
powiat m. Kraków,EDUKACJA,Wybory edukacyjne ósmoklasistów – szkoła branżowa I stopnia,"Wyrażony w % udział absolwentów szkół podstawowych, którzy wybrali szkołę branżową I stopnia jako miejsce dalszego kształcenia. Wskaźnik obliczony na podstawie liczby uczniów w klasie pierwszej szkół branżowych I stopnia. (wskaźnik aktualizowany od 2020 roku po ostatecznym wygaszeniu szkół gimnazjalnych)",2024,7.89,,7.89
powiat m. Kraków,RYNEK PRACY,Stopa bezrobocia,"Stopa bezrobocia - procentowy udział liczby bezrobotnych w liczbie ludności aktywnej zawodowo (tzn. pracującej i bezrobotnej). Przez bezrobotnych ( za Ustawą z dnia 20 kwietnia 2004 r. o promocji zatrudnienia i instytucjach rynku pracy) rozumiemy osoby niezatrudnione i nie wykonujące innej pracy zarobkowej, zdolne i gotowe do podjęcia zatrudnienia w pełnym wymiarze czasu pracy (bądź jeśli są to osoby niepełnosprawne - zdolne i gotowe do podjęcia zatrudnienia co najmniej w połowie tego wymiaru czasu pracy), nieuczące się w szkole z wyjątkiem szkół dla dorosłych lub szkół wyższych w systemie wieczorowym albo zaocznym, zarejestrowane we właściwym dla miejsca zameldowania (stałego lub czasowego) powiatowym urzędzie pracy oraz poszukujące zatrudnienia lub innej pracy zarobkowej, jeżeli spełniają określone w Ustawie warunki.",2024,2.00,,2.00
powiat m. Kraków,RYNEK PRACY,Bezrobocie kobiet,"Bezrobocie kobiet - Wyrażony w % udział bezrobotnych kobiet w liczbie bezrobotnych ogółem. Do kategorii osób bezrobotnych wlicza się wyłącznie osoby zarejestrowane w powiatowych urzędach pracy. Przez bezrobotnych ( za Ustawą z dnia 20 kwietnia 2004 r. o promocji zatrudnienia i instytucjach rynku pracy) rozumiemy osoby niezatrudnione i nie wykonujące innej pracy zarobkowej, zdolne i gotowe do podjęcia zatrudnienia w pełnym wymiarze czasu pracy (bądź jeśli są to osoby niepełnosprawne - zdolne i gotowe do podjęcia zatrudnienia co najmniej w połowie tego wymiaru czasu pracy), nieuczące się w szkole z wyjątkiem szkół dla dorosłych lub szkół wyższych w systemie wieczorowym albo zaocznym, zarejestrowane we właściwym dla miejsca zameldowania (stałego lub czasowego) powiatowym urzędzie pracy oraz poszukujące zatrudnienia lub innej pracy zarobkowej, jeżeli spełniają określone w Ustawie warunki.",2024,48.84,,48.84
powiat m. Kraków,RYNEK PRACY,Bezrobocie rodzinne,"Odsetek osób bezrobotnych zamieszkujących gospodarstwo domowe, w którym dwie lub więcej osób pozostaje na bezrobociu. Dane dla powiatu tarnowskiego i Tarnowa przedstawione zostały łącznie. Dane obrazują stan na 31 XII danego roku.",2024,5.40,%,5.40%
powiat m. Kraków,RYNEK PRACY,Bezrobotni dłużej niż 1 rok,"Wyrażony w % udział bezrobotnych dłużej niż 1 rok w liczbie bezrobotnych ogółem. Do kategorii osób bezrobotnych wlicza się wyłącznie osoby zarejestrowane w powiatowych urzędach pracy. Przez bezrobotnych ( za Ustawą z dnia 20 kwietnia 2004 r. o promocji zatrudnienia i instytucjach rynku pracy) rozumiemy osoby niezatrudnione i nie wykonujące innej pracy zarobkowej, zdolne i gotowe do podjęcia zatrudnienia w pełnym wymiarze czasu pracy (bądź jeśli są to osoby niepełnosprawne - zdolne i gotowe do podjęcia zatrudnienia co najmniej w połowie tego wymiaru czasu pracy), nieuczące się w szkole z wyjątkiem szkół dla dorosłych lub szkół wyższych w systemie wieczorowym albo zaocznym, zarejestrowane we właściwym dla miejsca zameldowania (stałego lub czasowego) powiatowym urzędzie pracy oraz poszukujące zatrudnienia lub innej pracy zarobkowej, jeżeli spełniają określone w Ustawie warunki.",2024,31.70,,31.70
powiat m. Kraków,RYNEK PRACY,Bezrobotni z wykształceniem gimnazjalnym i niższym,"Wyrażony w % udział bezrobotnych z wykształceniem gimnazjalnym i niższym w liczbie bezrobotnych ogółem. Do kategorii osób bezrobotnych wlicza się wyłącznie osoby zarejestrowane w powiatowych urzędach pracy. Przez bezrobotnych ( za Ustawą z dnia 20 kwietnia 2004 r. o promocji zatrudnienia i instytucjach rynku pracy) rozumiemy osoby niezatrudnione i nie wykonujące innej pracy zarobkowej, zdolne i gotowe do podjęcia zatrudnienia w pełnym wymiarze czasu pracy (bądź jeśli są to osoby niepełnosprawne - zdolne i gotowe do podjęcia zatrudnienia co najmniej w połowie tego wymiaru czasu pracy), nieuczące się w szkole z wyjątkiem szkół dla dorosłych lub szkół wyższych w systemie wieczorowym albo zaocznym, zarejestrowane we właściwym dla miejsca zameldowania (stałego lub czasowego) powiatowym urzędzie pracy oraz poszukujące zatrudnienia lub innej pracy zarobkowej, jeżeli spełniają określone w Ustawie warunki.",2024,23.84,,23.84
powiat m. Kraków,RYNEK PRACY,Bezrobotni w wieku poniżej 25 lat,"Wyrażony w % udział bezrobotnych poniżej 25. roku życia w liczbie bezrobotnych ogółem. Do kategorii osób bezrobotnych wlicza się wyłącznie osoby zarejestrowane w powiatowych urzędach pracy. Przez bezrobotnych ( za Ustawą z dnia 20 kwietnia 2004 r. o promocji zatrudnienia i instytucjach rynku pracy) rozumiemy osoby niezatrudnione i nie wykonujące innej pracy zarobkowej, zdolne i gotowe do podjęcia zatrudnienia w pełnym wymiarze czasu pracy (bądź jeśli są to osoby niepełnosprawne - zdolne i gotowe do podjęcia zatrudnienia co najmniej w połowie tego wymiaru czasu pracy), nieuczące się w szkole z wyjątkiem szkół dla dorosłych lub szkół wyższych w systemie wieczorowym albo zaocznym, zarejestrowane we właściwym dla miejsca zameldowania (stałego lub czasowego) powiatowym urzędzie pracy oraz poszukujące zatrudnienia lub innej pracy zarobkowej, jeżeli spełniają określone w Ustawie warunki.",2024,6.06,,6.06
powiat m. Kraków,RYNEK PRACY,Bezrobotni w wieku 25-34 lata,"Wyrażony w % udział bezrobotnych w wieku 25-34 lata w liczbie bezrobotnych ogółem. Do kategorii osób bezrobotnych wlicza się wyłącznie osoby zarejestrowane w powiatowych urzędach pracy. Przez bezrobotnych ( za Ustawą z dnia 20 kwietnia 2004 r. o promocji zatrudnienia i instytucjach rynku pracy) rozumiemy osoby niezatrudnione i nie wykonujące innej pracy zarobkowej, zdolne i gotowe do podjęcia zatrudnienia w pełnym wymiarze czasu pracy (bądź jeśli są to osoby niepełnosprawne - zdolne i gotowe do podjęcia zatrudnienia co najmniej w połowie tego wymiaru czasu pracy), nieuczące się w szkole z wyjątkiem szkół dla dorosłych lub szkół wyższych w systemie wieczorowym albo zaocznym, zarejestrowane we właściwym dla miejsca zameldowania (stałego lub czasowego) powiatowym urzędzie pracy oraz poszukujące zatrudnienia lub innej pracy zarobkowej, jeżeli spełniają określone w Ustawie warunki.",2024,21.45,,21.45
powiat m. Kraków,RYNEK PRACY,Bezrobotni w wieku 55 lat i więcej,"Wyrażony w % udział bezrobotnych powyżej 55. roku życia w liczbie bezrobotnych ogółem. Do kategorii osób bezrobotnych wlicza się wyłącznie osoby zarejestrowane w powiatowych urzędach pracy. Przez bezrobotnych ( za Ustawą z dnia 20 kwietnia 2004 r. o promocji zatrudnienia i instytucjach rynku pracy) rozumiemy osoby niezatrudnione i nie wykonujące innej pracy zarobkowej, zdolne i gotowe do podjęcia zatrudnienia w pełnym wymiarze czasu pracy (bądź jeśli są to osoby niepełnosprawne - zdolne i gotowe do podjęcia zatrudnienia co najmniej w połowie tego wymiaru czasu pracy), nieuczące się w szkole z wyjątkiem szkół dla dorosłych lub szkół wyższych w systemie wieczorowym albo zaocznym, zarejestrowane we właściwym dla miejsca zameldowania (stałego lub czasowego) powiatowym urzędzie pracy oraz poszukujące zatrudnienia lub innej pracy zarobkowej, jeżeli spełniają określone w Ustawie warunki.",2024,19.60,,19.60
powiat m. Kraków,RYNEK PRACY,Prowadzący działalność gospodarczą,Osoby fizyczne prowadzące działalność gospodarczą na 100 osób w wieku produkcyjnym. Dane bez osób prowadzących gospodarstwa indywidualne w rolnictwie.,2024,23.88,,23.88
powiat m. Kraków,RYNEK PRACY,Zatrudnienie w branży finansowej i nieruchomościach,"Wyrażony w % udział pracujących w branży finansowej i nieruchomościach w stosunku do ogółu pracujących. Dane do 2021 roku bez podmiotów gospodarczych o liczbie pracujących do 9 osób. Podział branż jest zgodny z PKD 2007. Dotyczy sekcji: ""Działalność finansowa i ubezpieczeniowa; obsługa rynku nieruchomości"". W związku z wprowadzonymi zmianami metodologicznymi w pozyskiwaniu danych dotyczących: pracujących, zatrudnionych oraz przeciętnego zatrudnienia według PKD, dane od 2022 roku nie mogą być porównywane z danymi dla lat poprzednich.",2024,3.89,,3.89
powiat m. Kraków,RYNEK PRACY,Zatrudnienie w rolnictwie,"Wyrażony w % udział pracujących w rolnictwie w stosunku do ogółu pracujących. Dane łącznie z rolnictwem indywidualnym. Dane dotyczące pracujących w gospodarstwach indywidualnych w rolnictwie według stanu w dniu 31 XII w latach 2002-2009 wyszacowano na podstawie wyników Narodowego Spisu Powszechnego Ludności i Mieszkań oraz Powszechnego Spisu Rolnego 2002 oraz w 2010 r. na podstawie Powszechnego Spisu Rolnego 2010. Podział branż jest zgodny z PKD 2007. Dotyczy sekcji: ""Rolnictwo, leśnictwo, łowiectwo i rybactwo"". W związku z wprowadzonymi zmianami metodologicznymi w pozyskiwaniu danych dotyczących: pracujących, zatrudnionych oraz przeciętnego zatrudnienia według PKD, dane od 2022 roku nie mogą być porównywane z danymi dla lat poprzednich.",2024,0.46,,0.46
powiat m. Kraków,RYNEK PRACY,Zatrudnienie w przemyśle i budownictwie,"Wyrażony w % udział pracujących w przemyśle i budownictwie w stosunku do ogółu pracujących. Dane do 2021 roku bez podmiotów gospodarczych o liczbie pracujących do 9 osób. Podział branż jest zgodny z PKD 2007. Pod pojęciem ""Przemysł i budownictwo"" rozumie się sekcje: ""Górnictwo i wydobywanie""; ""Przetwórstwo przemysłowe""; ""Wytwarzanie i zaopatrywanie w energię elektryczną, gaz, parę wodną i gorącą wodę""; ""Dostawa wody; gospodarowanie ściekami i odpadami; rekultywacja"" oraz ""Budownictwo"". W związku z wprowadzonymi zmianami metodologicznymi w pozyskiwaniu danych dotyczących: pracujących, zatrudnionych oraz przeciętnego zatrudnienia według PKD, dane od 2022 roku nie mogą być porównywane z danymi dla lat poprzednich.",2024,13.75,,13.75
powiat m. Kraków,RYNEK PRACY,"Zatrudnienie w handlu, transporcie, turystyce, informacji i komunikacji","Wyrażony w % udział pracujących w handlu, transporcie, turystyce, informacji i komunikacji w stosunku do ogółu pracujących. Dane do 2021 roku bez podmiotów gospodarczych o liczbie pracujących do 9 osób. Podział branż jest zgodny z PKD 2007. Dotyczy sekcji: ""Handel""; ""Naprawa pojazdów samochodowych""; ""Transport i gospodarka magazynowa""; ""Zakwaterowanie i gastronomia"" oraz ""Informacja i komunikacja"". W związku z wprowadzonymi zmianami metodologicznymi w pozyskiwaniu danych dotyczących: pracujących, zatrudnionych oraz przeciętnego zatrudnienia według PKD, dane od 2022 roku nie mogą być porównywane z danymi dla lat poprzednich.",2024,33.69,,33.69
powiat m. Kraków,RYNEK PRACY,Zatrudnienie w pozostałych usługach,"Wyrażony w % udział pracujących w pozostałych usługach w stosunku do ogółu pracujących. Dane do 2021 roku bez podmiotów gospodarczych o liczbie pracujących do 9 osób. Podział branż jest zgodny z PKD 2007. Pod pojęciem ""Pozostałe usługi"" rozumie się sekcje: ""Działalność profesjonalna, naukowa i techniczna""; ""Administrowanie i działalność wspierająca""; ""Administracja publiczna i obrona narodowa, obowiązkowe zabezpieczenia społeczne""; ""Edukacja""; ""Opieka zdrowotna i pomoc społeczna""; ""Działalność związana z kulturą rozrywką i rekreacją"" oraz ""Pozostała działalność usługowa"". W związku z wprowadzonymi zmianami metodologicznymi w pozyskiwaniu danych dotyczących: pracujących, zatrudnionych oraz przeciętnego zatrudnienia według PKD, dane od 2022 roku nie mogą być porównywane z danymi dla lat poprzednich.",2024,48.20,,48.20
powiat m. Kraków,MOBILNOŚĆ,Saldo migracji stałych,"Wskaźnik migracji stałych - różnica między napływem a odpływem ludności z danego obszaru w danym czasie. Saldo migracji stałych uwzględnia zarazem dane ze stałych migracji zewnętrznych jak i wewnętrznych. Migracje stałe to takie, które wiążą się ze zmianą miejsca zamieszkania na pobyt stały. W świetle prawa polskiego, tego typu migracje związane są z dokonaniem w biurze ewidencji ludności zameldowania lub wymeldowania. W 2015 roku GUS zrezygnował z opublikowania danych dotyczących migracji zagranicznych z powodu braku ich kompletności. Dlatego niemożliwe było określenie poziomu migracji stałych za rok 2015.",2024,3271.00,,3271.00
powiat m. Kraków,MOBILNOŚĆ,Saldo migracji zagranicznych,Wskaźnik migracji zagranicznych - różnica między odpływem zagranicę a napływem do kraju ludności w danym czasie.,2024,1141.00,,1141.00
powiat m. Kraków,BUDŻETY GMIN,Wydatki budżetów gmin ogółem,"Wskaźnik wydatków gmin - wydatki budżetów gmin i miast na prawach powiatów w przeliczeniu na jednego mieszkańca. Dane stanowią sumę wydatków na rolnictwo, transport, gospodarkę komunalną, gosp. mieszkaniową, oświatę i wychowanie, kulturę i sztukę, ochronę zdrowia, kulturę fizyczną i sport, a także wydatki na administrację samorządową. Wydatki te są sklasyfikowane w rozporządzeniu Ministra Finansów z dnia 14 czerwca 2006 r. w sprawie szczegółowej klasyfikacji dochodów, wydatków, przychodów i rozchodów oraz środków pochodzących ze źródeł zagranicznych (Dz. U. 2006 r. Nr 107, poz.726, z późn. zm.). Wartości podawane są w złotówkach.",2024,12204.49,,12204.49
powiat m. Kraków,BUDŻETY GMIN,Wydatki budżetów gmin - oświata i wychowanie,"Wskaźnik wydatków gmin na oświatę i wychowanie - wydatki budżetów gmin i miast na prawach powiatów na oświatę i wychowanie w przeliczeniu na jednego mieszkańca. Dane stanowią sumę wydatków sklasyfikowanych w dziale 801 rozporządzenia Ministra Finansów z dnia 14 czerwca 2006 r. w sprawie szczegółowej klasyfikacji dochodów, wydatków, przychodów i rozchodów oraz środków pochodzących ze źródeł zagranicznych (Dz. U. 2006 r. Nr 107, poz.726, z późn. zm.). Wartości podawane są w złotówkach.",2024,4054.46,,4054.46
powiat m. Kraków,BUDŻETY GMIN,Wydatki budżetów gmin - kultura,"Wskaźnik wydatków gmin na kulturę i ochronę dziedzictwa narodowego - wydatki budżetów gmin i miast na prawach powiatów na kulturę i ochronę dziedzictwa narodowego w przeliczeniu na jednego mieszkańca. Dane stanowią sumę wydatków sklasyfikowanych w dziale 921 rozporządzenia Ministra Finansów z dnia 14 czerwca 2006 r. w sprawie szczegółowej klasyfikacji dochodów, wydatków, przychodów i rozchodów oraz środków pochodzących ze źródeł zagranicznych (Dz. U. 2006 r. Nr 107, poz.726, z późn. zm.). Wartości podawane są w złotówkach.",2024,653.56,,653.56
powiat m. Kraków,BUDŻETY GMIN,Wydatki budżetów gmin - pomoc społeczna,"Wskaźnik wydatków gmin na pomoc społeczną - wydatki budżetów gmin i miast na prawach powiatów na pomoc społeczną i pozostałe zadania w zakresie polityki społecznej w przeliczeniu na jednego mieszkańca. Dane stanowią sumę wydatków sklasyfikowanych w działach 852 i 853 rozporządzenia Ministra Finansów z dnia 14 czerwca 2006 r. w sprawie szczegółowej klasyfikacji dochodów, wydatków, przychodów i rozchodów oraz środków pochodzących ze źródeł zagranicznych (Dz. U. 2006 r. Nr 107, poz.726, z późn. zm.). Dane podawane są w złotówkach.",2024,820.76,,820.76
powiat krakowski,LUDNOŚĆ,Ludność ogółem,Liczba ludności zamieszkałej na danym terenie (dane zgodnie z faktycznym miejscem zamieszkania wg podziału administracyjnego na dzień 31 XII).,2024,304278,,304278
powiat krakowski,LUDNOŚĆ,Ludność w wieku przedprodukcyjnym,Udział ludności w wieku przedprodukcyjnym w liczbie ludności ogółem. Przez ludność w wieku przedprodukcyjnym rozumie się ludność w wieku do 17 roku życia.,2024,20.84,%,20.84%
powiat krakowski,LUDNOŚĆ,Ludność w wieku produkcyjnym,"Udział ludności w wieku produkcyjnym w liczbie ludności ogółem. Przez ludność w wieku produkcyjnym rozumie się ludność w wieku zdolności do pracy. Dla mężczyzn przyjęto wiek 18-64 lata, dla kobiet 18-59 lat.",2024,58.89,%,58.89%
powiat krakowski,LUDNOŚĆ,Ludność w wieku poprodukcyjnym,Udział ludności w wieku emerytalnym w liczbie ludności ogółem. Przez ludność w wieku poprodukcyjnym rozumie się ludność w wieku od 64 lat - dla mężczyzn i od 59 lat - dla kobiet.,2024,20.27,%,20.27%
powiat krakowski,LUDNOŚĆ,Ludność w wieku 60+,Udział ludności w wieku 60 i więcej lat w liczbie ludności ogółem.,2024,22.95,%,22.95%
powiat krakowski,LUDNOŚĆ,Wskaźnik podwójnego starzenia,Udział osób w wieku 80 i więcej lat w grupie osób wieku 60 i więcej lat.,2024,15.28,%,15.28%
powiat krakowski,LUDNOŚĆ,Wskaźnik wsparcia osób najstarszych,Liczba osób w wieku 85 lat i więcej przypadająca na 100 osób w wieku 50–64 lata,2024,10,,10
powiat krakowski,LUDNOŚĆ,Potencjał pielęgnacyjny,Liczba kobiet w wieku 45-64 lata (potencjalnych opiekunów rodzinnych) przypadających na 100 osób w wieku 80 i więcej lat,2024,384,,384
powiat krakowski,LUDNOŚĆ,Wskaźnik obciążenia demograficznego,Wskaźnik obciążenia demograficznego - ludność w wieku nieprodukcyjnym przypadająca na 100 osób w wieku produkcyjnym. Przez ludność w wieku produkcyjnym rozumie się osoby w wieku zdolności do pracy tj. mężczyźni w wieku 18 - 64 lat oraz kobiety w wieku 18 - 59.,2024,69.80,,69.80
powiat krakowski,LUDNOŚĆ,Przyrost naturalny na 1 000 ludności,Różnica między liczbą urodzeń żywych a liczbą zgonów w danym roku (bez rozróżnienia na płeć).,2024,-1.67,,-1.67
powiat krakowski,LUDNOŚĆ,Wskaźnik feminizacji,Wskaźnik feminizacji - wielkość demograficzna określająca ile kobiet przypada na 100 mężczyzn na danym terenie.,2024,103.80,,103.80
powiat krakowski,LUDNOŚĆ,Wskaźnik maskulinizacji,Wskaźnik maskulinizacji - wielkość demograficzna określająca ilu mężczyzn przypada na 100 kobiet na danym terenie.,2024,96.34,,96.34
powiat krakowski,LUDNOŚĆ,Wskaźnik gęstości zaludnienia,Wskaźnik gęstości zaludnienia - liczba mieszkańców przypadająca na 1 km².,2024,247.30,,247.30
powiat krakowski,LUDNOŚĆ,Wskaźnik urbanizacji,"Wskaźnik urbanizacji - udział mieszkańców miast w liczbie mieszkańców ogółem. Do wyliczenia wskaźnika posłużono się danymi na temat ludności faktycznie zamieszkałej na dzień 31 XII każdego roku. Ludnośc faktycznie zamieszkała obejmuje: a) stałych mieszkańców, z wyjatkiem osób przebywających poza miejscem zamieszkania przez okres powyżej 3 miesięcy w kraju oraz obejmuje wszystkie osoby przebywajace za granicą (bez względu na okres ich nieobecności) b) osoby przebywające czasowo przez okres powyżej 3 miesięcy, przybyłe z innego miejsca w kraju. Dane za lata 2010 - 2021 bazują na wynikach Narodowego Spisu Powszechnego Ludności i Mieszkań 2011.",2024,14.47,%,14.47%
powiat krakowski,LUDNOŚĆ,Małżeństwa na 1000 mieszkańców,Liczba zawartych małżeństw w przeliczeniu na 1000 mieszkańców.,2024,3.10,,3.10
powiat krakowski,LUDNOŚĆ,Urodzenia na 1000 mieszkańców,Liczba urodzeń żywych w przeliczeniu na 1000 mieszkańców.,2024,7.13,,7.13
powiat krakowski,LUDNOŚĆ,Zgony na 1000 mieszkańców,Liczba zgonów w przeliczeniu na 1000 mieszkańców.,2024,8.80,,8.80
powiat krakowski,LUDNOŚĆ,Wskaźnik/ indeks starości,"Relacja pokoleniowa dziadków i wnuczków, tj. liczba osób w wieku 65 i więcej lat przypadająca na 100 osób w wieku 0-14 lat",2024,102,,102
powiat krakowski,LUDNOŚĆ,Ludność w wieku 65+/ Współczynnik starości demograficznej,Relacja liczby osób w starszym wieku (65 lat i więcej) do ogólnej liczby ludności.,2024,17.39,%,17.39%
powiat krakowski,LUDNOŚĆ,Wskaźnik potencjalnego wsparcia,Liczba osób w wieku 15-64 lata przypadająca na 100 osób w wieku 65 lat i więcej. Przedstawia tzw. obciążenie - ile osób hipotetycznie pozostających na rynku pracy przypada na 1 osobę (100 osób) będącą już poza rykiem pracy (odwrotność cząstkowego współczynnika obciążenia demograficznego osobami starszymi).,2024,377,,377
powiat krakowski,POMOC SPOŁECZNA - K,Liczba mieszkańców na 1 pracownika socjalnego,Liczba mieszkańców przypadająca na jednego pracownika socjalnego zatrudnionego w ośrodku pomocy społecznej.,2024,2396,,2396
powiat krakowski,POMOC SPOŁECZNA - K,Pracownicy socjalni OPS posiadający wyższe wykształcenie,Udział pracowników socjalnych posiadających wyższe wykształcenie w ogólnej licznie pracowników socjalnych.,2024,87.50,%,87.50%
powiat krakowski,POMOC SPOŁECZNA - K,Pracownicy socjalni OPS posiadający I stopień specjalizacji w zawodzie pracownik socjalny,Udział pracowników socjalnych OPS posiadających I stopień specjalizacji w zawodzie pracownik socjalny w ogólnej liczbie pracowników socjalnych.,2024,14.84,%,14.84%
powiat krakowski,POMOC SPOŁECZNA - K,Pracownicy socjalni OPS posiadający II stopień specjalizacji w zawodzie pracownik socjalny,Udział pracowników socjalnych posiadających II stopień specjalizacji w zawodzie pracownik socjalny w ogólnej liczbie pracowników socjalnych.,2024,9.38,%,9.38%
powiat krakowski,POMOC SPOŁECZNA - P,Alkoholizm,Odsetek klientów pomocy społecznej korzystających ze wsparcia z powodu alkoholizmu (na podstawie danych o rzeczywistej liczbie osób w rodzinach objętych pomocą społeczną).,2024,6.42,%,6.42%
powiat krakowski,POMOC SPOŁECZNA - P,Bezdomność,Odsetek klientów pomocy społecznej korzystających ze wsparcia z powodu bezdomności (na podstawie danych o rzeczywistej liczbie osób w rodzinach objętych pomocą społeczną).,2024,2.95,%,2.95%
powiat krakowski,POMOC SPOŁECZNA - P,Bezradność w sprawach opiekuńczo-wychowawczych i prowadzenia gosp. dom.,Odsetek klientów pomocy społecznej korzystających ze wsparcia z powodu bezradności w sprawach opiekuńczo-wychowawczych i prowadzenia gospodarstwa domowego (na podstawie danych o rzeczywistej liczbie osób w rodzinach objętych pomocą społeczną).,2024,15.46,%,15.46%
powiat krakowski,POMOC SPOŁECZNA - P,Bezrobocie,Odsetek klientów pomocy społecznej korzystających ze wsparcia z powodu bezrobocia (na podstawie danych o rzeczywistej liczbie osób w rodzinach objętych pomocą społeczną).,2024,26.94,%,26.94%
powiat krakowski,POMOC SPOŁECZNA - P,Długotrwała lub ciężka choroba,Odsetek klientów pomocy społecznej korzystających ze wsparcia z powodu długotrwałej bądź ciężkiej choroby (na podstawie danych o rzeczywistej liczbie osób w rodzinach objętych pomocą społeczną).,2024,63.14,%,63.14%
powiat krakowski,POMOC SPOŁECZNA - P,Narkomania,Odsetek klientów pomocy społecznej korzystających ze wsparcia z powodu narkomanii (na podstawie danych o rzeczywistej liczbie osób w rodzinach objętych pomocą społeczną).,2024,0.17,%,0.17%
powiat krakowski,POMOC SPOŁECZNA - P,Niepełnosprawność,Odsetek klientów pomocy społecznej korzystających ze wsparcia z powodu niepełnosprawności (na podstawie danych o rzeczywistej liczbie osób w rodzinach objętych pomocą społeczną).,2024,41.29,%,41.29%
powiat krakowski,POMOC SPOŁECZNA - P,Potrzeba ochrony macierzyństwa,Odsetek klientów pomocy społecznej korzystających ze wsparcia z powodu potrzeby ochrony macierzyństwa (na podstawie danych o rzeczywistej liczbie osób w rodzinach objętych pomocą społeczną).,2024,26.68,%,26.68%
powiat krakowski,POMOC SPOŁECZNA - P,Przemoc domowa,Odsetek klientów pomocy społecznej korzystających ze wsparcia z powodu przemocy domowej (na podstawie danych o rzeczywistej liczbie osób w rodzinach objętych pomocą społeczną).,2024,1.27,%,1.27%
powiat krakowski,POMOC SPOŁECZNA - P,Sieroctwo,Odsetek klientów pomocy społecznej korzystających ze wsparcia z powodu sieroctwa (na podstawie danych o rzeczywistej liczbie osób w rodzinach objętych pomocą społeczną).,2024,0.22,%,0.22%
powiat krakowski,POMOC SPOŁECZNA - P,Sytuacja kryzysowa,Odsetek klientów pomocy społecznej korzystających ze wsparcia z powodu sytuacji kryzysowej (na podstawie danych o rzeczywistej liczbie osób w rodzinach objętych pomocą społeczną).,2024,0.70,%,0.70%
powiat krakowski,POMOC SPOŁECZNA - P,Ubóstwo,Odsetek klientów pomocy społecznej korzystających ze wsparcia z powodu ubóstwa (na podstawie danych o rzeczywistej liczbie osób w rodzinach objętych pomocą społeczną).,2024,46.81,%,46.81%
powiat krakowski,POMOC SPOŁECZNA - P,Wielodzietność,Odsetek klientów pomocy społecznej korzystających ze wsparcia z powodu wielodzietności (na podstawie danych o rzeczywistej liczbie osób w rodzinach objętych pomocą społeczną).,2024,20.37,%,20.37%
powiat krakowski,POMOC SPOŁECZNA - P,Zdarzenie losowe,Odsetek klientów pomocy społecznej korzystających ze wsparcia z powodu zdarzenia losowego (na podstawie danych o rzeczywistej liczbie osób w rodzinach objętych pomocą społeczną).,2024,1.07,%,1.07%
powiat krakowski,POMOC SPOŁECZNA - B,Beneficjenci pomocy społecznej,"Udział osób korzystających z pomocy społecznej w liczbie ludności ogółem - na podstawie danych o rzeczywistej liczbie osób w rodzinach objętych pomocą społeczną (świadczenia przyznane w ramach zadań zleconych i własnych bez względu na rodzaj, formę, liczbę oraz źródło finansowania).",2024,1.51,%,1.51%
powiat krakowski,POMOC SPOŁECZNA - B,Rodziny niepełne objęte pomocą społeczną,"Wskaźnik pomocy społecznej udzielonej rodzinom niepełnym - udział rodzin niepełnych objętych pomocą (w której skład wchodzi jedno z rodziców z dzieckiem/ dziećmi) w liczbie wszystkich rodzin z dziećmi, którym udzielono pomocy.",2024,47.37,%,47.37%
powiat krakowski,POMOC SPOŁECZNA - B,Rodziny wielodzietne objęte pomocą społeczną,"Wskaźnik pomocy społecznej udzielonej rodzinom wielodzietnym - udział rodzin wielodzietnych (3 dzieci i więcej) objętych pomocą w liczbie wszystkich rodzin z dziećmi, którym udzielono pomocy.",2024,37.28,%,37.28%
powiat krakowski,POMOC SPOŁECZNA - B,Rodziny emerytów i rencistów objęte pomocą społeczną,"Wskaźnik pomocy społecznej udzielonej rodzinom emerytów i rencistów - udział rodzin emerytów i rencistów objętych pomocą w liczbie wszystkich rodzin, którym udzielono pomocy.",2024,24.93,%,24.93%
powiat krakowski,POMOC SPOŁECZNA - B,Pensjonariusze DPS nieopuszczający łóżek,Odsetek pensjonariuszy Domów Pomocy Społecznej nieopuszczających łóżek. Dane na temat liczby mieszkańców Domów Pomocy Społecznej zebrano wg. stanu na dzień 31 grudnia. W statystykach uwzględniono mieszkańców Domów Pomocy Społecznej i podmiotów niepublicznych w roku sprawozdawczym.,2024,7.92,%,7.92%
powiat krakowski,POMOC SPOŁECZNA - B,Pensjonariusze DPS do 18 roku życia,Odsetek pensjonariuszy Domów Pomocy Społecznej w wieku do18 roku życia. Dane na temat liczby mieszkańców Domów Pomocy Społecznej zebrano wg. stanu na dzień 31 grudnia. W statystykach uwzględniono mieszkańców Domów Pomocy Społecznej i podmiotów niepublicznych w roku sprawozdawczym.,2024,0.49,%,0.49%
powiat krakowski,POMOC SPOŁECZNA - B,Pensjonariusze DPS w wieku 19-40 lat,Odsetek pensjonariuszy Domów Pomocy Społecznej wieku 19-40 lat. Dane na temat liczby mieszkańców Domów Pomocy Społecznej zebrano wg. stanu na dzień 31 grudnia. W statystykach uwzględniono mieszkańców Domów Pomocy Społecznej i podmiotów niepublicznych w roku sprawozdawczym.,2024,11.57,%,11.57%
powiat krakowski,POMOC SPOŁECZNA - B,Pensjonariusze DPS w wieku 41-60 lat,Odsetek pensjonariuszy Domów Pomocy Społecznej wieku 41-60 lat. Dane na temat liczby mieszkańców Domów Pomocy Społecznej zebrano wg. stanu na dzień 31 grudnia. W statystykach uwzględniono mieszkańców Domów Pomocy Społecznej i podmiotów niepublicznych w roku sprawozdawczym.,2024,35.93,%,35.93%
powiat krakowski,POMOC SPOŁECZNA - B,Pensjonariusze DPS w wieku 61-74 lat,Odsetek pensjonariuszy Domów Pomocy Społecznej wieku 60-74 lat. Dane na temat liczby mieszkańców Domów Pomocy Społecznej zebrano wg. stanu na dzień 31 grudnia. W statystykach uwzględniono mieszkańców Domów Pomocy Społecznej i podmiotów niepublicznych w roku sprawozdawczym.,2024,33.74,%,33.74%
powiat krakowski,POMOC SPOŁECZNA - B,Pensjonariusze DPS w wieku powyżej 74 lat,Odsetek pensjonariuszy Domów Pomocy Społecznej wieku powyżej 74 lat. Dane na temat liczby mieszkańców Domów Pomocy Społecznej zebrano wg. stanu na dzień 31 grudnia. W statystykach uwzględniono mieszkańców Domów Pomocy Społecznej i podmiotów niepublicznych w roku sprawozdawczym.,2024,18.27,%,18.27%
powiat krakowski,Sheet6,Świadczenia pieniężne z pomocy społecznej,Odsetek korzystających ze świadczeń pieniężnych w ogólnej liczbie świadczeniobiorców pomocy społecznej (liczba osób w rodzinach),2024,86.35,%,86.35%
powiat krakowski,Sheet6,Świadczenia niepieniężne z pomocy społecznej,Odsetek korzystających ze świadczeń niepieniężnych w ogólnej liczbie świadczeniobiorców pomocy społecznej (liczba osób w rodzinach),2024,46.44,%,46.44%
powiat krakowski,Sheet6,Osoby korzystające z usług opiekuńczych i specjalistycznych usług opiekuńczych,Liczba osób korzystających z usług opiekuńczych (w tym specjalistycznych usług opiekuńczych).,2024,340,,340
powiat krakowski,Sheet6,Osoby korzystające ze specjalistycznych usług opiekuńczych dla osób z zaburzeniami psychicznymi,Liczba osób korzystających ze specjalistycznych usług opiekuńczych w miejscu zamieszkania dla osób z zaburzeniami psychicznymi.,2024,24,,24
powiat krakowski,Sheet6,Osoby objęte kontraktami socjalnymi,Udział osób objętych kontraktami socjalnymi w ogólnej liczbie osób w rodzinach świadczeniobiorców pomocy społecznej.,2024,1.66,%,1.66%
powiat krakowski,Sheet6,Osoby objęte dożywianiem na 1000 mieszkańców,Wskaźnik pomocy w zakresie dożywiania - liczba osób objętych pomocą państwa w zakresie dożywiania w przeliczeniu na 1000 mieszkańców.,2024,9,,9
powiat krakowski,Sheet6,Udział dzieci w ogóle osób objętych dożywianiem,"Udział dzieci w liczbie wszystkich osób objętych pomocą państwa w zakresie dożywiania. Sprawozdanie z realizacji programu ""Pomoc Państwa w zakresie dożywiania"" do 2013 roku obejmowało dzieci do lat 7. Od 2014 roku w sprawozdaniu liczba dzieci jest określona na podstawie momentu rozpoczęcia nauki w szkole podstawowej.",2024,14,%,14%
powiat krakowski,Sheet6,Udział uczniów w ogóle osób objętych dożywianiem,Udział dzieci w wieku szkolnym (uczniowie do czasu ukończenia szkoły ponadgimnazjalnej) w liczbie wszystkich osób objętych pomocą państwa w zakresie dożywiania.,2024,28,%,28%
powiat krakowski,POMOC SPOŁECZNA I O,Centra integracji społecznej,Liczba centrów integracji społecznej działających na danym terenie. Stan na 31 XII.,2024,0,,0
powiat krakowski,POMOC SPOŁECZNA I O,Domy pomocy społecznej,Liczba domów pomocy społecznej działających na danym terenie (bez podziału na typy).,2024,10,,10
powiat krakowski,POMOC SPOŁECZNA I O,Dzienne domy pomocy,Liczba dziennych domów pomocy działających na danym terenie. Stan na 31 XII.,2024,1,,1
powiat krakowski,POMOC SPOŁECZNA I O,Placówki specjalistycznego poradnictwa - jednostki  powiatowe,"Liczba jednostek specjalistycznego poradnictwa działających w powiatach. Stan na 31 XII. Wskaźnik zasilany od 2021 r. w związku ze zmianami monitorowania danych w sprawozdaniach resortowych. Zastąpił on wskaźnik ""Placówki specjalistycznego poradnictwa""",2024,0,,0
powiat krakowski,POMOC SPOŁECZNA I O,Placówki specjalistycznego poradnictwa,Liczba jednostek specjalistycznego poradnictwa działających na danym terenie. Stan na 31 XII. Od 2021 roku ze względu na brak kontynuacji monitorowania danych w sprawozdaniach resortowych wskaźnik nie jest już aktualizowany.,2024,0,,0
powiat krakowski,POMOC SPOŁECZNA I O,Kluby integracji społecznej,Liczba klubów integracji społecznej działających na danym terenie.,2024,1,,1
powiat krakowski,POMOC SPOŁECZNA I O,Mieszkania treningowe oraz wspomagane,"Liczba mieszkań treningowe oraz wspomaganych działających na danym terenie. Stan na 31 XII. Do 2022 r. w systemie funkcjonowały mieszkania chronione, natomiast od 2023 r. funkcjonują mieszkania treningowe oraz wspomagane.",2024,5,,5
powiat krakowski,POMOC SPOŁECZNA I O,"Noclegownie, schroniska i domy dla osób bezdomnych","Liczba noclegowni, schronisk i domów dla osób bezdomnych działających na danym terenie.",2024,0,,0
powiat krakowski,POMOC SPOŁECZNA I O,Ośrodki interwencji kryzysowej,Liczba ośrodków interwencji kryzysowej działających na danym terenie. Stan na 31 XII.,2024,0,,0
powiat krakowski,POMOC SPOŁECZNA I O,Placówki opiekuńczo-wychowawcze,Liczba placówek opiekuńczo-wychowawczych działających na danym terenie (bez podziału na typy). Stan na 31 XII.,2024,5,,5
powiat krakowski,POMOC SPOŁECZNA I O,Placówki wsparcia dziennego,Liczba placówek wsparcia dziennego działających na danym terenie. Stan na 31 XII.,2024,7,,7
powiat krakowski,POMOC SPOŁECZNA I O,"Placówki zapewniające całodobową opiekę osobom niepełnosprawnym, przewlekle chorym lub osobom w podeszłym wieku","Liczba placówek zapewniających całodobową opiekę osobom niepełnosprawnym, przewlekle chorym lub osobom w podeszłym wieku działających na danym terenie (w oparciu zarówno o działalność gospodarczą, jak i o działalność statutową). Stan na 31 XII.",2024,3,,3
powiat krakowski,POMOC SPOŁECZNA I O,Środowiskowe domy samopomocy,Liczba środowiskowych domów samopomocy działających na danym terenie. Stan na 31 XII.,2024,8,,8
powiat krakowski,POMOC SPOŁECZNA I O,Zakłady aktywności zawodowej,Liczba zakładów aktywności zawodowej działających na danym terenie.,2024,1,,1
powiat krakowski,PIECZA ZASTĘPCZA,Stopień deinstytucjonalizacji pieczy zastępczej,"Stosunek liczby dzieci w rodzinnej pieczy zastępczej (dzieci przebywające w rodzinach zastępczych, rodzinnych domach dziecka i w placówkach opiekuńczo-wychowawczych typu rodzinnego) do liczby wszystkich dzieci w pieczy zastępczej. Do wskaźnika nie wliczono dzieci umieszczonych w rodzinach zastępczych spokrewnionych (definicja zaczerpnięta z raportu ""Postępy deinstytucjonalizacji pieczy zastępczej""; Warszawa 2018 r.). Dane zbierane przez MRiPS regularnie (co pół roku) w sprawozdaniach resortowych.",2024,71.78,%,71.78%
powiat krakowski,PIECZA ZASTĘPCZA,Intensywność pieczy zastępczej,"Liczba dzieci poniżej 18. roku życia przebywających w pieczy zastępczej w stosunku do liczby wszystkich dzieci w wieku poniżej 18 roku życia na danym terenie w przeliczeniu na 1000 dzieci (definicja zaczerpnięta z raportu ""Postępy deinstytucjonalizacji pieczy zastępczej""; Warszawa 2018 r.). Dane zbierane przez MRiPS regularnie (co pół roku) w sprawozdaniach resortowych.",2024,4.15,,4.15
powiat krakowski,PIECZA ZASTĘPCZA,Liczba rodzin zastępczych,"Liczba rodzin zastępczych funkcjonujących na danym obszarze. Rodzina zastępcza jest jedną z form rodzinnej pieczy zastępczej, sprawowanej w przypadku niemożności zapewnienia dziecku opieki i wychowania przez rodziców.",2024,161,,161
powiat krakowski,PIECZA ZASTĘPCZA,Liczba dzieci w rodzinach zastępczych,"Liczba dzieci wychowujących się w rodzinach zastępczych na danym obszarze. Rodzina zastępcza jest jedną z form rodzinnej pieczy zastępczej, sprawowanej w przypadku niemożności zapewnienia dziecku opieki i wychowania przez rodziców. Do roku 2011 dane pochodzą ze sprawozdania MPiPS-03; od roku 2012 dane pochodzą ze sprawozdania Ocena Zasobów Pomocy Społecznej.",2024,220,,220
powiat krakowski,ZDROWIE,Dostępność aptek,"Wskaźnik dostępności do aptek - liczba osób przypadająca na jedną aptekę ogólnodostępną. Apteka, zgodnie z Ustawą ""Prawo farmaceutyczne"" z dnia 6 września 2001 r. to placówka ochrony zdrowia publicznego, w której osoby uprawnione świadczą w szczególności usługi farmaceutyczne obejmujące zadania określone w ustawie.",2024,4610,,4610
powiat krakowski,ZDROWIE,Zgony z powodu chorób nowotworowych,Wskaźnik umieralności z powodu choroby nowotworowej - udział zgonów z powodu choroby nowotworowej w liczbie zgonów ogółem. Dane do wskaźnika pochodzą z kart statystycznych do kart zgonów.,2024,30.30,%,30.30%
powiat krakowski,ZDROWIE,Zgony z powodu chorób układu krążenia,Wskaźnik umieralności z powodu chorób układu krążenia - udział zgonów z powodu chorób układu krążenia w liczbie zgonów ogółem. Dane do wskaźnika pochodzą z kart statystycznych do kart zgonów.,2024,42.20,%,42.20%
powiat krakowski,"WYNAGRODZENIA, EMERY",Przeciętne wynagrodzenie w relacji do śr. krajowej,Wskaźnik wysokości wynagrodzeń - przeciętne miesięczne wynagrodzenia brutto w gospodarce narodowej w relacji do średniej krajowej (Polska=100%). Wskaźnik pokazuje jaki procent średniej krajowej jest osiągany na danym terenie.,2024,94.00,,94.00
powiat krakowski,KULTURA,Wskaźnik dostępności kin,"Wskaźnik dostępności kin - liczba osób przypadających na jedno miejsce na widowni kina. Przez ""miejsce na widowni"" rozumie się każde numerowane miejsce (zarejestrowane) wykorzystywane przez instytucję kultury do stałych prezentacji scenicznych (w stałej sali eksploatowanej przez instytucję artystyczną lub w kinie stałym do prezentacji filmów).",2024,7607,,7607
powiat krakowski,KULTURA,Wskaźnik dostępności domów i ośrodków kultury,"Wskaźnik dostępności domów i ośrodków kultury oraz klubów, świetlic i kół - liczba osób przypadająca na jedną placówkę kultury.",2024,919,,919
powiat krakowski,KULTURA,Wskaźnik dostępności muzeów,"Wskaźnik dostępności do muzeów - liczba ludności przypadająca na jedną placówkę muzealną. Dane wskaźnikowe bazują na sprawozdaniach z działalności muzeów i instytucji paramuzealnych. Przez placówkę muzealną (za ustawą z dnia 21 listopada 1996 r. o muzeach) rozumiemy jednostkę organizacyjną, nienastawioną na osiąganie zysku, której celem jest sprawowanie opieki nad zabytkami, informowanie o wartościach i treściach gromadzonych zbiorów, upowszechnianie podstawowych wartości historii, nauki i kultury polskiej oraz światowej, kształtowanie wrażliwości poznawczej i estetycznej oraz umożliwianie kontaktu ze zbiorami.",2024,101426,,101426
powiat krakowski,KULTURA,Wskaźnik dostępności bibliotek,"Wskaźnik dostępności bibliotek - liczba ludności przydająca na jedną placówkę biblioteczną. W celu wyliczenia wskaźnika zliczono biblioteki, filie i punkty biblioteczne na danym ternie. Dane bazują na sprawozdaniach bibliotek ogólnych. Zgodnie z definicją przyjętą przez GUS przez placówkę biblioteczną rozumie się jednostkę organizacyjną lub jej część posiadającą uporządkowany (zinwentaryzowany) zbiór książek, czasopism i innych materiałów piśmienniczych liczący co najmniej 300 jednostek inwentarzowych, której głównymi celami są tworzenie i obsługa zbiorów oraz udostępnianie ich użytkownikom w sposób kontrolowany.",2024,4112,,4112
powiat krakowski,KULTURA,Wskaźnik czytelnictwa,Wskaźnik czytelnictwa - ilość wypożyczeń z księgozbioru przez jednego czytelnika w ciągu roku. Przez księgozbiór rozumie się zbiór obejmujący wydawnictwa nieperiodyczne (książki i broszury) i wydawnictwa periodyczne (gazety i czasopisma).,2024,16,,16
powiat krakowski,EDUKACJA,Edukacja przedszkolna,"Wskaźnik edukacji na poziomie przedszkolnym - odsetek dzieci w wieku od 3 do 5 lat uczęszczających do placówek wychowania przedszkolnego. Wskaźnik zbudowano na podstawie sprawozdań przedszkoli i innych form edukacji przedszkolnej. Uwzględniono ośrodki wychowania przedszkolnego prowadzone przez ograny samorządu terytorialnego, jednostki samorządu powiatowego oraz gminnego.",2024,92.70,,92.70
powiat krakowski,EDUKACJA,Zdawalność egzaminu maturalnego w technikach,"Wskaźnik zdawalności matur w technikach - procent uczniów klas IV techników, którzy zdali egzamin maturalny.",2024,84.00,,84.00
powiat krakowski,EDUKACJA,Zdawalność egzaminu maturalnego w liceach ogólnokształcących,"Wskaźnik zdawalności matur w liceach -procent uczniów klas III liceów ogólnokształcących, którzy zdali egzamin maturalny.",2024,94.00,,94.00
powiat krakowski,EDUKACJA,Wyniki egzaminu ósmoklasisty – język polski,"Wyrażony w % średni wynik uczniów uzyskiwany na egzaminie ósmoklasisty w części z języka polskiego (wskaźnik aktualizowany od 2019 roku, w którym uczniowie szkół podstawowych po raz pierwszy przystąpili do egzaminu ósmoklasisty)",2024,67.67,,67.67
powiat krakowski,EDUKACJA,Wyniki egzaminu ósmoklasisty – język angielski podstawowy,"Wyrażony w % średni wynik uczniów uzyskiwany na egzaminie ósmoklasisty w części podstawowej z języka angielskiego (wskaźnik aktualizowany od 2019 roku, w którym uczniowie szkół podstawowych po raz pierwszy przystąpili do egzaminu ósmoklasisty)",2024,73.38,,73.38
powiat krakowski,EDUKACJA,Wyniki egzaminu ósmoklasisty – matematyka,"Wyrażony w % średni wynik uczniów uzyskiwany na egzaminie ósmoklasisty w części z matematyki (wskaźnik aktualizowany od 2019 roku, w którym uczniowie szkół podstawowych po raz pierwszy przystąpili do egzaminu ósmoklasisty)",2024,62.86,,62.86
powiat krakowski,EDUKACJA,Wybory edukacyjne ósmoklasistów – technikum,"Wyrażony w % udział absolwentów szkół podstawowych, którzy wybrali technikum jako miejsce dalszego kształcenia. Wskaźnik obliczony na podstawie liczby uczniów w klasie pierwszej technikum. (wskaźnik aktualizowany od 2020 roku po ostatecznym wygaszeniu szkół gimnazjalnych)",2024,36.20,,36.20
powiat krakowski,EDUKACJA,Wybory edukacyjne ósmoklasistów – liceum ogólnokształcące,"Wyrażony w % udział absolwentów szkół podstawowych, którzy wybrali liceum ogólnokształcące jako miejsce dalszego kształcenia. Wskaźnik obliczony na podstawie liczby uczniów w klasie pierwszej liceów ogólnokształcących. (wskaźnik aktualizowany od 2020 roku po ostatecznym wygaszeniu szkół gimnazjalnych)",2024,44.93,,44.93
powiat krakowski,EDUKACJA,Wybory edukacyjne ósmoklasistów – szkoła branżowa I stopnia,"Wyrażony w % udział absolwentów szkół podstawowych, którzy wybrali szkołę branżową I stopnia jako miejsce dalszego kształcenia. Wskaźnik obliczony na podstawie liczby uczniów w klasie pierwszej szkół branżowych I stopnia. (wskaźnik aktualizowany od 2020 roku po ostatecznym wygaszeniu szkół gimnazjalnych)",2024,18.87,,18.87
powiat krakowski,RYNEK PRACY,Stopa bezrobocia,"Stopa bezrobocia - procentowy udział liczby bezrobotnych w liczbie ludności aktywnej zawodowo (tzn. pracującej i bezrobotnej). Przez bezrobotnych ( za Ustawą z dnia 20 kwietnia 2004 r. o promocji zatrudnienia i instytucjach rynku pracy) rozumiemy osoby niezatrudnione i nie wykonujące innej pracy zarobkowej, zdolne i gotowe do podjęcia zatrudnienia w pełnym wymiarze czasu pracy (bądź jeśli są to osoby niepełnosprawne - zdolne i gotowe do podjęcia zatrudnienia co najmniej w połowie tego wymiaru czasu pracy), nieuczące się w szkole z wyjątkiem szkół dla dorosłych lub szkół wyższych w systemie wieczorowym albo zaocznym, zarejestrowane we właściwym dla miejsca zameldowania (stałego lub czasowego) powiatowym urzędzie pracy oraz poszukujące zatrudnienia lub innej pracy zarobkowej, jeżeli spełniają określone w Ustawie warunki.",2024,4.30,,4.30
powiat krakowski,RYNEK PRACY,Bezrobocie kobiet,"Bezrobocie kobiet - Wyrażony w % udział bezrobotnych kobiet w liczbie bezrobotnych ogółem. Do kategorii osób bezrobotnych wlicza się wyłącznie osoby zarejestrowane w powiatowych urzędach pracy. Przez bezrobotnych ( za Ustawą z dnia 20 kwietnia 2004 r. o promocji zatrudnienia i instytucjach rynku pracy) rozumiemy osoby niezatrudnione i nie wykonujące innej pracy zarobkowej, zdolne i gotowe do podjęcia zatrudnienia w pełnym wymiarze czasu pracy (bądź jeśli są to osoby niepełnosprawne - zdolne i gotowe do podjęcia zatrudnienia co najmniej w połowie tego wymiaru czasu pracy), nieuczące się w szkole z wyjątkiem szkół dla dorosłych lub szkół wyższych w systemie wieczorowym albo zaocznym, zarejestrowane we właściwym dla miejsca zameldowania (stałego lub czasowego) powiatowym urzędzie pracy oraz poszukujące zatrudnienia lub innej pracy zarobkowej, jeżeli spełniają określone w Ustawie warunki.",2024,48.40,,48.40
powiat krakowski,RYNEK PRACY,Bezrobocie rodzinne,"Odsetek osób bezrobotnych zamieszkujących gospodarstwo domowe, w którym dwie lub więcej osób pozostaje na bezrobociu. Dane dla powiatu tarnowskiego i Tarnowa przedstawione zostały łącznie. Dane obrazują stan na 31 XII danego roku.",2024,10.35,%,10.35%
powiat krakowski,RYNEK PRACY,Bezrobotni dłużej niż 1 rok,"Wyrażony w % udział bezrobotnych dłużej niż 1 rok w liczbie bezrobotnych ogółem. Do kategorii osób bezrobotnych wlicza się wyłącznie osoby zarejestrowane w powiatowych urzędach pracy. Przez bezrobotnych ( za Ustawą z dnia 20 kwietnia 2004 r. o promocji zatrudnienia i instytucjach rynku pracy) rozumiemy osoby niezatrudnione i nie wykonujące innej pracy zarobkowej, zdolne i gotowe do podjęcia zatrudnienia w pełnym wymiarze czasu pracy (bądź jeśli są to osoby niepełnosprawne - zdolne i gotowe do podjęcia zatrudnienia co najmniej w połowie tego wymiaru czasu pracy), nieuczące się w szkole z wyjątkiem szkół dla dorosłych lub szkół wyższych w systemie wieczorowym albo zaocznym, zarejestrowane we właściwym dla miejsca zameldowania (stałego lub czasowego) powiatowym urzędzie pracy oraz poszukujące zatrudnienia lub innej pracy zarobkowej, jeżeli spełniają określone w Ustawie warunki.",2024,39.90,,39.90
powiat krakowski,RYNEK PRACY,Bezrobotni z wykształceniem gimnazjalnym i niższym,"Wyrażony w % udział bezrobotnych z wykształceniem gimnazjalnym i niższym w liczbie bezrobotnych ogółem. Do kategorii osób bezrobotnych wlicza się wyłącznie osoby zarejestrowane w powiatowych urzędach pracy. Przez bezrobotnych ( za Ustawą z dnia 20 kwietnia 2004 r. o promocji zatrudnienia i instytucjach rynku pracy) rozumiemy osoby niezatrudnione i nie wykonujące innej pracy zarobkowej, zdolne i gotowe do podjęcia zatrudnienia w pełnym wymiarze czasu pracy (bądź jeśli są to osoby niepełnosprawne - zdolne i gotowe do podjęcia zatrudnienia co najmniej w połowie tego wymiaru czasu pracy), nieuczące się w szkole z wyjątkiem szkół dla dorosłych lub szkół wyższych w systemie wieczorowym albo zaocznym, zarejestrowane we właściwym dla miejsca zameldowania (stałego lub czasowego) powiatowym urzędzie pracy oraz poszukujące zatrudnienia lub innej pracy zarobkowej, jeżeli spełniają określone w Ustawie warunki.",2024,20.34,,20.34
powiat krakowski,RYNEK PRACY,Bezrobotni w wieku poniżej 25 lat,"Wyrażony w % udział bezrobotnych poniżej 25. roku życia w liczbie bezrobotnych ogółem. Do kategorii osób bezrobotnych wlicza się wyłącznie osoby zarejestrowane w powiatowych urzędach pracy. Przez bezrobotnych ( za Ustawą z dnia 20 kwietnia 2004 r. o promocji zatrudnienia i instytucjach rynku pracy) rozumiemy osoby niezatrudnione i nie wykonujące innej pracy zarobkowej, zdolne i gotowe do podjęcia zatrudnienia w pełnym wymiarze czasu pracy (bądź jeśli są to osoby niepełnosprawne - zdolne i gotowe do podjęcia zatrudnienia co najmniej w połowie tego wymiaru czasu pracy), nieuczące się w szkole z wyjątkiem szkół dla dorosłych lub szkół wyższych w systemie wieczorowym albo zaocznym, zarejestrowane we właściwym dla miejsca zameldowania (stałego lub czasowego) powiatowym urzędzie pracy oraz poszukujące zatrudnienia lub innej pracy zarobkowej, jeżeli spełniają określone w Ustawie warunki.",2024,13.06,,13.06
powiat krakowski,RYNEK PRACY,Bezrobotni w wieku 25-34 lata,"Wyrażony w % udział bezrobotnych w wieku 25-34 lata w liczbie bezrobotnych ogółem. Do kategorii osób bezrobotnych wlicza się wyłącznie osoby zarejestrowane w powiatowych urzędach pracy. Przez bezrobotnych ( za Ustawą z dnia 20 kwietnia 2004 r. o promocji zatrudnienia i instytucjach rynku pracy) rozumiemy osoby niezatrudnione i nie wykonujące innej pracy zarobkowej, zdolne i gotowe do podjęcia zatrudnienia w pełnym wymiarze czasu pracy (bądź jeśli są to osoby niepełnosprawne - zdolne i gotowe do podjęcia zatrudnienia co najmniej w połowie tego wymiaru czasu pracy), nieuczące się w szkole z wyjątkiem szkół dla dorosłych lub szkół wyższych w systemie wieczorowym albo zaocznym, zarejestrowane we właściwym dla miejsca zameldowania (stałego lub czasowego) powiatowym urzędzie pracy oraz poszukujące zatrudnienia lub innej pracy zarobkowej, jeżeli spełniają określone w Ustawie warunki.",2024,22.73,,22.73
powiat krakowski,RYNEK PRACY,Bezrobotni w wieku 55 lat i więcej,"Wyrażony w % udział bezrobotnych powyżej 55. roku życia w liczbie bezrobotnych ogółem. Do kategorii osób bezrobotnych wlicza się wyłącznie osoby zarejestrowane w powiatowych urzędach pracy. Przez bezrobotnych ( za Ustawą z dnia 20 kwietnia 2004 r. o promocji zatrudnienia i instytucjach rynku pracy) rozumiemy osoby niezatrudnione i nie wykonujące innej pracy zarobkowej, zdolne i gotowe do podjęcia zatrudnienia w pełnym wymiarze czasu pracy (bądź jeśli są to osoby niepełnosprawne - zdolne i gotowe do podjęcia zatrudnienia co najmniej w połowie tego wymiaru czasu pracy), nieuczące się w szkole z wyjątkiem szkół dla dorosłych lub szkół wyższych w systemie wieczorowym albo zaocznym, zarejestrowane we właściwym dla miejsca zameldowania (stałego lub czasowego) powiatowym urzędzie pracy oraz poszukujące zatrudnienia lub innej pracy zarobkowej, jeżeli spełniają określone w Ustawie warunki.",2024,17.78,,17.78
powiat krakowski,RYNEK PRACY,Prowadzący działalność gospodarczą,Osoby fizyczne prowadzące działalność gospodarczą na 100 osób w wieku produkcyjnym. Dane bez osób prowadzących gospodarstwa indywidualne w rolnictwie.,2024,19.17,,19.17
powiat krakowski,RYNEK PRACY,Zatrudnienie w branży finansowej i nieruchomościach,"Wyrażony w % udział pracujących w branży finansowej i nieruchomościach w stosunku do ogółu pracujących. Dane do 2021 roku bez podmiotów gospodarczych o liczbie pracujących do 9 osób. Podział branż jest zgodny z PKD 2007. Dotyczy sekcji: ""Działalność finansowa i ubezpieczeniowa; obsługa rynku nieruchomości"". W związku z wprowadzonymi zmianami metodologicznymi w pozyskiwaniu danych dotyczących: pracujących, zatrudnionych oraz przeciętnego zatrudnienia według PKD, dane od 2022 roku nie mogą być porównywane z danymi dla lat poprzednich.",2024,1.10,,1.10
powiat krakowski,RYNEK PRACY,Zatrudnienie w rolnictwie,"Wyrażony w % udział pracujących w rolnictwie w stosunku do ogółu pracujących. Dane łącznie z rolnictwem indywidualnym. Dane dotyczące pracujących w gospodarstwach indywidualnych w rolnictwie według stanu w dniu 31 XII w latach 2002-2009 wyszacowano na podstawie wyników Narodowego Spisu Powszechnego Ludności i Mieszkań oraz Powszechnego Spisu Rolnego 2002 oraz w 2010 r. na podstawie Powszechnego Spisu Rolnego 2010. Podział branż jest zgodny z PKD 2007. Dotyczy sekcji: ""Rolnictwo, leśnictwo, łowiectwo i rybactwo"". W związku z wprowadzonymi zmianami metodologicznymi w pozyskiwaniu danych dotyczących: pracujących, zatrudnionych oraz przeciętnego zatrudnienia według PKD, dane od 2022 roku nie mogą być porównywane z danymi dla lat poprzednich.",2024,8.54,,8.54
powiat krakowski,RYNEK PRACY,Zatrudnienie w przemyśle i budownictwie,"Wyrażony w % udział pracujących w przemyśle i budownictwie w stosunku do ogółu pracujących. Dane do 2021 roku bez podmiotów gospodarczych o liczbie pracujących do 9 osób. Podział branż jest zgodny z PKD 2007. Pod pojęciem ""Przemysł i budownictwo"" rozumie się sekcje: ""Górnictwo i wydobywanie""; ""Przetwórstwo przemysłowe""; ""Wytwarzanie i zaopatrywanie w energię elektryczną, gaz, parę wodną i gorącą wodę""; ""Dostawa wody; gospodarowanie ściekami i odpadami; rekultywacja"" oraz ""Budownictwo"". W związku z wprowadzonymi zmianami metodologicznymi w pozyskiwaniu danych dotyczących: pracujących, zatrudnionych oraz przeciętnego zatrudnienia według PKD, dane od 2022 roku nie mogą być porównywane z danymi dla lat poprzednich.",2024,33.45,,33.45
powiat krakowski,RYNEK PRACY,"Zatrudnienie w handlu, transporcie, turystyce, informacji i komunikacji","Wyrażony w % udział pracujących w handlu, transporcie, turystyce, informacji i komunikacji w stosunku do ogółu pracujących. Dane do 2021 roku bez podmiotów gospodarczych o liczbie pracujących do 9 osób. Podział branż jest zgodny z PKD 2007. Dotyczy sekcji: ""Handel""; ""Naprawa pojazdów samochodowych""; ""Transport i gospodarka magazynowa""; ""Zakwaterowanie i gastronomia"" oraz ""Informacja i komunikacja"". W związku z wprowadzonymi zmianami metodologicznymi w pozyskiwaniu danych dotyczących: pracujących, zatrudnionych oraz przeciętnego zatrudnienia według PKD, dane od 2022 roku nie mogą być porównywane z danymi dla lat poprzednich.",2024,28.34,,28.34
powiat krakowski,RYNEK PRACY,Zatrudnienie w pozostałych usługach,"Wyrażony w % udział pracujących w pozostałych usługach w stosunku do ogółu pracujących. Dane do 2021 roku bez podmiotów gospodarczych o liczbie pracujących do 9 osób. Podział branż jest zgodny z PKD 2007. Pod pojęciem ""Pozostałe usługi"" rozumie się sekcje: ""Działalność profesjonalna, naukowa i techniczna""; ""Administrowanie i działalność wspierająca""; ""Administracja publiczna i obrona narodowa, obowiązkowe zabezpieczenia społeczne""; ""Edukacja""; ""Opieka zdrowotna i pomoc społeczna""; ""Działalność związana z kulturą rozrywką i rekreacją"" oraz ""Pozostała działalność usługowa"". W związku z wprowadzonymi zmianami metodologicznymi w pozyskiwaniu danych dotyczących: pracujących, zatrudnionych oraz przeciętnego zatrudnienia według PKD, dane od 2022 roku nie mogą być porównywane z danymi dla lat poprzednich.",2024,28.57,,28.57
powiat krakowski,MOBILNOŚĆ,Saldo migracji stałych,"Wskaźnik migracji stałych - różnica między napływem a odpływem ludności z danego obszaru w danym czasie. Saldo migracji stałych uwzględnia zarazem dane ze stałych migracji zewnętrznych jak i wewnętrznych. Migracje stałe to takie, które wiążą się ze zmianą miejsca zamieszkania na pobyt stały. W świetle prawa polskiego, tego typu migracje związane są z dokonaniem w biurze ewidencji ludności zameldowania lub wymeldowania. W 2015 roku GUS zrezygnował z opublikowania danych dotyczących migracji zagranicznych z powodu braku ich kompletności. Dlatego niemożliwe było określenie poziomu migracji stałych za rok 2015.",2024,2468.00,,2468.00
powiat krakowski,MOBILNOŚĆ,Saldo migracji zagranicznych,Wskaźnik migracji zagranicznych - różnica między odpływem zagranicę a napływem do kraju ludności w danym czasie.,2024,130.00,,130.00
powiat krakowski,BUDŻETY GMIN,Wydatki budżetów gmin ogółem,"Wskaźnik wydatków gmin - wydatki budżetów gmin i miast na prawach powiatów w przeliczeniu na jednego mieszkańca. Dane stanowią sumę wydatków na rolnictwo, transport, gospodarkę komunalną, gosp. mieszkaniową, oświatę i wychowanie, kulturę i sztukę, ochronę zdrowia, kulturę fizyczną i sport, a także wydatki na administrację samorządową. Wydatki te są sklasyfikowane w rozporządzeniu Ministra Finansów z dnia 14 czerwca 2006 r. w sprawie szczegółowej klasyfikacji dochodów, wydatków, przychodów i rozchodów oraz środków pochodzących ze źródeł zagranicznych (Dz. U. 2006 r. Nr 107, poz.726, z późn. zm.). Wartości podawane są w złotówkach.",2024,7499.84,,7499.84
powiat krakowski,BUDŻETY GMIN,Wydatki budżetów gmin - oświata i wychowanie,"Wskaźnik wydatków gmin na oświatę i wychowanie - wydatki budżetów gmin i miast na prawach powiatów na oświatę i wychowanie w przeliczeniu na jednego mieszkańca. Dane stanowią sumę wydatków sklasyfikowanych w dziale 801 rozporządzenia Ministra Finansów z dnia 14 czerwca 2006 r. w sprawie szczegółowej klasyfikacji dochodów, wydatków, przychodów i rozchodów oraz środków pochodzących ze źródeł zagranicznych (Dz. U. 2006 r. Nr 107, poz.726, z późn. zm.). Wartości podawane są w złotówkach.",2024,3174.94,,3174.94
powiat krakowski,BUDŻETY GMIN,Wydatki budżetów gmin - kultura,"Wskaźnik wydatków gmin na kulturę i ochronę dziedzictwa narodowego - wydatki budżetów gmin i miast na prawach powiatów na kulturę i ochronę dziedzictwa narodowego w przeliczeniu na jednego mieszkańca. Dane stanowią sumę wydatków sklasyfikowanych w dziale 921 rozporządzenia Ministra Finansów z dnia 14 czerwca 2006 r. w sprawie szczegółowej klasyfikacji dochodów, wydatków, przychodów i rozchodów oraz środków pochodzących ze źródeł zagranicznych (Dz. U. 2006 r. Nr 107, poz.726, z późn. zm.). Wartości podawane są w złotówkach.",2024,180.62,,180.62
powiat krakowski,BUDŻETY GMIN,Wydatki budżetów gmin - pomoc społeczna,"Wskaźnik wydatków gmin na pomoc społeczną - wydatki budżetów gmin i miast na prawach powiatów na pomoc społeczną i pozostałe zadania w zakresie polityki społecznej w przeliczeniu na jednego mieszkańca. Dane stanowią sumę wydatków sklasyfikowanych w działach 852 i 853 rozporządzenia Ministra Finansów z dnia 14 czerwca 2006 r. w sprawie szczegółowej klasyfikacji dochodów, wydatków, przychodów i rozchodów oraz środków pochodzących ze źródeł zagranicznych (Dz. U. 2006 r. Nr 107, poz.726, z późn. zm.). Dane podawane są w złotówkach.",2024,361.98,,361.98
powiat limanowski,LUDNOŚĆ,Ludność ogółem,Liczba ludności zamieszkałej na danym terenie (dane zgodnie z faktycznym miejscem zamieszkania wg podziału administracyjnego na dzień 31 XII).,2024,131626,,131626
powiat limanowski,LUDNOŚĆ,Ludność w wieku przedprodukcyjnym,Udział ludności w wieku przedprodukcyjnym w liczbie ludności ogółem. Przez ludność w wieku przedprodukcyjnym rozumie się ludność w wieku do 17 roku życia.,2024,23.29,%,23.29%
powiat limanowski,LUDNOŚĆ,Ludność w wieku produkcyjnym,"Udział ludności w wieku produkcyjnym w liczbie ludności ogółem. Przez ludność w wieku produkcyjnym rozumie się ludność w wieku zdolności do pracy. Dla mężczyzn przyjęto wiek 18-64 lata, dla kobiet 18-59 lat.",2024,58.83,%,58.83%
powiat limanowski,LUDNOŚĆ,Ludność w wieku poprodukcyjnym,Udział ludności w wieku emerytalnym w liczbie ludności ogółem. Przez ludność w wieku poprodukcyjnym rozumie się ludność w wieku od 64 lat - dla mężczyzn i od 59 lat - dla kobiet.,2024,17.88,%,17.88%
powiat limanowski,LUDNOŚĆ,Ludność w wieku 60+,Udział ludności w wieku 60 i więcej lat w liczbie ludności ogółem.,2024,20.79,%,20.79%
powiat limanowski,LUDNOŚĆ,Wskaźnik podwójnego starzenia,Udział osób w wieku 80 i więcej lat w grupie osób wieku 60 i więcej lat.,2024,16.86,%,16.86%
powiat limanowski,LUDNOŚĆ,Wskaźnik wsparcia osób najstarszych,Liczba osób w wieku 85 lat i więcej przypadająca na 100 osób w wieku 50–64 lata,2024,10,,10
powiat limanowski,LUDNOŚĆ,Potencjał pielęgnacyjny,Liczba kobiet w wieku 45-64 lata (potencjalnych opiekunów rodzinnych) przypadających na 100 osób w wieku 80 i więcej lat,2024,350,,350
powiat limanowski,LUDNOŚĆ,Wskaźnik obciążenia demograficznego,Wskaźnik obciążenia demograficznego - ludność w wieku nieprodukcyjnym przypadająca na 100 osób w wieku produkcyjnym. Przez ludność w wieku produkcyjnym rozumie się osoby w wieku zdolności do pracy tj. mężczyźni w wieku 18 - 64 lat oraz kobiety w wieku 18 - 59.,2024,70.00,,70.00
powiat limanowski,LUDNOŚĆ,Przyrost naturalny na 1 000 ludności,Różnica między liczbą urodzeń żywych a liczbą zgonów w danym roku (bez rozróżnienia na płeć).,2024,1.43,,1.43
powiat limanowski,LUDNOŚĆ,Wskaźnik feminizacji,Wskaźnik feminizacji - wielkość demograficzna określająca ile kobiet przypada na 100 mężczyzn na danym terenie.,2024,100.25,,100.25
powiat limanowski,LUDNOŚĆ,Wskaźnik maskulinizacji,Wskaźnik maskulinizacji - wielkość demograficzna określająca ilu mężczyzn przypada na 100 kobiet na danym terenie.,2024,99.75,,99.75
powiat limanowski,LUDNOŚĆ,Wskaźnik gęstości zaludnienia,Wskaźnik gęstości zaludnienia - liczba mieszkańców przypadająca na 1 km².,2024,138.40,,138.40
powiat limanowski,LUDNOŚĆ,Wskaźnik urbanizacji,"Wskaźnik urbanizacji - udział mieszkańców miast w liczbie mieszkańców ogółem. Do wyliczenia wskaźnika posłużono się danymi na temat ludności faktycznie zamieszkałej na dzień 31 XII każdego roku. Ludnośc faktycznie zamieszkała obejmuje: a) stałych mieszkańców, z wyjatkiem osób przebywających poza miejscem zamieszkania przez okres powyżej 3 miesięcy w kraju oraz obejmuje wszystkie osoby przebywajace za granicą (bez względu na okres ich nieobecności) b) osoby przebywające czasowo przez okres powyżej 3 miesięcy, przybyłe z innego miejsca w kraju. Dane za lata 2010 - 2021 bazują na wynikach Narodowego Spisu Powszechnego Ludności i Mieszkań 2011.",2024,16.84,%,16.84%
powiat limanowski,LUDNOŚĆ,Małżeństwa na 1000 mieszkańców,Liczba zawartych małżeństw w przeliczeniu na 1000 mieszkańców.,2024,4.20,,4.20
powiat limanowski,LUDNOŚĆ,Urodzenia na 1000 mieszkańców,Liczba urodzeń żywych w przeliczeniu na 1000 mieszkańców.,2024,9.29,,9.29
powiat limanowski,LUDNOŚĆ,Zgony na 1000 mieszkańców,Liczba zgonów w przeliczeniu na 1000 mieszkańców.,2024,7.86,,7.86
powiat limanowski,LUDNOŚĆ,Wskaźnik/ indeks starości,"Relacja pokoleniowa dziadków i wnuczków, tj. liczba osób w wieku 65 i więcej lat przypadająca na 100 osób w wieku 0-14 lat",2024,78,,78
powiat limanowski,LUDNOŚĆ,Ludność w wieku 65+/ Współczynnik starości demograficznej,Relacja liczby osób w starszym wieku (65 lat i więcej) do ogólnej liczby ludności.,2024,15.07,%,15.07%
powiat limanowski,LUDNOŚĆ,Wskaźnik potencjalnego wsparcia,Liczba osób w wieku 15-64 lata przypadająca na 100 osób w wieku 65 lat i więcej. Przedstawia tzw. obciążenie - ile osób hipotetycznie pozostających na rynku pracy przypada na 1 osobę (100 osób) będącą już poza rykiem pracy (odwrotność cząstkowego współczynnika obciążenia demograficznego osobami starszymi).,2024,436,,436
powiat limanowski,POMOC SPOŁECZNA - K,Liczba mieszkańców na 1 pracownika socjalnego,Liczba mieszkańców przypadająca na jednego pracownika socjalnego zatrudnionego w ośrodku pomocy społecznej.,2024,2089,,2089
powiat limanowski,POMOC SPOŁECZNA - K,Pracownicy socjalni OPS posiadający wyższe wykształcenie,Udział pracowników socjalnych posiadających wyższe wykształcenie w ogólnej licznie pracowników socjalnych.,2024,51.67,%,51.67%
powiat limanowski,POMOC SPOŁECZNA - K,Pracownicy socjalni OPS posiadający I stopień specjalizacji w zawodzie pracownik socjalny,Udział pracowników socjalnych OPS posiadających I stopień specjalizacji w zawodzie pracownik socjalny w ogólnej liczbie pracowników socjalnych.,2024,41.67,%,41.67%
powiat limanowski,POMOC SPOŁECZNA - K,Pracownicy socjalni OPS posiadający II stopień specjalizacji w zawodzie pracownik socjalny,Udział pracowników socjalnych posiadających II stopień specjalizacji w zawodzie pracownik socjalny w ogólnej liczbie pracowników socjalnych.,2024,1.67,%,1.67%
powiat limanowski,POMOC SPOŁECZNA - P,Alkoholizm,Odsetek klientów pomocy społecznej korzystających ze wsparcia z powodu alkoholizmu (na podstawie danych o rzeczywistej liczbie osób w rodzinach objętych pomocą społeczną).,2024,3.77,%,3.77%
powiat limanowski,POMOC SPOŁECZNA - P,Bezdomność,Odsetek klientów pomocy społecznej korzystających ze wsparcia z powodu bezdomności (na podstawie danych o rzeczywistej liczbie osób w rodzinach objętych pomocą społeczną).,2024,0.41,%,0.41%
powiat limanowski,POMOC SPOŁECZNA - P,Bezradność w sprawach opiekuńczo-wychowawczych i prowadzenia gosp. dom.,Odsetek klientów pomocy społecznej korzystających ze wsparcia z powodu bezradności w sprawach opiekuńczo-wychowawczych i prowadzenia gospodarstwa domowego (na podstawie danych o rzeczywistej liczbie osób w rodzinach objętych pomocą społeczną).,2024,8.01,%,8.01%
powiat limanowski,POMOC SPOŁECZNA - P,Bezrobocie,Odsetek klientów pomocy społecznej korzystających ze wsparcia z powodu bezrobocia (na podstawie danych o rzeczywistej liczbie osób w rodzinach objętych pomocą społeczną).,2024,23.39,%,23.39%
powiat limanowski,POMOC SPOŁECZNA - P,Długotrwała lub ciężka choroba,Odsetek klientów pomocy społecznej korzystających ze wsparcia z powodu długotrwałej bądź ciężkiej choroby (na podstawie danych o rzeczywistej liczbie osób w rodzinach objętych pomocą społeczną).,2024,44.91,%,44.91%
powiat limanowski,POMOC SPOŁECZNA - P,Narkomania,Odsetek klientów pomocy społecznej korzystających ze wsparcia z powodu narkomanii (na podstawie danych o rzeczywistej liczbie osób w rodzinach objętych pomocą społeczną).,2024,0.17,%,0.17%
powiat limanowski,POMOC SPOŁECZNA - P,Niepełnosprawność,Odsetek klientów pomocy społecznej korzystających ze wsparcia z powodu niepełnosprawności (na podstawie danych o rzeczywistej liczbie osób w rodzinach objętych pomocą społeczną).,2024,26.84,%,26.84%
powiat limanowski,POMOC SPOŁECZNA - P,Potrzeba ochrony macierzyństwa,Odsetek klientów pomocy społecznej korzystających ze wsparcia z powodu potrzeby ochrony macierzyństwa (na podstawie danych o rzeczywistej liczbie osób w rodzinach objętych pomocą społeczną).,2024,50.84,%,50.84%
powiat limanowski,POMOC SPOŁECZNA - P,Przemoc domowa,Odsetek klientów pomocy społecznej korzystających ze wsparcia z powodu przemocy domowej (na podstawie danych o rzeczywistej liczbie osób w rodzinach objętych pomocą społeczną).,2024,1.36,%,1.36%
powiat limanowski,POMOC SPOŁECZNA - P,Sieroctwo,Odsetek klientów pomocy społecznej korzystających ze wsparcia z powodu sieroctwa (na podstawie danych o rzeczywistej liczbie osób w rodzinach objętych pomocą społeczną).,2024,0.06,%,0.06%
powiat limanowski,POMOC SPOŁECZNA - P,Sytuacja kryzysowa,Odsetek klientów pomocy społecznej korzystających ze wsparcia z powodu sytuacji kryzysowej (na podstawie danych o rzeczywistej liczbie osób w rodzinach objętych pomocą społeczną).,2024,0.10,%,0.10%
powiat limanowski,POMOC SPOŁECZNA - P,Ubóstwo,Odsetek klientów pomocy społecznej korzystających ze wsparcia z powodu ubóstwa (na podstawie danych o rzeczywistej liczbie osób w rodzinach objętych pomocą społeczną).,2024,47.06,%,47.06%
powiat limanowski,POMOC SPOŁECZNA - P,Wielodzietność,Odsetek klientów pomocy społecznej korzystających ze wsparcia z powodu wielodzietności (na podstawie danych o rzeczywistej liczbie osób w rodzinach objętych pomocą społeczną).,2024,50.27,%,50.27%
powiat limanowski,POMOC SPOŁECZNA - P,Zdarzenie losowe,Odsetek klientów pomocy społecznej korzystających ze wsparcia z powodu zdarzenia losowego (na podstawie danych o rzeczywistej liczbie osób w rodzinach objętych pomocą społeczną).,2024,0.51,%,0.51%
powiat limanowski,POMOC SPOŁECZNA - B,Beneficjenci pomocy społecznej,"Udział osób korzystających z pomocy społecznej w liczbie ludności ogółem - na podstawie danych o rzeczywistej liczbie osób w rodzinach objętych pomocą społeczną (świadczenia przyznane w ramach zadań zleconych i własnych bez względu na rodzaj, formę, liczbę oraz źródło finansowania).",2024,5.21,%,5.21%
powiat limanowski,POMOC SPOŁECZNA - B,Rodziny niepełne objęte pomocą społeczną,"Wskaźnik pomocy społecznej udzielonej rodzinom niepełnym - udział rodzin niepełnych objętych pomocą (w której skład wchodzi jedno z rodziców z dzieckiem/ dziećmi) w liczbie wszystkich rodzin z dziećmi, którym udzielono pomocy.",2024,19.21,%,19.21%
powiat limanowski,POMOC SPOŁECZNA - B,Rodziny wielodzietne objęte pomocą społeczną,"Wskaźnik pomocy społecznej udzielonej rodzinom wielodzietnym - udział rodzin wielodzietnych (3 dzieci i więcej) objętych pomocą w liczbie wszystkich rodzin z dziećmi, którym udzielono pomocy.",2024,50.59,%,50.59%
powiat limanowski,POMOC SPOŁECZNA - B,Rodziny emerytów i rencistów objęte pomocą społeczną,"Wskaźnik pomocy społecznej udzielonej rodzinom emerytów i rencistów - udział rodzin emerytów i rencistów objętych pomocą w liczbie wszystkich rodzin, którym udzielono pomocy.",2024,20.14,%,20.14%
powiat limanowski,POMOC SPOŁECZNA - B,Pensjonariusze DPS nieopuszczający łóżek,Odsetek pensjonariuszy Domów Pomocy Społecznej nieopuszczających łóżek. Dane na temat liczby mieszkańców Domów Pomocy Społecznej zebrano wg. stanu na dzień 31 grudnia. W statystykach uwzględniono mieszkańców Domów Pomocy Społecznej i podmiotów niepublicznych w roku sprawozdawczym.,2024,11.79,%,11.79%
powiat limanowski,POMOC SPOŁECZNA - B,Pensjonariusze DPS do 18 roku życia,Odsetek pensjonariuszy Domów Pomocy Społecznej w wieku do18 roku życia. Dane na temat liczby mieszkańców Domów Pomocy Społecznej zebrano wg. stanu na dzień 31 grudnia. W statystykach uwzględniono mieszkańców Domów Pomocy Społecznej i podmiotów niepublicznych w roku sprawozdawczym.,2024,0.00,%,0.00%
powiat limanowski,POMOC SPOŁECZNA - B,Pensjonariusze DPS w wieku 19-40 lat,Odsetek pensjonariuszy Domów Pomocy Społecznej wieku 19-40 lat. Dane na temat liczby mieszkańców Domów Pomocy Społecznej zebrano wg. stanu na dzień 31 grudnia. W statystykach uwzględniono mieszkańców Domów Pomocy Społecznej i podmiotów niepublicznych w roku sprawozdawczym.,2024,7.69,%,7.69%
powiat limanowski,POMOC SPOŁECZNA - B,Pensjonariusze DPS w wieku 41-60 lat,Odsetek pensjonariuszy Domów Pomocy Społecznej wieku 41-60 lat. Dane na temat liczby mieszkańców Domów Pomocy Społecznej zebrano wg. stanu na dzień 31 grudnia. W statystykach uwzględniono mieszkańców Domów Pomocy Społecznej i podmiotów niepublicznych w roku sprawozdawczym.,2024,31.54,%,31.54%
powiat limanowski,POMOC SPOŁECZNA - B,Pensjonariusze DPS w wieku 61-74 lat,Odsetek pensjonariuszy Domów Pomocy Społecznej wieku 60-74 lat. Dane na temat liczby mieszkańców Domów Pomocy Społecznej zebrano wg. stanu na dzień 31 grudnia. W statystykach uwzględniono mieszkańców Domów Pomocy Społecznej i podmiotów niepublicznych w roku sprawozdawczym.,2024,39.74,%,39.74%
powiat limanowski,POMOC SPOŁECZNA - B,Pensjonariusze DPS w wieku powyżej 74 lat,Odsetek pensjonariuszy Domów Pomocy Społecznej wieku powyżej 74 lat. Dane na temat liczby mieszkańców Domów Pomocy Społecznej zebrano wg. stanu na dzień 31 grudnia. W statystykach uwzględniono mieszkańców Domów Pomocy Społecznej i podmiotów niepublicznych w roku sprawozdawczym.,2024,21.03,%,21.03%
powiat limanowski,Sheet6,Świadczenia pieniężne z pomocy społecznej,Odsetek korzystających ze świadczeń pieniężnych w ogólnej liczbie świadczeniobiorców pomocy społecznej (liczba osób w rodzinach),2024,52.54,%,52.54%
powiat limanowski,Sheet6,Świadczenia niepieniężne z pomocy społecznej,Odsetek korzystających ze świadczeń niepieniężnych w ogólnej liczbie świadczeniobiorców pomocy społecznej (liczba osób w rodzinach),2024,74.78,%,74.78%
powiat limanowski,Sheet6,Osoby korzystające z usług opiekuńczych i specjalistycznych usług opiekuńczych,Liczba osób korzystających z usług opiekuńczych (w tym specjalistycznych usług opiekuńczych).,2024,206,,206
powiat limanowski,Sheet6,Osoby korzystające ze specjalistycznych usług opiekuńczych dla osób z zaburzeniami psychicznymi,Liczba osób korzystających ze specjalistycznych usług opiekuńczych w miejscu zamieszkania dla osób z zaburzeniami psychicznymi.,2024,26,,26
powiat limanowski,Sheet6,Osoby objęte kontraktami socjalnymi,Udział osób objętych kontraktami socjalnymi w ogólnej liczbie osób w rodzinach świadczeniobiorców pomocy społecznej.,2024,0.16,%,0.16%
powiat limanowski,Sheet6,Osoby objęte dożywianiem na 1000 mieszkańców,Wskaźnik pomocy w zakresie dożywiania - liczba osób objętych pomocą państwa w zakresie dożywiania w przeliczeniu na 1000 mieszkańców.,2024,26,,26
powiat limanowski,Sheet6,Udział dzieci w ogóle osób objętych dożywianiem,"Udział dzieci w liczbie wszystkich osób objętych pomocą państwa w zakresie dożywiania. Sprawozdanie z realizacji programu ""Pomoc Państwa w zakresie dożywiania"" do 2013 roku obejmowało dzieci do lat 7. Od 2014 roku w sprawozdaniu liczba dzieci jest określona na podstawie momentu rozpoczęcia nauki w szkole podstawowej.",2024,17,%,17%
powiat limanowski,Sheet6,Udział uczniów w ogóle osób objętych dożywianiem,Udział dzieci w wieku szkolnym (uczniowie do czasu ukończenia szkoły ponadgimnazjalnej) w liczbie wszystkich osób objętych pomocą państwa w zakresie dożywiania.,2024,53,%,53%
powiat limanowski,POMOC SPOŁECZNA I O,Centra integracji społecznej,Liczba centrów integracji społecznej działających na danym terenie. Stan na 31 XII.,2024,0,,0
powiat limanowski,POMOC SPOŁECZNA I O,Domy pomocy społecznej,Liczba domów pomocy społecznej działających na danym terenie (bez podziału na typy).,2024,5,,5
powiat limanowski,POMOC SPOŁECZNA I O,Dzienne domy pomocy,Liczba dziennych domów pomocy działających na danym terenie. Stan na 31 XII.,2024,2,,2
powiat limanowski,POMOC SPOŁECZNA I O,Placówki specjalistycznego poradnictwa - jednostki  powiatowe,"Liczba jednostek specjalistycznego poradnictwa działających w powiatach. Stan na 31 XII. Wskaźnik zasilany od 2021 r. w związku ze zmianami monitorowania danych w sprawozdaniach resortowych. Zastąpił on wskaźnik ""Placówki specjalistycznego poradnictwa""",2024,0,,0
powiat limanowski,POMOC SPOŁECZNA I O,Placówki specjalistycznego poradnictwa,Liczba jednostek specjalistycznego poradnictwa działających na danym terenie. Stan na 31 XII. Od 2021 roku ze względu na brak kontynuacji monitorowania danych w sprawozdaniach resortowych wskaźnik nie jest już aktualizowany.,2024,0,,0
powiat limanowski,POMOC SPOŁECZNA I O,Kluby integracji społecznej,Liczba klubów integracji społecznej działających na danym terenie.,2024,1,,1
powiat limanowski,POMOC SPOŁECZNA I O,Mieszkania treningowe oraz wspomagane,"Liczba mieszkań treningowe oraz wspomaganych działających na danym terenie. Stan na 31 XII. Do 2022 r. w systemie funkcjonowały mieszkania chronione, natomiast od 2023 r. funkcjonują mieszkania treningowe oraz wspomagane.",2024,5,,5
powiat limanowski,POMOC SPOŁECZNA I O,"Noclegownie, schroniska i domy dla osób bezdomnych","Liczba noclegowni, schronisk i domów dla osób bezdomnych działających na danym terenie.",2024,0,,0
powiat limanowski,POMOC SPOŁECZNA I O,Ośrodki interwencji kryzysowej,Liczba ośrodków interwencji kryzysowej działających na danym terenie. Stan na 31 XII.,2024,1,,1
powiat limanowski,POMOC SPOŁECZNA I O,Placówki opiekuńczo-wychowawcze,Liczba placówek opiekuńczo-wychowawczych działających na danym terenie (bez podziału na typy). Stan na 31 XII.,2024,0,,0
powiat limanowski,POMOC SPOŁECZNA I O,Placówki wsparcia dziennego,Liczba placówek wsparcia dziennego działających na danym terenie. Stan na 31 XII.,2024,10,,10
powiat limanowski,POMOC SPOŁECZNA I O,"Placówki zapewniające całodobową opiekę osobom niepełnosprawnym, przewlekle chorym lub osobom w podeszłym wieku","Liczba placówek zapewniających całodobową opiekę osobom niepełnosprawnym, przewlekle chorym lub osobom w podeszłym wieku działających na danym terenie (w oparciu zarówno o działalność gospodarczą, jak i o działalność statutową). Stan na 31 XII.",2024,2,,2
powiat limanowski,POMOC SPOŁECZNA I O,Środowiskowe domy samopomocy,Liczba środowiskowych domów samopomocy działających na danym terenie. Stan na 31 XII.,2024,3,,3
powiat limanowski,POMOC SPOŁECZNA I O,Zakłady aktywności zawodowej,Liczba zakładów aktywności zawodowej działających na danym terenie.,2024,1,,1
powiat limanowski,PIECZA ZASTĘPCZA,Stopień deinstytucjonalizacji pieczy zastępczej,"Stosunek liczby dzieci w rodzinnej pieczy zastępczej (dzieci przebywające w rodzinach zastępczych, rodzinnych domach dziecka i w placówkach opiekuńczo-wychowawczych typu rodzinnego) do liczby wszystkich dzieci w pieczy zastępczej. Do wskaźnika nie wliczono dzieci umieszczonych w rodzinach zastępczych spokrewnionych (definicja zaczerpnięta z raportu ""Postępy deinstytucjonalizacji pieczy zastępczej""; Warszawa 2018 r.). Dane zbierane przez MRiPS regularnie (co pół roku) w sprawozdaniach resortowych.",2024,100.00,%,100.00%
powiat limanowski,PIECZA ZASTĘPCZA,Intensywność pieczy zastępczej,"Liczba dzieci poniżej 18. roku życia przebywających w pieczy zastępczej w stosunku do liczby wszystkich dzieci w wieku poniżej 18 roku życia na danym terenie w przeliczeniu na 1000 dzieci (definicja zaczerpnięta z raportu ""Postępy deinstytucjonalizacji pieczy zastępczej""; Warszawa 2018 r.). Dane zbierane przez MRiPS regularnie (co pół roku) w sprawozdaniach resortowych.",2024,3.00,,3.00
powiat limanowski,PIECZA ZASTĘPCZA,Liczba rodzin zastępczych,"Liczba rodzin zastępczych funkcjonujących na danym obszarze. Rodzina zastępcza jest jedną z form rodzinnej pieczy zastępczej, sprawowanej w przypadku niemożności zapewnienia dziecku opieki i wychowania przez rodziców.",2024,63,,63
powiat limanowski,PIECZA ZASTĘPCZA,Liczba dzieci w rodzinach zastępczych,"Liczba dzieci wychowujących się w rodzinach zastępczych na danym obszarze. Rodzina zastępcza jest jedną z form rodzinnej pieczy zastępczej, sprawowanej w przypadku niemożności zapewnienia dziecku opieki i wychowania przez rodziców. Do roku 2011 dane pochodzą ze sprawozdania MPiPS-03; od roku 2012 dane pochodzą ze sprawozdania Ocena Zasobów Pomocy Społecznej.",2024,99,,99
powiat limanowski,ZDROWIE,Dostępność aptek,"Wskaźnik dostępności do aptek - liczba osób przypadająca na jedną aptekę ogólnodostępną. Apteka, zgodnie z Ustawą ""Prawo farmaceutyczne"" z dnia 6 września 2001 r. to placówka ochrony zdrowia publicznego, w której osoby uprawnione świadczą w szczególności usługi farmaceutyczne obejmujące zadania określone w ustawie.",2024,3557,,3557
powiat limanowski,ZDROWIE,Zgony z powodu chorób nowotworowych,Wskaźnik umieralności z powodu choroby nowotworowej - udział zgonów z powodu choroby nowotworowej w liczbie zgonów ogółem. Dane do wskaźnika pochodzą z kart statystycznych do kart zgonów.,2024,29.40,%,29.40%
powiat limanowski,ZDROWIE,Zgony z powodu chorób układu krążenia,Wskaźnik umieralności z powodu chorób układu krążenia - udział zgonów z powodu chorób układu krążenia w liczbie zgonów ogółem. Dane do wskaźnika pochodzą z kart statystycznych do kart zgonów.,2024,40.70,%,40.70%
powiat limanowski,"WYNAGRODZENIA, EMERY",Przeciętne wynagrodzenie w relacji do śr. krajowej,Wskaźnik wysokości wynagrodzeń - przeciętne miesięczne wynagrodzenia brutto w gospodarce narodowej w relacji do średniej krajowej (Polska=100%). Wskaźnik pokazuje jaki procent średniej krajowej jest osiągany na danym terenie.,2024,80.20,,80.20
powiat limanowski,KULTURA,Wskaźnik dostępności kin,"Wskaźnik dostępności kin - liczba osób przypadających na jedno miejsce na widowni kina. Przez ""miejsce na widowni"" rozumie się każde numerowane miejsce (zarejestrowane) wykorzystywane przez instytucję kultury do stałych prezentacji scenicznych (w stałej sali eksploatowanej przez instytucję artystyczną lub w kinie stałym do prezentacji filmów).",2024,183,,183
powiat limanowski,KULTURA,Wskaźnik dostępności domów i ośrodków kultury,"Wskaźnik dostępności domów i ośrodków kultury oraz klubów, świetlic i kół - liczba osób przypadająca na jedną placówkę kultury.",2024,3291,,3291
powiat limanowski,KULTURA,Wskaźnik dostępności muzeów,"Wskaźnik dostępności do muzeów - liczba ludności przypadająca na jedną placówkę muzealną. Dane wskaźnikowe bazują na sprawozdaniach z działalności muzeów i instytucji paramuzealnych. Przez placówkę muzealną (za ustawą z dnia 21 listopada 1996 r. o muzeach) rozumiemy jednostkę organizacyjną, nienastawioną na osiąganie zysku, której celem jest sprawowanie opieki nad zabytkami, informowanie o wartościach i treściach gromadzonych zbiorów, upowszechnianie podstawowych wartości historii, nauki i kultury polskiej oraz światowej, kształtowanie wrażliwości poznawczej i estetycznej oraz umożliwianie kontaktu ze zbiorami.",2024,131626,,131626
powiat limanowski,KULTURA,Wskaźnik dostępności bibliotek,"Wskaźnik dostępności bibliotek - liczba ludności przydająca na jedną placówkę biblioteczną. W celu wyliczenia wskaźnika zliczono biblioteki, filie i punkty biblioteczne na danym ternie. Dane bazują na sprawozdaniach bibliotek ogólnych. Zgodnie z definicją przyjętą przez GUS przez placówkę biblioteczną rozumie się jednostkę organizacyjną lub jej część posiadającą uporządkowany (zinwentaryzowany) zbiór książek, czasopism i innych materiałów piśmienniczych liczący co najmniej 300 jednostek inwentarzowych, której głównymi celami są tworzenie i obsługa zbiorów oraz udostępnianie ich użytkownikom w sposób kontrolowany.",2024,3557,,3557
powiat limanowski,KULTURA,Wskaźnik czytelnictwa,Wskaźnik czytelnictwa - ilość wypożyczeń z księgozbioru przez jednego czytelnika w ciągu roku. Przez księgozbiór rozumie się zbiór obejmujący wydawnictwa nieperiodyczne (książki i broszury) i wydawnictwa periodyczne (gazety i czasopisma).,2024,17,,17
powiat limanowski,EDUKACJA,Edukacja przedszkolna,"Wskaźnik edukacji na poziomie przedszkolnym - odsetek dzieci w wieku od 3 do 5 lat uczęszczających do placówek wychowania przedszkolnego. Wskaźnik zbudowano na podstawie sprawozdań przedszkoli i innych form edukacji przedszkolnej. Uwzględniono ośrodki wychowania przedszkolnego prowadzone przez ograny samorządu terytorialnego, jednostki samorządu powiatowego oraz gminnego.",2024,87.00,,87.00
powiat limanowski,EDUKACJA,Zdawalność egzaminu maturalnego w technikach,"Wskaźnik zdawalności matur w technikach - procent uczniów klas IV techników, którzy zdali egzamin maturalny.",2024,86.00,,86.00
powiat limanowski,EDUKACJA,Zdawalność egzaminu maturalnego w liceach ogólnokształcących,"Wskaźnik zdawalności matur w liceach -procent uczniów klas III liceów ogólnokształcących, którzy zdali egzamin maturalny.",2024,90.00,,90.00
powiat limanowski,EDUKACJA,Wyniki egzaminu ósmoklasisty – język polski,"Wyrażony w % średni wynik uczniów uzyskiwany na egzaminie ósmoklasisty w części z języka polskiego (wskaźnik aktualizowany od 2019 roku, w którym uczniowie szkół podstawowych po raz pierwszy przystąpili do egzaminu ósmoklasisty)",2024,63.09,,63.09
powiat limanowski,EDUKACJA,Wyniki egzaminu ósmoklasisty – język angielski podstawowy,"Wyrażony w % średni wynik uczniów uzyskiwany na egzaminie ósmoklasisty w części podstawowej z języka angielskiego (wskaźnik aktualizowany od 2019 roku, w którym uczniowie szkół podstawowych po raz pierwszy przystąpili do egzaminu ósmoklasisty)",2024,59.82,,59.82
powiat limanowski,EDUKACJA,Wyniki egzaminu ósmoklasisty – matematyka,"Wyrażony w % średni wynik uczniów uzyskiwany na egzaminie ósmoklasisty w części z matematyki (wskaźnik aktualizowany od 2019 roku, w którym uczniowie szkół podstawowych po raz pierwszy przystąpili do egzaminu ósmoklasisty)",2024,53.04,,53.04
powiat limanowski,EDUKACJA,Wybory edukacyjne ósmoklasistów – technikum,"Wyrażony w % udział absolwentów szkół podstawowych, którzy wybrali technikum jako miejsce dalszego kształcenia. Wskaźnik obliczony na podstawie liczby uczniów w klasie pierwszej technikum. (wskaźnik aktualizowany od 2020 roku po ostatecznym wygaszeniu szkół gimnazjalnych)",2024,49.21,,49.21
powiat limanowski,EDUKACJA,Wybory edukacyjne ósmoklasistów – liceum ogólnokształcące,"Wyrażony w % udział absolwentów szkół podstawowych, którzy wybrali liceum ogólnokształcące jako miejsce dalszego kształcenia. Wskaźnik obliczony na podstawie liczby uczniów w klasie pierwszej liceów ogólnokształcących. (wskaźnik aktualizowany od 2020 roku po ostatecznym wygaszeniu szkół gimnazjalnych)",2024,25.71,,25.71
powiat limanowski,EDUKACJA,Wybory edukacyjne ósmoklasistów – szkoła branżowa I stopnia,"Wyrażony w % udział absolwentów szkół podstawowych, którzy wybrali szkołę branżową I stopnia jako miejsce dalszego kształcenia. Wskaźnik obliczony na podstawie liczby uczniów w klasie pierwszej szkół branżowych I stopnia. (wskaźnik aktualizowany od 2020 roku po ostatecznym wygaszeniu szkół gimnazjalnych)",2024,25.08,,25.08
powiat limanowski,RYNEK PRACY,Stopa bezrobocia,"Stopa bezrobocia - procentowy udział liczby bezrobotnych w liczbie ludności aktywnej zawodowo (tzn. pracującej i bezrobotnej). Przez bezrobotnych ( za Ustawą z dnia 20 kwietnia 2004 r. o promocji zatrudnienia i instytucjach rynku pracy) rozumiemy osoby niezatrudnione i nie wykonujące innej pracy zarobkowej, zdolne i gotowe do podjęcia zatrudnienia w pełnym wymiarze czasu pracy (bądź jeśli są to osoby niepełnosprawne - zdolne i gotowe do podjęcia zatrudnienia co najmniej w połowie tego wymiaru czasu pracy), nieuczące się w szkole z wyjątkiem szkół dla dorosłych lub szkół wyższych w systemie wieczorowym albo zaocznym, zarejestrowane we właściwym dla miejsca zameldowania (stałego lub czasowego) powiatowym urzędzie pracy oraz poszukujące zatrudnienia lub innej pracy zarobkowej, jeżeli spełniają określone w Ustawie warunki.",2024,7.10,,7.10
powiat limanowski,RYNEK PRACY,Bezrobocie kobiet,"Bezrobocie kobiet - Wyrażony w % udział bezrobotnych kobiet w liczbie bezrobotnych ogółem. Do kategorii osób bezrobotnych wlicza się wyłącznie osoby zarejestrowane w powiatowych urzędach pracy. Przez bezrobotnych ( za Ustawą z dnia 20 kwietnia 2004 r. o promocji zatrudnienia i instytucjach rynku pracy) rozumiemy osoby niezatrudnione i nie wykonujące innej pracy zarobkowej, zdolne i gotowe do podjęcia zatrudnienia w pełnym wymiarze czasu pracy (bądź jeśli są to osoby niepełnosprawne - zdolne i gotowe do podjęcia zatrudnienia co najmniej w połowie tego wymiaru czasu pracy), nieuczące się w szkole z wyjątkiem szkół dla dorosłych lub szkół wyższych w systemie wieczorowym albo zaocznym, zarejestrowane we właściwym dla miejsca zameldowania (stałego lub czasowego) powiatowym urzędzie pracy oraz poszukujące zatrudnienia lub innej pracy zarobkowej, jeżeli spełniają określone w Ustawie warunki.",2024,58.20,,58.20
powiat limanowski,RYNEK PRACY,Bezrobocie rodzinne,"Odsetek osób bezrobotnych zamieszkujących gospodarstwo domowe, w którym dwie lub więcej osób pozostaje na bezrobociu. Dane dla powiatu tarnowskiego i Tarnowa przedstawione zostały łącznie. Dane obrazują stan na 31 XII danego roku.",2024,19.62,%,19.62%
powiat limanowski,RYNEK PRACY,Bezrobotni dłużej niż 1 rok,"Wyrażony w % udział bezrobotnych dłużej niż 1 rok w liczbie bezrobotnych ogółem. Do kategorii osób bezrobotnych wlicza się wyłącznie osoby zarejestrowane w powiatowych urzędach pracy. Przez bezrobotnych ( za Ustawą z dnia 20 kwietnia 2004 r. o promocji zatrudnienia i instytucjach rynku pracy) rozumiemy osoby niezatrudnione i nie wykonujące innej pracy zarobkowej, zdolne i gotowe do podjęcia zatrudnienia w pełnym wymiarze czasu pracy (bądź jeśli są to osoby niepełnosprawne - zdolne i gotowe do podjęcia zatrudnienia co najmniej w połowie tego wymiaru czasu pracy), nieuczące się w szkole z wyjątkiem szkół dla dorosłych lub szkół wyższych w systemie wieczorowym albo zaocznym, zarejestrowane we właściwym dla miejsca zameldowania (stałego lub czasowego) powiatowym urzędzie pracy oraz poszukujące zatrudnienia lub innej pracy zarobkowej, jeżeli spełniają określone w Ustawie warunki.",2024,34.10,,34.10
powiat limanowski,RYNEK PRACY,Bezrobotni z wykształceniem gimnazjalnym i niższym,"Wyrażony w % udział bezrobotnych z wykształceniem gimnazjalnym i niższym w liczbie bezrobotnych ogółem. Do kategorii osób bezrobotnych wlicza się wyłącznie osoby zarejestrowane w powiatowych urzędach pracy. Przez bezrobotnych ( za Ustawą z dnia 20 kwietnia 2004 r. o promocji zatrudnienia i instytucjach rynku pracy) rozumiemy osoby niezatrudnione i nie wykonujące innej pracy zarobkowej, zdolne i gotowe do podjęcia zatrudnienia w pełnym wymiarze czasu pracy (bądź jeśli są to osoby niepełnosprawne - zdolne i gotowe do podjęcia zatrudnienia co najmniej w połowie tego wymiaru czasu pracy), nieuczące się w szkole z wyjątkiem szkół dla dorosłych lub szkół wyższych w systemie wieczorowym albo zaocznym, zarejestrowane we właściwym dla miejsca zameldowania (stałego lub czasowego) powiatowym urzędzie pracy oraz poszukujące zatrudnienia lub innej pracy zarobkowej, jeżeli spełniają określone w Ustawie warunki.",2024,15.25,,15.25
powiat limanowski,RYNEK PRACY,Bezrobotni w wieku poniżej 25 lat,"Wyrażony w % udział bezrobotnych poniżej 25. roku życia w liczbie bezrobotnych ogółem. Do kategorii osób bezrobotnych wlicza się wyłącznie osoby zarejestrowane w powiatowych urzędach pracy. Przez bezrobotnych ( za Ustawą z dnia 20 kwietnia 2004 r. o promocji zatrudnienia i instytucjach rynku pracy) rozumiemy osoby niezatrudnione i nie wykonujące innej pracy zarobkowej, zdolne i gotowe do podjęcia zatrudnienia w pełnym wymiarze czasu pracy (bądź jeśli są to osoby niepełnosprawne - zdolne i gotowe do podjęcia zatrudnienia co najmniej w połowie tego wymiaru czasu pracy), nieuczące się w szkole z wyjątkiem szkół dla dorosłych lub szkół wyższych w systemie wieczorowym albo zaocznym, zarejestrowane we właściwym dla miejsca zameldowania (stałego lub czasowego) powiatowym urzędzie pracy oraz poszukujące zatrudnienia lub innej pracy zarobkowej, jeżeli spełniają określone w Ustawie warunki.",2024,24.03,,24.03
powiat limanowski,RYNEK PRACY,Bezrobotni w wieku 25-34 lata,"Wyrażony w % udział bezrobotnych w wieku 25-34 lata w liczbie bezrobotnych ogółem. Do kategorii osób bezrobotnych wlicza się wyłącznie osoby zarejestrowane w powiatowych urzędach pracy. Przez bezrobotnych ( za Ustawą z dnia 20 kwietnia 2004 r. o promocji zatrudnienia i instytucjach rynku pracy) rozumiemy osoby niezatrudnione i nie wykonujące innej pracy zarobkowej, zdolne i gotowe do podjęcia zatrudnienia w pełnym wymiarze czasu pracy (bądź jeśli są to osoby niepełnosprawne - zdolne i gotowe do podjęcia zatrudnienia co najmniej w połowie tego wymiaru czasu pracy), nieuczące się w szkole z wyjątkiem szkół dla dorosłych lub szkół wyższych w systemie wieczorowym albo zaocznym, zarejestrowane we właściwym dla miejsca zameldowania (stałego lub czasowego) powiatowym urzędzie pracy oraz poszukujące zatrudnienia lub innej pracy zarobkowej, jeżeli spełniają określone w Ustawie warunki.",2024,26.82,,26.82
powiat limanowski,RYNEK PRACY,Bezrobotni w wieku 55 lat i więcej,"Wyrażony w % udział bezrobotnych powyżej 55. roku życia w liczbie bezrobotnych ogółem. Do kategorii osób bezrobotnych wlicza się wyłącznie osoby zarejestrowane w powiatowych urzędach pracy. Przez bezrobotnych ( za Ustawą z dnia 20 kwietnia 2004 r. o promocji zatrudnienia i instytucjach rynku pracy) rozumiemy osoby niezatrudnione i nie wykonujące innej pracy zarobkowej, zdolne i gotowe do podjęcia zatrudnienia w pełnym wymiarze czasu pracy (bądź jeśli są to osoby niepełnosprawne - zdolne i gotowe do podjęcia zatrudnienia co najmniej w połowie tego wymiaru czasu pracy), nieuczące się w szkole z wyjątkiem szkół dla dorosłych lub szkół wyższych w systemie wieczorowym albo zaocznym, zarejestrowane we właściwym dla miejsca zameldowania (stałego lub czasowego) powiatowym urzędzie pracy oraz poszukujące zatrudnienia lub innej pracy zarobkowej, jeżeli spełniają określone w Ustawie warunki.",2024,12.07,,12.07
powiat limanowski,RYNEK PRACY,Prowadzący działalność gospodarczą,Osoby fizyczne prowadzące działalność gospodarczą na 100 osób w wieku produkcyjnym. Dane bez osób prowadzących gospodarstwa indywidualne w rolnictwie.,2024,14.98,,14.98
powiat limanowski,RYNEK PRACY,Zatrudnienie w branży finansowej i nieruchomościach,"Wyrażony w % udział pracujących w branży finansowej i nieruchomościach w stosunku do ogółu pracujących. Dane do 2021 roku bez podmiotów gospodarczych o liczbie pracujących do 9 osób. Podział branż jest zgodny z PKD 2007. Dotyczy sekcji: ""Działalność finansowa i ubezpieczeniowa; obsługa rynku nieruchomości"". W związku z wprowadzonymi zmianami metodologicznymi w pozyskiwaniu danych dotyczących: pracujących, zatrudnionych oraz przeciętnego zatrudnienia według PKD, dane od 2022 roku nie mogą być porównywane z danymi dla lat poprzednich.",2024,1.20,,1.20
powiat limanowski,RYNEK PRACY,Zatrudnienie w rolnictwie,"Wyrażony w % udział pracujących w rolnictwie w stosunku do ogółu pracujących. Dane łącznie z rolnictwem indywidualnym. Dane dotyczące pracujących w gospodarstwach indywidualnych w rolnictwie według stanu w dniu 31 XII w latach 2002-2009 wyszacowano na podstawie wyników Narodowego Spisu Powszechnego Ludności i Mieszkań oraz Powszechnego Spisu Rolnego 2002 oraz w 2010 r. na podstawie Powszechnego Spisu Rolnego 2010. Podział branż jest zgodny z PKD 2007. Dotyczy sekcji: ""Rolnictwo, leśnictwo, łowiectwo i rybactwo"". W związku z wprowadzonymi zmianami metodologicznymi w pozyskiwaniu danych dotyczących: pracujących, zatrudnionych oraz przeciętnego zatrudnienia według PKD, dane od 2022 roku nie mogą być porównywane z danymi dla lat poprzednich.",2024,24.43,,24.43
powiat limanowski,RYNEK PRACY,Zatrudnienie w przemyśle i budownictwie,"Wyrażony w % udział pracujących w przemyśle i budownictwie w stosunku do ogółu pracujących. Dane do 2021 roku bez podmiotów gospodarczych o liczbie pracujących do 9 osób. Podział branż jest zgodny z PKD 2007. Pod pojęciem ""Przemysł i budownictwo"" rozumie się sekcje: ""Górnictwo i wydobywanie""; ""Przetwórstwo przemysłowe""; ""Wytwarzanie i zaopatrywanie w energię elektryczną, gaz, parę wodną i gorącą wodę""; ""Dostawa wody; gospodarowanie ściekami i odpadami; rekultywacja"" oraz ""Budownictwo"". W związku z wprowadzonymi zmianami metodologicznymi w pozyskiwaniu danych dotyczących: pracujących, zatrudnionych oraz przeciętnego zatrudnienia według PKD, dane od 2022 roku nie mogą być porównywane z danymi dla lat poprzednich.",2024,35.27,,35.27
powiat limanowski,RYNEK PRACY,"Zatrudnienie w handlu, transporcie, turystyce, informacji i komunikacji","Wyrażony w % udział pracujących w handlu, transporcie, turystyce, informacji i komunikacji w stosunku do ogółu pracujących. Dane do 2021 roku bez podmiotów gospodarczych o liczbie pracujących do 9 osób. Podział branż jest zgodny z PKD 2007. Dotyczy sekcji: ""Handel""; ""Naprawa pojazdów samochodowych""; ""Transport i gospodarka magazynowa""; ""Zakwaterowanie i gastronomia"" oraz ""Informacja i komunikacja"". W związku z wprowadzonymi zmianami metodologicznymi w pozyskiwaniu danych dotyczących: pracujących, zatrudnionych oraz przeciętnego zatrudnienia według PKD, dane od 2022 roku nie mogą być porównywane z danymi dla lat poprzednich.",2024,17.97,,17.97
powiat limanowski,RYNEK PRACY,Zatrudnienie w pozostałych usługach,"Wyrażony w % udział pracujących w pozostałych usługach w stosunku do ogółu pracujących. Dane do 2021 roku bez podmiotów gospodarczych o liczbie pracujących do 9 osób. Podział branż jest zgodny z PKD 2007. Pod pojęciem ""Pozostałe usługi"" rozumie się sekcje: ""Działalność profesjonalna, naukowa i techniczna""; ""Administrowanie i działalność wspierająca""; ""Administracja publiczna i obrona narodowa, obowiązkowe zabezpieczenia społeczne""; ""Edukacja""; ""Opieka zdrowotna i pomoc społeczna""; ""Działalność związana z kulturą rozrywką i rekreacją"" oraz ""Pozostała działalność usługowa"". W związku z wprowadzonymi zmianami metodologicznymi w pozyskiwaniu danych dotyczących: pracujących, zatrudnionych oraz przeciętnego zatrudnienia według PKD, dane od 2022 roku nie mogą być porównywane z danymi dla lat poprzednich.",2024,21.13,,21.13
powiat limanowski,MOBILNOŚĆ,Saldo migracji stałych,"Wskaźnik migracji stałych - różnica między napływem a odpływem ludności z danego obszaru w danym czasie. Saldo migracji stałych uwzględnia zarazem dane ze stałych migracji zewnętrznych jak i wewnętrznych. Migracje stałe to takie, które wiążą się ze zmianą miejsca zamieszkania na pobyt stały. W świetle prawa polskiego, tego typu migracje związane są z dokonaniem w biurze ewidencji ludności zameldowania lub wymeldowania. W 2015 roku GUS zrezygnował z opublikowania danych dotyczących migracji zagranicznych z powodu braku ich kompletności. Dlatego niemożliwe było określenie poziomu migracji stałych za rok 2015.",2024,-132.00,,-132.00
powiat limanowski,MOBILNOŚĆ,Saldo migracji zagranicznych,Wskaźnik migracji zagranicznych - różnica między odpływem zagranicę a napływem do kraju ludności w danym czasie.,2024,11.00,,11.00
powiat limanowski,BUDŻETY GMIN,Wydatki budżetów gmin ogółem,"Wskaźnik wydatków gmin - wydatki budżetów gmin i miast na prawach powiatów w przeliczeniu na jednego mieszkańca. Dane stanowią sumę wydatków na rolnictwo, transport, gospodarkę komunalną, gosp. mieszkaniową, oświatę i wychowanie, kulturę i sztukę, ochronę zdrowia, kulturę fizyczną i sport, a także wydatki na administrację samorządową. Wydatki te są sklasyfikowane w rozporządzeniu Ministra Finansów z dnia 14 czerwca 2006 r. w sprawie szczegółowej klasyfikacji dochodów, wydatków, przychodów i rozchodów oraz środków pochodzących ze źródeł zagranicznych (Dz. U. 2006 r. Nr 107, poz.726, z późn. zm.). Wartości podawane są w złotówkach.",2024,7780.07,,7780.07
powiat limanowski,BUDŻETY GMIN,Wydatki budżetów gmin - oświata i wychowanie,"Wskaźnik wydatków gmin na oświatę i wychowanie - wydatki budżetów gmin i miast na prawach powiatów na oświatę i wychowanie w przeliczeniu na jednego mieszkańca. Dane stanowią sumę wydatków sklasyfikowanych w dziale 801 rozporządzenia Ministra Finansów z dnia 14 czerwca 2006 r. w sprawie szczegółowej klasyfikacji dochodów, wydatków, przychodów i rozchodów oraz środków pochodzących ze źródeł zagranicznych (Dz. U. 2006 r. Nr 107, poz.726, z późn. zm.). Wartości podawane są w złotówkach.",2024,3233.02,,3233.02
powiat limanowski,BUDŻETY GMIN,Wydatki budżetów gmin - kultura,"Wskaźnik wydatków gmin na kulturę i ochronę dziedzictwa narodowego - wydatki budżetów gmin i miast na prawach powiatów na kulturę i ochronę dziedzictwa narodowego w przeliczeniu na jednego mieszkańca. Dane stanowią sumę wydatków sklasyfikowanych w dziale 921 rozporządzenia Ministra Finansów z dnia 14 czerwca 2006 r. w sprawie szczegółowej klasyfikacji dochodów, wydatków, przychodów i rozchodów oraz środków pochodzących ze źródeł zagranicznych (Dz. U. 2006 r. Nr 107, poz.726, z późn. zm.). Wartości podawane są w złotówkach.",2024,256.93,,256.93
powiat limanowski,BUDŻETY GMIN,Wydatki budżetów gmin - pomoc społeczna,"Wskaźnik wydatków gmin na pomoc społeczną - wydatki budżetów gmin i miast na prawach powiatów na pomoc społeczną i pozostałe zadania w zakresie polityki społecznej w przeliczeniu na jednego mieszkańca. Dane stanowią sumę wydatków sklasyfikowanych w działach 852 i 853 rozporządzenia Ministra Finansów z dnia 14 czerwca 2006 r. w sprawie szczegółowej klasyfikacji dochodów, wydatków, przychodów i rozchodów oraz środków pochodzących ze źródeł zagranicznych (Dz. U. 2006 r. Nr 107, poz.726, z późn. zm.). Dane podawane są w złotówkach.",2024,375.42,,375.42
powiat miechowski,LUDNOŚĆ,Ludność ogółem,Liczba ludności zamieszkałej na danym terenie (dane zgodnie z faktycznym miejscem zamieszkania wg podziału administracyjnego na dzień 31 XII).,2024,46305,,46305
powiat miechowski,LUDNOŚĆ,Ludność w wieku przedprodukcyjnym,Udział ludności w wieku przedprodukcyjnym w liczbie ludności ogółem. Przez ludność w wieku przedprodukcyjnym rozumie się ludność w wieku do 17 roku życia.,2024,16.96,%,16.96%
powiat miechowski,LUDNOŚĆ,Ludność w wieku produkcyjnym,"Udział ludności w wieku produkcyjnym w liczbie ludności ogółem. Przez ludność w wieku produkcyjnym rozumie się ludność w wieku zdolności do pracy. Dla mężczyzn przyjęto wiek 18-64 lata, dla kobiet 18-59 lat.",2024,56.16,%,56.16%
powiat miechowski,LUDNOŚĆ,Ludność w wieku poprodukcyjnym,Udział ludności w wieku emerytalnym w liczbie ludności ogółem. Przez ludność w wieku poprodukcyjnym rozumie się ludność w wieku od 64 lat - dla mężczyzn i od 59 lat - dla kobiet.,2024,26.88,%,26.88%
powiat miechowski,LUDNOŚĆ,Ludność w wieku 60+,Udział ludności w wieku 60 i więcej lat w liczbie ludności ogółem.,2024,29.77,%,29.77%
powiat miechowski,LUDNOŚĆ,Wskaźnik podwójnego starzenia,Udział osób w wieku 80 i więcej lat w grupie osób wieku 60 i więcej lat.,2024,17.59,%,17.59%
powiat miechowski,LUDNOŚĆ,Wskaźnik wsparcia osób najstarszych,Liczba osób w wieku 85 lat i więcej przypadająca na 100 osób w wieku 50–64 lata,2024,14,,14
powiat miechowski,LUDNOŚĆ,Potencjał pielęgnacyjny,Liczba kobiet w wieku 45-64 lata (potencjalnych opiekunów rodzinnych) przypadających na 100 osób w wieku 80 i więcej lat,2024,255,,255
powiat miechowski,LUDNOŚĆ,Wskaźnik obciążenia demograficznego,Wskaźnik obciążenia demograficznego - ludność w wieku nieprodukcyjnym przypadająca na 100 osób w wieku produkcyjnym. Przez ludność w wieku produkcyjnym rozumie się osoby w wieku zdolności do pracy tj. mężczyźni w wieku 18 - 64 lat oraz kobiety w wieku 18 - 59.,2024,78.10,,78.10
powiat miechowski,LUDNOŚĆ,Przyrost naturalny na 1 000 ludności,Różnica między liczbą urodzeń żywych a liczbą zgonów w danym roku (bez rozróżnienia na płeć).,2024,-7.09,,-7.09
powiat miechowski,LUDNOŚĆ,Wskaźnik feminizacji,Wskaźnik feminizacji - wielkość demograficzna określająca ile kobiet przypada na 100 mężczyzn na danym terenie.,2024,104.09,,104.09
powiat miechowski,LUDNOŚĆ,Wskaźnik maskulinizacji,Wskaźnik maskulinizacji - wielkość demograficzna określająca ilu mężczyzn przypada na 100 kobiet na danym terenie.,2024,96.07,,96.07
powiat miechowski,LUDNOŚĆ,Wskaźnik gęstości zaludnienia,Wskaźnik gęstości zaludnienia - liczba mieszkańców przypadająca na 1 km².,2024,68.50,,68.50
powiat miechowski,LUDNOŚĆ,Wskaźnik urbanizacji,"Wskaźnik urbanizacji - udział mieszkańców miast w liczbie mieszkańców ogółem. Do wyliczenia wskaźnika posłużono się danymi na temat ludności faktycznie zamieszkałej na dzień 31 XII każdego roku. Ludnośc faktycznie zamieszkała obejmuje: a) stałych mieszkańców, z wyjatkiem osób przebywających poza miejscem zamieszkania przez okres powyżej 3 miesięcy w kraju oraz obejmuje wszystkie osoby przebywajace za granicą (bez względu na okres ich nieobecności) b) osoby przebywające czasowo przez okres powyżej 3 miesięcy, przybyłe z innego miejsca w kraju. Dane za lata 2010 - 2021 bazują na wynikach Narodowego Spisu Powszechnego Ludności i Mieszkań 2011.",2024,25.28,%,25.28%
powiat miechowski,LUDNOŚĆ,Małżeństwa na 1000 mieszkańców,Liczba zawartych małżeństw w przeliczeniu na 1000 mieszkańców.,2024,3.10,,3.10
powiat miechowski,LUDNOŚĆ,Urodzenia na 1000 mieszkańców,Liczba urodzeń żywych w przeliczeniu na 1000 mieszkańców.,2024,6.17,,6.17
powiat miechowski,LUDNOŚĆ,Zgony na 1000 mieszkańców,Liczba zgonów w przeliczeniu na 1000 mieszkańców.,2024,13.26,,13.26
powiat miechowski,LUDNOŚĆ,Wskaźnik/ indeks starości,"Relacja pokoleniowa dziadków i wnuczków, tj. liczba osób w wieku 65 i więcej lat przypadająca na 100 osób w wieku 0-14 lat",2024,169,,169
powiat miechowski,LUDNOŚĆ,Ludność w wieku 65+/ Współczynnik starości demograficznej,Relacja liczby osób w starszym wieku (65 lat i więcej) do ogólnej liczby ludności.,2024,23.51,%,23.51%
powiat miechowski,LUDNOŚĆ,Wskaźnik potencjalnego wsparcia,Liczba osób w wieku 15-64 lata przypadająca na 100 osób w wieku 65 lat i więcej. Przedstawia tzw. obciążenie - ile osób hipotetycznie pozostających na rynku pracy przypada na 1 osobę (100 osób) będącą już poza rykiem pracy (odwrotność cząstkowego współczynnika obciążenia demograficznego osobami starszymi).,2024,266,,266
powiat miechowski,POMOC SPOŁECZNA - K,Liczba mieszkańców na 1 pracownika socjalnego,Liczba mieszkańców przypadająca na jednego pracownika socjalnego zatrudnionego w ośrodku pomocy społecznej.,2024,1597,,1597
powiat miechowski,POMOC SPOŁECZNA - K,Pracownicy socjalni OPS posiadający wyższe wykształcenie,Udział pracowników socjalnych posiadających wyższe wykształcenie w ogólnej licznie pracowników socjalnych.,2024,75.86,%,75.86%
powiat miechowski,POMOC SPOŁECZNA - K,Pracownicy socjalni OPS posiadający I stopień specjalizacji w zawodzie pracownik socjalny,Udział pracowników socjalnych OPS posiadających I stopień specjalizacji w zawodzie pracownik socjalny w ogólnej liczbie pracowników socjalnych.,2024,24.14,%,24.14%
powiat miechowski,POMOC SPOŁECZNA - K,Pracownicy socjalni OPS posiadający II stopień specjalizacji w zawodzie pracownik socjalny,Udział pracowników socjalnych posiadających II stopień specjalizacji w zawodzie pracownik socjalny w ogólnej liczbie pracowników socjalnych.,2024,6.90,%,6.90%
powiat miechowski,POMOC SPOŁECZNA - P,Alkoholizm,Odsetek klientów pomocy społecznej korzystających ze wsparcia z powodu alkoholizmu (na podstawie danych o rzeczywistej liczbie osób w rodzinach objętych pomocą społeczną).,2024,7.10,%,7.10%
powiat miechowski,POMOC SPOŁECZNA - P,Bezdomność,Odsetek klientów pomocy społecznej korzystających ze wsparcia z powodu bezdomności (na podstawie danych o rzeczywistej liczbie osób w rodzinach objętych pomocą społeczną).,2024,2.44,%,2.44%
powiat miechowski,POMOC SPOŁECZNA - P,Bezradność w sprawach opiekuńczo-wychowawczych i prowadzenia gosp. dom.,Odsetek klientów pomocy społecznej korzystających ze wsparcia z powodu bezradności w sprawach opiekuńczo-wychowawczych i prowadzenia gospodarstwa domowego (na podstawie danych o rzeczywistej liczbie osób w rodzinach objętych pomocą społeczną).,2024,22.24,%,22.24%
powiat miechowski,POMOC SPOŁECZNA - P,Bezrobocie,Odsetek klientów pomocy społecznej korzystających ze wsparcia z powodu bezrobocia (na podstawie danych o rzeczywistej liczbie osób w rodzinach objętych pomocą społeczną).,2024,27.29,%,27.29%
powiat miechowski,POMOC SPOŁECZNA - P,Długotrwała lub ciężka choroba,Odsetek klientów pomocy społecznej korzystających ze wsparcia z powodu długotrwałej bądź ciężkiej choroby (na podstawie danych o rzeczywistej liczbie osób w rodzinach objętych pomocą społeczną).,2024,55.91,%,55.91%
powiat miechowski,POMOC SPOŁECZNA - P,Narkomania,Odsetek klientów pomocy społecznej korzystających ze wsparcia z powodu narkomanii (na podstawie danych o rzeczywistej liczbie osób w rodzinach objętych pomocą społeczną).,2024,0.08,%,0.08%
powiat miechowski,POMOC SPOŁECZNA - P,Niepełnosprawność,Odsetek klientów pomocy społecznej korzystających ze wsparcia z powodu niepełnosprawności (na podstawie danych o rzeczywistej liczbie osób w rodzinach objętych pomocą społeczną).,2024,37.38,%,37.38%
powiat miechowski,POMOC SPOŁECZNA - P,Potrzeba ochrony macierzyństwa,Odsetek klientów pomocy społecznej korzystających ze wsparcia z powodu potrzeby ochrony macierzyństwa (na podstawie danych o rzeczywistej liczbie osób w rodzinach objętych pomocą społeczną).,2024,26.26,%,26.26%
powiat miechowski,POMOC SPOŁECZNA - P,Przemoc domowa,Odsetek klientów pomocy społecznej korzystających ze wsparcia z powodu przemocy domowej (na podstawie danych o rzeczywistej liczbie osób w rodzinach objętych pomocą społeczną).,2024,10.33,%,10.33%
powiat miechowski,POMOC SPOŁECZNA - P,Sieroctwo,Odsetek klientów pomocy społecznej korzystających ze wsparcia z powodu sieroctwa (na podstawie danych o rzeczywistej liczbie osób w rodzinach objętych pomocą społeczną).,2024,0.24,%,0.24%
powiat miechowski,POMOC SPOŁECZNA - P,Sytuacja kryzysowa,Odsetek klientów pomocy społecznej korzystających ze wsparcia z powodu sytuacji kryzysowej (na podstawie danych o rzeczywistej liczbie osób w rodzinach objętych pomocą społeczną).,2024,1.42,%,1.42%
powiat miechowski,POMOC SPOŁECZNA - P,Ubóstwo,Odsetek klientów pomocy społecznej korzystających ze wsparcia z powodu ubóstwa (na podstawie danych o rzeczywistej liczbie osób w rodzinach objętych pomocą społeczną).,2024,33.83,%,33.83%
powiat miechowski,POMOC SPOŁECZNA - P,Wielodzietność,Odsetek klientów pomocy społecznej korzystających ze wsparcia z powodu wielodzietności (na podstawie danych o rzeczywistej liczbie osób w rodzinach objętych pomocą społeczną).,2024,17.67,%,17.67%
powiat miechowski,POMOC SPOŁECZNA - P,Zdarzenie losowe,Odsetek klientów pomocy społecznej korzystających ze wsparcia z powodu zdarzenia losowego (na podstawie danych o rzeczywistej liczbie osób w rodzinach objętych pomocą społeczną).,2024,0.87,%,0.87%
powiat miechowski,POMOC SPOŁECZNA - B,Beneficjenci pomocy społecznej,"Udział osób korzystających z pomocy społecznej w liczbie ludności ogółem - na podstawie danych o rzeczywistej liczbie osób w rodzinach objętych pomocą społeczną (świadczenia przyznane w ramach zadań zleconych i własnych bez względu na rodzaj, formę, liczbę oraz źródło finansowania).",2024,2.74,%,2.74%
powiat miechowski,POMOC SPOŁECZNA - B,Rodziny niepełne objęte pomocą społeczną,"Wskaźnik pomocy społecznej udzielonej rodzinom niepełnym - udział rodzin niepełnych objętych pomocą (w której skład wchodzi jedno z rodziców z dzieckiem/ dziećmi) w liczbie wszystkich rodzin z dziećmi, którym udzielono pomocy.",2024,57.55,%,57.55%
powiat miechowski,POMOC SPOŁECZNA - B,Rodziny wielodzietne objęte pomocą społeczną,"Wskaźnik pomocy społecznej udzielonej rodzinom wielodzietnym - udział rodzin wielodzietnych (3 dzieci i więcej) objętych pomocą w liczbie wszystkich rodzin z dziećmi, którym udzielono pomocy.",2024,44.60,%,44.60%
powiat miechowski,POMOC SPOŁECZNA - B,Rodziny emerytów i rencistów objęte pomocą społeczną,"Wskaźnik pomocy społecznej udzielonej rodzinom emerytów i rencistów - udział rodzin emerytów i rencistów objętych pomocą w liczbie wszystkich rodzin, którym udzielono pomocy.",2024,23.36,%,23.36%
powiat miechowski,POMOC SPOŁECZNA - B,Pensjonariusze DPS nieopuszczający łóżek,Odsetek pensjonariuszy Domów Pomocy Społecznej nieopuszczających łóżek. Dane na temat liczby mieszkańców Domów Pomocy Społecznej zebrano wg. stanu na dzień 31 grudnia. W statystykach uwzględniono mieszkańców Domów Pomocy Społecznej i podmiotów niepublicznych w roku sprawozdawczym.,2024,3.36,%,3.36%
powiat miechowski,POMOC SPOŁECZNA - B,Pensjonariusze DPS do 18 roku życia,Odsetek pensjonariuszy Domów Pomocy Społecznej w wieku do18 roku życia. Dane na temat liczby mieszkańców Domów Pomocy Społecznej zebrano wg. stanu na dzień 31 grudnia. W statystykach uwzględniono mieszkańców Domów Pomocy Społecznej i podmiotów niepublicznych w roku sprawozdawczym.,2024,0.31,%,0.31%
powiat miechowski,POMOC SPOŁECZNA - B,Pensjonariusze DPS w wieku 19-40 lat,Odsetek pensjonariuszy Domów Pomocy Społecznej wieku 19-40 lat. Dane na temat liczby mieszkańców Domów Pomocy Społecznej zebrano wg. stanu na dzień 31 grudnia. W statystykach uwzględniono mieszkańców Domów Pomocy Społecznej i podmiotów niepublicznych w roku sprawozdawczym.,2024,12.23,%,12.23%
powiat miechowski,POMOC SPOŁECZNA - B,Pensjonariusze DPS w wieku 41-60 lat,Odsetek pensjonariuszy Domów Pomocy Społecznej wieku 41-60 lat. Dane na temat liczby mieszkańców Domów Pomocy Społecznej zebrano wg. stanu na dzień 31 grudnia. W statystykach uwzględniono mieszkańców Domów Pomocy Społecznej i podmiotów niepublicznych w roku sprawozdawczym.,2024,20.18,%,20.18%
powiat miechowski,POMOC SPOŁECZNA - B,Pensjonariusze DPS w wieku 61-74 lat,Odsetek pensjonariuszy Domów Pomocy Społecznej wieku 60-74 lat. Dane na temat liczby mieszkańców Domów Pomocy Społecznej zebrano wg. stanu na dzień 31 grudnia. W statystykach uwzględniono mieszkańców Domów Pomocy Społecznej i podmiotów niepublicznych w roku sprawozdawczym.,2024,31.50,%,31.50%
powiat miechowski,POMOC SPOŁECZNA - B,Pensjonariusze DPS w wieku powyżej 74 lat,Odsetek pensjonariuszy Domów Pomocy Społecznej wieku powyżej 74 lat. Dane na temat liczby mieszkańców Domów Pomocy Społecznej zebrano wg. stanu na dzień 31 grudnia. W statystykach uwzględniono mieszkańców Domów Pomocy Społecznej i podmiotów niepublicznych w roku sprawozdawczym.,2024,35.78,%,35.78%
powiat miechowski,Sheet6,Świadczenia pieniężne z pomocy społecznej,Odsetek korzystających ze świadczeń pieniężnych w ogólnej liczbie świadczeniobiorców pomocy społecznej (liczba osób w rodzinach),2024,53.79,%,53.79%
powiat miechowski,Sheet6,Świadczenia niepieniężne z pomocy społecznej,Odsetek korzystających ze świadczeń niepieniężnych w ogólnej liczbie świadczeniobiorców pomocy społecznej (liczba osób w rodzinach),2024,65.38,%,65.38%
powiat miechowski,Sheet6,Osoby korzystające z usług opiekuńczych i specjalistycznych usług opiekuńczych,Liczba osób korzystających z usług opiekuńczych (w tym specjalistycznych usług opiekuńczych).,2024,115,,115
powiat miechowski,Sheet6,Osoby korzystające ze specjalistycznych usług opiekuńczych dla osób z zaburzeniami psychicznymi,Liczba osób korzystających ze specjalistycznych usług opiekuńczych w miejscu zamieszkania dla osób z zaburzeniami psychicznymi.,2024,26,,26
powiat miechowski,Sheet6,Osoby objęte kontraktami socjalnymi,Udział osób objętych kontraktami socjalnymi w ogólnej liczbie osób w rodzinach świadczeniobiorców pomocy społecznej.,2024,5.05,%,5.05%
powiat miechowski,Sheet6,Osoby objęte dożywianiem na 1000 mieszkańców,Wskaźnik pomocy w zakresie dożywiania - liczba osób objętych pomocą państwa w zakresie dożywiania w przeliczeniu na 1000 mieszkańców.,2024,13,,13
powiat miechowski,Sheet6,Udział dzieci w ogóle osób objętych dożywianiem,"Udział dzieci w liczbie wszystkich osób objętych pomocą państwa w zakresie dożywiania. Sprawozdanie z realizacji programu ""Pomoc Państwa w zakresie dożywiania"" do 2013 roku obejmowało dzieci do lat 7. Od 2014 roku w sprawozdaniu liczba dzieci jest określona na podstawie momentu rozpoczęcia nauki w szkole podstawowej.",2024,16,%,16%
powiat miechowski,Sheet6,Udział uczniów w ogóle osób objętych dożywianiem,Udział dzieci w wieku szkolnym (uczniowie do czasu ukończenia szkoły ponadgimnazjalnej) w liczbie wszystkich osób objętych pomocą państwa w zakresie dożywiania.,2024,38,%,38%
powiat miechowski,POMOC SPOŁECZNA I O,Centra integracji społecznej,Liczba centrów integracji społecznej działających na danym terenie. Stan na 31 XII.,2024,0,,0
powiat miechowski,POMOC SPOŁECZNA I O,Domy pomocy społecznej,Liczba domów pomocy społecznej działających na danym terenie (bez podziału na typy).,2024,5,,5
powiat miechowski,POMOC SPOŁECZNA I O,Dzienne domy pomocy,Liczba dziennych domów pomocy działających na danym terenie. Stan na 31 XII.,2024,2,,2
powiat miechowski,POMOC SPOŁECZNA I O,Placówki specjalistycznego poradnictwa - jednostki  powiatowe,"Liczba jednostek specjalistycznego poradnictwa działających w powiatach. Stan na 31 XII. Wskaźnik zasilany od 2021 r. w związku ze zmianami monitorowania danych w sprawozdaniach resortowych. Zastąpił on wskaźnik ""Placówki specjalistycznego poradnictwa""",2024,0,,0
powiat miechowski,POMOC SPOŁECZNA I O,Placówki specjalistycznego poradnictwa,Liczba jednostek specjalistycznego poradnictwa działających na danym terenie. Stan na 31 XII. Od 2021 roku ze względu na brak kontynuacji monitorowania danych w sprawozdaniach resortowych wskaźnik nie jest już aktualizowany.,2024,0,,0
powiat miechowski,POMOC SPOŁECZNA I O,Kluby integracji społecznej,Liczba klubów integracji społecznej działających na danym terenie.,2024,1,,1
powiat miechowski,POMOC SPOŁECZNA I O,Mieszkania treningowe oraz wspomagane,"Liczba mieszkań treningowe oraz wspomaganych działających na danym terenie. Stan na 31 XII. Do 2022 r. w systemie funkcjonowały mieszkania chronione, natomiast od 2023 r. funkcjonują mieszkania treningowe oraz wspomagane.",2024,1,,1
powiat miechowski,POMOC SPOŁECZNA I O,"Noclegownie, schroniska i domy dla osób bezdomnych","Liczba noclegowni, schronisk i domów dla osób bezdomnych działających na danym terenie.",2024,1,,1
powiat miechowski,POMOC SPOŁECZNA I O,Ośrodki interwencji kryzysowej,Liczba ośrodków interwencji kryzysowej działających na danym terenie. Stan na 31 XII.,2024,0,,0
powiat miechowski,POMOC SPOŁECZNA I O,Placówki opiekuńczo-wychowawcze,Liczba placówek opiekuńczo-wychowawczych działających na danym terenie (bez podziału na typy). Stan na 31 XII.,2024,3,,3
powiat miechowski,POMOC SPOŁECZNA I O,Placówki wsparcia dziennego,Liczba placówek wsparcia dziennego działających na danym terenie. Stan na 31 XII.,2024,5,,5
powiat miechowski,POMOC SPOŁECZNA I O,"Placówki zapewniające całodobową opiekę osobom niepełnosprawnym, przewlekle chorym lub osobom w podeszłym wieku","Liczba placówek zapewniających całodobową opiekę osobom niepełnosprawnym, przewlekle chorym lub osobom w podeszłym wieku działających na danym terenie (w oparciu zarówno o działalność gospodarczą, jak i o działalność statutową). Stan na 31 XII.",2024,0,,0
powiat miechowski,POMOC SPOŁECZNA I O,Środowiskowe domy samopomocy,Liczba środowiskowych domów samopomocy działających na danym terenie. Stan na 31 XII.,2024,4,,4
powiat miechowski,POMOC SPOŁECZNA I O,Zakłady aktywności zawodowej,Liczba zakładów aktywności zawodowej działających na danym terenie.,2024,1,,1
powiat miechowski,PIECZA ZASTĘPCZA,Stopień deinstytucjonalizacji pieczy zastępczej,"Stosunek liczby dzieci w rodzinnej pieczy zastępczej (dzieci przebywające w rodzinach zastępczych, rodzinnych domach dziecka i w placówkach opiekuńczo-wychowawczych typu rodzinnego) do liczby wszystkich dzieci w pieczy zastępczej. Do wskaźnika nie wliczono dzieci umieszczonych w rodzinach zastępczych spokrewnionych (definicja zaczerpnięta z raportu ""Postępy deinstytucjonalizacji pieczy zastępczej""; Warszawa 2018 r.). Dane zbierane przez MRiPS regularnie (co pół roku) w sprawozdaniach resortowych.",2024,39.68,%,39.68%
powiat miechowski,PIECZA ZASTĘPCZA,Intensywność pieczy zastępczej,"Liczba dzieci poniżej 18. roku życia przebywających w pieczy zastępczej w stosunku do liczby wszystkich dzieci w wieku poniżej 18 roku życia na danym terenie w przeliczeniu na 1000 dzieci (definicja zaczerpnięta z raportu ""Postępy deinstytucjonalizacji pieczy zastępczej""; Warszawa 2018 r.). Dane zbierane przez MRiPS regularnie (co pół roku) w sprawozdaniach resortowych.",2024,11.33,,11.33
powiat miechowski,PIECZA ZASTĘPCZA,Liczba rodzin zastępczych,"Liczba rodzin zastępczych funkcjonujących na danym obszarze. Rodzina zastępcza jest jedną z form rodzinnej pieczy zastępczej, sprawowanej w przypadku niemożności zapewnienia dziecku opieki i wychowania przez rodziców.",2024,41,,41
powiat miechowski,PIECZA ZASTĘPCZA,Liczba dzieci w rodzinach zastępczych,"Liczba dzieci wychowujących się w rodzinach zastępczych na danym obszarze. Rodzina zastępcza jest jedną z form rodzinnej pieczy zastępczej, sprawowanej w przypadku niemożności zapewnienia dziecku opieki i wychowania przez rodziców. Do roku 2011 dane pochodzą ze sprawozdania MPiPS-03; od roku 2012 dane pochodzą ze sprawozdania Ocena Zasobów Pomocy Społecznej.",2024,57,,57
powiat miechowski,ZDROWIE,Dostępność aptek,"Wskaźnik dostępności do aptek - liczba osób przypadająca na jedną aptekę ogólnodostępną. Apteka, zgodnie z Ustawą ""Prawo farmaceutyczne"" z dnia 6 września 2001 r. to placówka ochrony zdrowia publicznego, w której osoby uprawnione świadczą w szczególności usługi farmaceutyczne obejmujące zadania określone w ustawie.",2024,3308,,3308
powiat miechowski,ZDROWIE,Zgony z powodu chorób nowotworowych,Wskaźnik umieralności z powodu choroby nowotworowej - udział zgonów z powodu choroby nowotworowej w liczbie zgonów ogółem. Dane do wskaźnika pochodzą z kart statystycznych do kart zgonów.,2024,25.40,%,25.40%
powiat miechowski,ZDROWIE,Zgony z powodu chorób układu krążenia,Wskaźnik umieralności z powodu chorób układu krążenia - udział zgonów z powodu chorób układu krążenia w liczbie zgonów ogółem. Dane do wskaźnika pochodzą z kart statystycznych do kart zgonów.,2024,42.80,%,42.80%
powiat miechowski,"WYNAGRODZENIA, EMERY",Przeciętne wynagrodzenie w relacji do śr. krajowej,Wskaźnik wysokości wynagrodzeń - przeciętne miesięczne wynagrodzenia brutto w gospodarce narodowej w relacji do średniej krajowej (Polska=100%). Wskaźnik pokazuje jaki procent średniej krajowej jest osiągany na danym terenie.,2024,84.40,,84.40
powiat miechowski,KULTURA,Wskaźnik dostępności kin,"Wskaźnik dostępności kin - liczba osób przypadających na jedno miejsce na widowni kina. Przez ""miejsce na widowni"" rozumie się każde numerowane miejsce (zarejestrowane) wykorzystywane przez instytucję kultury do stałych prezentacji scenicznych (w stałej sali eksploatowanej przez instytucję artystyczną lub w kinie stałym do prezentacji filmów).",2024,212,,212
powiat miechowski,KULTURA,Wskaźnik dostępności domów i ośrodków kultury,"Wskaźnik dostępności domów i ośrodków kultury oraz klubów, świetlic i kół - liczba osób przypadająca na jedną placówkę kultury.",2024,4210,,4210
powiat miechowski,KULTURA,Wskaźnik dostępności muzeów,"Wskaźnik dostępności do muzeów - liczba ludności przypadająca na jedną placówkę muzealną. Dane wskaźnikowe bazują na sprawozdaniach z działalności muzeów i instytucji paramuzealnych. Przez placówkę muzealną (za ustawą z dnia 21 listopada 1996 r. o muzeach) rozumiemy jednostkę organizacyjną, nienastawioną na osiąganie zysku, której celem jest sprawowanie opieki nad zabytkami, informowanie o wartościach i treściach gromadzonych zbiorów, upowszechnianie podstawowych wartości historii, nauki i kultury polskiej oraz światowej, kształtowanie wrażliwości poznawczej i estetycznej oraz umożliwianie kontaktu ze zbiorami.",2024,46305,,46305
powiat miechowski,KULTURA,Wskaźnik dostępności bibliotek,"Wskaźnik dostępności bibliotek - liczba ludności przydająca na jedną placówkę biblioteczną. W celu wyliczenia wskaźnika zliczono biblioteki, filie i punkty biblioteczne na danym ternie. Dane bazują na sprawozdaniach bibliotek ogólnych. Zgodnie z definicją przyjętą przez GUS przez placówkę biblioteczną rozumie się jednostkę organizacyjną lub jej część posiadającą uporządkowany (zinwentaryzowany) zbiór książek, czasopism i innych materiałów piśmienniczych liczący co najmniej 300 jednostek inwentarzowych, której głównymi celami są tworzenie i obsługa zbiorów oraz udostępnianie ich użytkownikom w sposób kontrolowany.",2024,4210,,4210
powiat miechowski,KULTURA,Wskaźnik czytelnictwa,Wskaźnik czytelnictwa - ilość wypożyczeń z księgozbioru przez jednego czytelnika w ciągu roku. Przez księgozbiór rozumie się zbiór obejmujący wydawnictwa nieperiodyczne (książki i broszury) i wydawnictwa periodyczne (gazety i czasopisma).,2024,18,,18
powiat miechowski,EDUKACJA,Edukacja przedszkolna,"Wskaźnik edukacji na poziomie przedszkolnym - odsetek dzieci w wieku od 3 do 5 lat uczęszczających do placówek wychowania przedszkolnego. Wskaźnik zbudowano na podstawie sprawozdań przedszkoli i innych form edukacji przedszkolnej. Uwzględniono ośrodki wychowania przedszkolnego prowadzone przez ograny samorządu terytorialnego, jednostki samorządu powiatowego oraz gminnego.",2024,92.90,,92.90
powiat miechowski,EDUKACJA,Zdawalność egzaminu maturalnego w technikach,"Wskaźnik zdawalności matur w technikach - procent uczniów klas IV techników, którzy zdali egzamin maturalny.",2024,81.00,,81.00
powiat miechowski,EDUKACJA,Zdawalność egzaminu maturalnego w liceach ogólnokształcących,"Wskaźnik zdawalności matur w liceach -procent uczniów klas III liceów ogólnokształcących, którzy zdali egzamin maturalny.",2024,88.00,,88.00
powiat miechowski,EDUKACJA,Wyniki egzaminu ósmoklasisty – język polski,"Wyrażony w % średni wynik uczniów uzyskiwany na egzaminie ósmoklasisty w części z języka polskiego (wskaźnik aktualizowany od 2019 roku, w którym uczniowie szkół podstawowych po raz pierwszy przystąpili do egzaminu ósmoklasisty)",2024,64.51,,64.51
powiat miechowski,EDUKACJA,Wyniki egzaminu ósmoklasisty – język angielski podstawowy,"Wyrażony w % średni wynik uczniów uzyskiwany na egzaminie ósmoklasisty w części podstawowej z języka angielskiego (wskaźnik aktualizowany od 2019 roku, w którym uczniowie szkół podstawowych po raz pierwszy przystąpili do egzaminu ósmoklasisty)",2024,62.83,,62.83
powiat miechowski,EDUKACJA,Wyniki egzaminu ósmoklasisty – matematyka,"Wyrażony w % średni wynik uczniów uzyskiwany na egzaminie ósmoklasisty w części z matematyki (wskaźnik aktualizowany od 2019 roku, w którym uczniowie szkół podstawowych po raz pierwszy przystąpili do egzaminu ósmoklasisty)",2024,52.30,,52.30
powiat miechowski,EDUKACJA,Wybory edukacyjne ósmoklasistów – technikum,"Wyrażony w % udział absolwentów szkół podstawowych, którzy wybrali technikum jako miejsce dalszego kształcenia. Wskaźnik obliczony na podstawie liczby uczniów w klasie pierwszej technikum. (wskaźnik aktualizowany od 2020 roku po ostatecznym wygaszeniu szkół gimnazjalnych)",2024,56.33,,56.33
powiat miechowski,EDUKACJA,Wybory edukacyjne ósmoklasistów – liceum ogólnokształcące,"Wyrażony w % udział absolwentów szkół podstawowych, którzy wybrali liceum ogólnokształcące jako miejsce dalszego kształcenia. Wskaźnik obliczony na podstawie liczby uczniów w klasie pierwszej liceów ogólnokształcących. (wskaźnik aktualizowany od 2020 roku po ostatecznym wygaszeniu szkół gimnazjalnych)",2024,33.54,,33.54
powiat miechowski,EDUKACJA,Wybory edukacyjne ósmoklasistów – szkoła branżowa I stopnia,"Wyrażony w % udział absolwentów szkół podstawowych, którzy wybrali szkołę branżową I stopnia jako miejsce dalszego kształcenia. Wskaźnik obliczony na podstawie liczby uczniów w klasie pierwszej szkół branżowych I stopnia. (wskaźnik aktualizowany od 2020 roku po ostatecznym wygaszeniu szkół gimnazjalnych)",2024,10.13,,10.13
powiat miechowski,RYNEK PRACY,Stopa bezrobocia,"Stopa bezrobocia - procentowy udział liczby bezrobotnych w liczbie ludności aktywnej zawodowo (tzn. pracującej i bezrobotnej). Przez bezrobotnych ( za Ustawą z dnia 20 kwietnia 2004 r. o promocji zatrudnienia i instytucjach rynku pracy) rozumiemy osoby niezatrudnione i nie wykonujące innej pracy zarobkowej, zdolne i gotowe do podjęcia zatrudnienia w pełnym wymiarze czasu pracy (bądź jeśli są to osoby niepełnosprawne - zdolne i gotowe do podjęcia zatrudnienia co najmniej w połowie tego wymiaru czasu pracy), nieuczące się w szkole z wyjątkiem szkół dla dorosłych lub szkół wyższych w systemie wieczorowym albo zaocznym, zarejestrowane we właściwym dla miejsca zameldowania (stałego lub czasowego) powiatowym urzędzie pracy oraz poszukujące zatrudnienia lub innej pracy zarobkowej, jeżeli spełniają określone w Ustawie warunki.",2024,5.20,,5.20
powiat miechowski,RYNEK PRACY,Bezrobocie kobiet,"Bezrobocie kobiet - Wyrażony w % udział bezrobotnych kobiet w liczbie bezrobotnych ogółem. Do kategorii osób bezrobotnych wlicza się wyłącznie osoby zarejestrowane w powiatowych urzędach pracy. Przez bezrobotnych ( za Ustawą z dnia 20 kwietnia 2004 r. o promocji zatrudnienia i instytucjach rynku pracy) rozumiemy osoby niezatrudnione i nie wykonujące innej pracy zarobkowej, zdolne i gotowe do podjęcia zatrudnienia w pełnym wymiarze czasu pracy (bądź jeśli są to osoby niepełnosprawne - zdolne i gotowe do podjęcia zatrudnienia co najmniej w połowie tego wymiaru czasu pracy), nieuczące się w szkole z wyjątkiem szkół dla dorosłych lub szkół wyższych w systemie wieczorowym albo zaocznym, zarejestrowane we właściwym dla miejsca zameldowania (stałego lub czasowego) powiatowym urzędzie pracy oraz poszukujące zatrudnienia lub innej pracy zarobkowej, jeżeli spełniają określone w Ustawie warunki.",2024,52.80,,52.80
powiat miechowski,RYNEK PRACY,Bezrobocie rodzinne,"Odsetek osób bezrobotnych zamieszkujących gospodarstwo domowe, w którym dwie lub więcej osób pozostaje na bezrobociu. Dane dla powiatu tarnowskiego i Tarnowa przedstawione zostały łącznie. Dane obrazują stan na 31 XII danego roku.",2024,13.75,%,13.75%
powiat miechowski,RYNEK PRACY,Bezrobotni dłużej niż 1 rok,"Wyrażony w % udział bezrobotnych dłużej niż 1 rok w liczbie bezrobotnych ogółem. Do kategorii osób bezrobotnych wlicza się wyłącznie osoby zarejestrowane w powiatowych urzędach pracy. Przez bezrobotnych ( za Ustawą z dnia 20 kwietnia 2004 r. o promocji zatrudnienia i instytucjach rynku pracy) rozumiemy osoby niezatrudnione i nie wykonujące innej pracy zarobkowej, zdolne i gotowe do podjęcia zatrudnienia w pełnym wymiarze czasu pracy (bądź jeśli są to osoby niepełnosprawne - zdolne i gotowe do podjęcia zatrudnienia co najmniej w połowie tego wymiaru czasu pracy), nieuczące się w szkole z wyjątkiem szkół dla dorosłych lub szkół wyższych w systemie wieczorowym albo zaocznym, zarejestrowane we właściwym dla miejsca zameldowania (stałego lub czasowego) powiatowym urzędzie pracy oraz poszukujące zatrudnienia lub innej pracy zarobkowej, jeżeli spełniają określone w Ustawie warunki.",2024,41.80,,41.80
powiat miechowski,RYNEK PRACY,Bezrobotni z wykształceniem gimnazjalnym i niższym,"Wyrażony w % udział bezrobotnych z wykształceniem gimnazjalnym i niższym w liczbie bezrobotnych ogółem. Do kategorii osób bezrobotnych wlicza się wyłącznie osoby zarejestrowane w powiatowych urzędach pracy. Przez bezrobotnych ( za Ustawą z dnia 20 kwietnia 2004 r. o promocji zatrudnienia i instytucjach rynku pracy) rozumiemy osoby niezatrudnione i nie wykonujące innej pracy zarobkowej, zdolne i gotowe do podjęcia zatrudnienia w pełnym wymiarze czasu pracy (bądź jeśli są to osoby niepełnosprawne - zdolne i gotowe do podjęcia zatrudnienia co najmniej w połowie tego wymiaru czasu pracy), nieuczące się w szkole z wyjątkiem szkół dla dorosłych lub szkół wyższych w systemie wieczorowym albo zaocznym, zarejestrowane we właściwym dla miejsca zameldowania (stałego lub czasowego) powiatowym urzędzie pracy oraz poszukujące zatrudnienia lub innej pracy zarobkowej, jeżeli spełniają określone w Ustawie warunki.",2024,25.06,,25.06
powiat miechowski,RYNEK PRACY,Bezrobotni w wieku poniżej 25 lat,"Wyrażony w % udział bezrobotnych poniżej 25. roku życia w liczbie bezrobotnych ogółem. Do kategorii osób bezrobotnych wlicza się wyłącznie osoby zarejestrowane w powiatowych urzędach pracy. Przez bezrobotnych ( za Ustawą z dnia 20 kwietnia 2004 r. o promocji zatrudnienia i instytucjach rynku pracy) rozumiemy osoby niezatrudnione i nie wykonujące innej pracy zarobkowej, zdolne i gotowe do podjęcia zatrudnienia w pełnym wymiarze czasu pracy (bądź jeśli są to osoby niepełnosprawne - zdolne i gotowe do podjęcia zatrudnienia co najmniej w połowie tego wymiaru czasu pracy), nieuczące się w szkole z wyjątkiem szkół dla dorosłych lub szkół wyższych w systemie wieczorowym albo zaocznym, zarejestrowane we właściwym dla miejsca zameldowania (stałego lub czasowego) powiatowym urzędzie pracy oraz poszukujące zatrudnienia lub innej pracy zarobkowej, jeżeli spełniają określone w Ustawie warunki.",2024,20.44,,20.44
powiat miechowski,RYNEK PRACY,Bezrobotni w wieku 25-34 lata,"Wyrażony w % udział bezrobotnych w wieku 25-34 lata w liczbie bezrobotnych ogółem. Do kategorii osób bezrobotnych wlicza się wyłącznie osoby zarejestrowane w powiatowych urzędach pracy. Przez bezrobotnych ( za Ustawą z dnia 20 kwietnia 2004 r. o promocji zatrudnienia i instytucjach rynku pracy) rozumiemy osoby niezatrudnione i nie wykonujące innej pracy zarobkowej, zdolne i gotowe do podjęcia zatrudnienia w pełnym wymiarze czasu pracy (bądź jeśli są to osoby niepełnosprawne - zdolne i gotowe do podjęcia zatrudnienia co najmniej w połowie tego wymiaru czasu pracy), nieuczące się w szkole z wyjątkiem szkół dla dorosłych lub szkół wyższych w systemie wieczorowym albo zaocznym, zarejestrowane we właściwym dla miejsca zameldowania (stałego lub czasowego) powiatowym urzędzie pracy oraz poszukujące zatrudnienia lub innej pracy zarobkowej, jeżeli spełniają określone w Ustawie warunki.",2024,24.82,,24.82
powiat miechowski,RYNEK PRACY,Bezrobotni w wieku 55 lat i więcej,"Wyrażony w % udział bezrobotnych powyżej 55. roku życia w liczbie bezrobotnych ogółem. Do kategorii osób bezrobotnych wlicza się wyłącznie osoby zarejestrowane w powiatowych urzędach pracy. Przez bezrobotnych ( za Ustawą z dnia 20 kwietnia 2004 r. o promocji zatrudnienia i instytucjach rynku pracy) rozumiemy osoby niezatrudnione i nie wykonujące innej pracy zarobkowej, zdolne i gotowe do podjęcia zatrudnienia w pełnym wymiarze czasu pracy (bądź jeśli są to osoby niepełnosprawne - zdolne i gotowe do podjęcia zatrudnienia co najmniej w połowie tego wymiaru czasu pracy), nieuczące się w szkole z wyjątkiem szkół dla dorosłych lub szkół wyższych w systemie wieczorowym albo zaocznym, zarejestrowane we właściwym dla miejsca zameldowania (stałego lub czasowego) powiatowym urzędzie pracy oraz poszukujące zatrudnienia lub innej pracy zarobkowej, jeżeli spełniają określone w Ustawie warunki.",2024,11.92,,11.92
powiat miechowski,RYNEK PRACY,Prowadzący działalność gospodarczą,Osoby fizyczne prowadzące działalność gospodarczą na 100 osób w wieku produkcyjnym. Dane bez osób prowadzących gospodarstwa indywidualne w rolnictwie.,2024,15.85,,15.85
powiat miechowski,RYNEK PRACY,Zatrudnienie w branży finansowej i nieruchomościach,"Wyrażony w % udział pracujących w branży finansowej i nieruchomościach w stosunku do ogółu pracujących. Dane do 2021 roku bez podmiotów gospodarczych o liczbie pracujących do 9 osób. Podział branż jest zgodny z PKD 2007. Dotyczy sekcji: ""Działalność finansowa i ubezpieczeniowa; obsługa rynku nieruchomości"". W związku z wprowadzonymi zmianami metodologicznymi w pozyskiwaniu danych dotyczących: pracujących, zatrudnionych oraz przeciętnego zatrudnienia według PKD, dane od 2022 roku nie mogą być porównywane z danymi dla lat poprzednich.",2024,0.75,,0.75
powiat miechowski,RYNEK PRACY,Zatrudnienie w rolnictwie,"Wyrażony w % udział pracujących w rolnictwie w stosunku do ogółu pracujących. Dane łącznie z rolnictwem indywidualnym. Dane dotyczące pracujących w gospodarstwach indywidualnych w rolnictwie według stanu w dniu 31 XII w latach 2002-2009 wyszacowano na podstawie wyników Narodowego Spisu Powszechnego Ludności i Mieszkań oraz Powszechnego Spisu Rolnego 2002 oraz w 2010 r. na podstawie Powszechnego Spisu Rolnego 2010. Podział branż jest zgodny z PKD 2007. Dotyczy sekcji: ""Rolnictwo, leśnictwo, łowiectwo i rybactwo"". W związku z wprowadzonymi zmianami metodologicznymi w pozyskiwaniu danych dotyczących: pracujących, zatrudnionych oraz przeciętnego zatrudnienia według PKD, dane od 2022 roku nie mogą być porównywane z danymi dla lat poprzednich.",2024,33.51,,33.51
powiat miechowski,RYNEK PRACY,Zatrudnienie w przemyśle i budownictwie,"Wyrażony w % udział pracujących w przemyśle i budownictwie w stosunku do ogółu pracujących. Dane do 2021 roku bez podmiotów gospodarczych o liczbie pracujących do 9 osób. Podział branż jest zgodny z PKD 2007. Pod pojęciem ""Przemysł i budownictwo"" rozumie się sekcje: ""Górnictwo i wydobywanie""; ""Przetwórstwo przemysłowe""; ""Wytwarzanie i zaopatrywanie w energię elektryczną, gaz, parę wodną i gorącą wodę""; ""Dostawa wody; gospodarowanie ściekami i odpadami; rekultywacja"" oraz ""Budownictwo"". W związku z wprowadzonymi zmianami metodologicznymi w pozyskiwaniu danych dotyczących: pracujących, zatrudnionych oraz przeciętnego zatrudnienia według PKD, dane od 2022 roku nie mogą być porównywane z danymi dla lat poprzednich.",2024,11.46,,11.46
powiat miechowski,RYNEK PRACY,"Zatrudnienie w handlu, transporcie, turystyce, informacji i komunikacji","Wyrażony w % udział pracujących w handlu, transporcie, turystyce, informacji i komunikacji w stosunku do ogółu pracujących. Dane do 2021 roku bez podmiotów gospodarczych o liczbie pracujących do 9 osób. Podział branż jest zgodny z PKD 2007. Dotyczy sekcji: ""Handel""; ""Naprawa pojazdów samochodowych""; ""Transport i gospodarka magazynowa""; ""Zakwaterowanie i gastronomia"" oraz ""Informacja i komunikacja"". W związku z wprowadzonymi zmianami metodologicznymi w pozyskiwaniu danych dotyczących: pracujących, zatrudnionych oraz przeciętnego zatrudnienia według PKD, dane od 2022 roku nie mogą być porównywane z danymi dla lat poprzednich.",2024,26.60,,26.60
powiat miechowski,RYNEK PRACY,Zatrudnienie w pozostałych usługach,"Wyrażony w % udział pracujących w pozostałych usługach w stosunku do ogółu pracujących. Dane do 2021 roku bez podmiotów gospodarczych o liczbie pracujących do 9 osób. Podział branż jest zgodny z PKD 2007. Pod pojęciem ""Pozostałe usługi"" rozumie się sekcje: ""Działalność profesjonalna, naukowa i techniczna""; ""Administrowanie i działalność wspierająca""; ""Administracja publiczna i obrona narodowa, obowiązkowe zabezpieczenia społeczne""; ""Edukacja""; ""Opieka zdrowotna i pomoc społeczna""; ""Działalność związana z kulturą rozrywką i rekreacją"" oraz ""Pozostała działalność usługowa"". W związku z wprowadzonymi zmianami metodologicznymi w pozyskiwaniu danych dotyczących: pracujących, zatrudnionych oraz przeciętnego zatrudnienia według PKD, dane od 2022 roku nie mogą być porównywane z danymi dla lat poprzednich.",2024,27.65,,27.65
powiat miechowski,MOBILNOŚĆ,Saldo migracji stałych,"Wskaźnik migracji stałych - różnica między napływem a odpływem ludności z danego obszaru w danym czasie. Saldo migracji stałych uwzględnia zarazem dane ze stałych migracji zewnętrznych jak i wewnętrznych. Migracje stałe to takie, które wiążą się ze zmianą miejsca zamieszkania na pobyt stały. W świetle prawa polskiego, tego typu migracje związane są z dokonaniem w biurze ewidencji ludności zameldowania lub wymeldowania. W 2015 roku GUS zrezygnował z opublikowania danych dotyczących migracji zagranicznych z powodu braku ich kompletności. Dlatego niemożliwe było określenie poziomu migracji stałych za rok 2015.",2024,-58.00,,-58.00
powiat miechowski,MOBILNOŚĆ,Saldo migracji zagranicznych,Wskaźnik migracji zagranicznych - różnica między odpływem zagranicę a napływem do kraju ludności w danym czasie.,2024,-1.00,,-1.00
powiat miechowski,BUDŻETY GMIN,Wydatki budżetów gmin ogółem,"Wskaźnik wydatków gmin - wydatki budżetów gmin i miast na prawach powiatów w przeliczeniu na jednego mieszkańca. Dane stanowią sumę wydatków na rolnictwo, transport, gospodarkę komunalną, gosp. mieszkaniową, oświatę i wychowanie, kulturę i sztukę, ochronę zdrowia, kulturę fizyczną i sport, a także wydatki na administrację samorządową. Wydatki te są sklasyfikowane w rozporządzeniu Ministra Finansów z dnia 14 czerwca 2006 r. w sprawie szczegółowej klasyfikacji dochodów, wydatków, przychodów i rozchodów oraz środków pochodzących ze źródeł zagranicznych (Dz. U. 2006 r. Nr 107, poz.726, z późn. zm.). Wartości podawane są w złotówkach.",2024,7072.05,,7072.05
powiat miechowski,BUDŻETY GMIN,Wydatki budżetów gmin - oświata i wychowanie,"Wskaźnik wydatków gmin na oświatę i wychowanie - wydatki budżetów gmin i miast na prawach powiatów na oświatę i wychowanie w przeliczeniu na jednego mieszkańca. Dane stanowią sumę wydatków sklasyfikowanych w dziale 801 rozporządzenia Ministra Finansów z dnia 14 czerwca 2006 r. w sprawie szczegółowej klasyfikacji dochodów, wydatków, przychodów i rozchodów oraz środków pochodzących ze źródeł zagranicznych (Dz. U. 2006 r. Nr 107, poz.726, z późn. zm.). Wartości podawane są w złotówkach.",2024,2325.98,,2325.98
powiat miechowski,BUDŻETY GMIN,Wydatki budżetów gmin - kultura,"Wskaźnik wydatków gmin na kulturę i ochronę dziedzictwa narodowego - wydatki budżetów gmin i miast na prawach powiatów na kulturę i ochronę dziedzictwa narodowego w przeliczeniu na jednego mieszkańca. Dane stanowią sumę wydatków sklasyfikowanych w dziale 921 rozporządzenia Ministra Finansów z dnia 14 czerwca 2006 r. w sprawie szczegółowej klasyfikacji dochodów, wydatków, przychodów i rozchodów oraz środków pochodzących ze źródeł zagranicznych (Dz. U. 2006 r. Nr 107, poz.726, z późn. zm.). Wartości podawane są w złotówkach.",2024,295.62,,295.62
powiat miechowski,BUDŻETY GMIN,Wydatki budżetów gmin - pomoc społeczna,"Wskaźnik wydatków gmin na pomoc społeczną - wydatki budżetów gmin i miast na prawach powiatów na pomoc społeczną i pozostałe zadania w zakresie polityki społecznej w przeliczeniu na jednego mieszkańca. Dane stanowią sumę wydatków sklasyfikowanych w działach 852 i 853 rozporządzenia Ministra Finansów z dnia 14 czerwca 2006 r. w sprawie szczegółowej klasyfikacji dochodów, wydatków, przychodów i rozchodów oraz środków pochodzących ze źródeł zagranicznych (Dz. U. 2006 r. Nr 107, poz.726, z późn. zm.). Dane podawane są w złotówkach.",2024,643.21,,643.21
powiat myślenicki,LUDNOŚĆ,Ludność ogółem,Liczba ludności zamieszkałej na danym terenie (dane zgodnie z faktycznym miejscem zamieszkania wg podziału administracyjnego na dzień 31 XII).,2024,129984,,129984
powiat myślenicki,LUDNOŚĆ,Ludność w wieku przedprodukcyjnym,Udział ludności w wieku przedprodukcyjnym w liczbie ludności ogółem. Przez ludność w wieku przedprodukcyjnym rozumie się ludność w wieku do 17 roku życia.,2024,21.61,%,21.61%
powiat myślenicki,LUDNOŚĆ,Ludność w wieku produkcyjnym,"Udział ludności w wieku produkcyjnym w liczbie ludności ogółem. Przez ludność w wieku produkcyjnym rozumie się ludność w wieku zdolności do pracy. Dla mężczyzn przyjęto wiek 18-64 lata, dla kobiet 18-59 lat.",2024,59.14,%,59.14%
powiat myślenicki,LUDNOŚĆ,Ludność w wieku poprodukcyjnym,Udział ludności w wieku emerytalnym w liczbie ludności ogółem. Przez ludność w wieku poprodukcyjnym rozumie się ludność w wieku od 64 lat - dla mężczyzn i od 59 lat - dla kobiet.,2024,19.25,%,19.25%
powiat myślenicki,LUDNOŚĆ,Ludność w wieku 60+,Udział ludności w wieku 60 i więcej lat w liczbie ludności ogółem.,2024,22.12,%,22.12%
powiat myślenicki,LUDNOŚĆ,Wskaźnik podwójnego starzenia,Udział osób w wieku 80 i więcej lat w grupie osób wieku 60 i więcej lat.,2024,14.88,%,14.88%
powiat myślenicki,LUDNOŚĆ,Wskaźnik wsparcia osób najstarszych,Liczba osób w wieku 85 lat i więcej przypadająca na 100 osób w wieku 50–64 lata,2024,9,,9
powiat myślenicki,LUDNOŚĆ,Potencjał pielęgnacyjny,Liczba kobiet w wieku 45-64 lata (potencjalnych opiekunów rodzinnych) przypadających na 100 osób w wieku 80 i więcej lat,2024,386,,386
powiat myślenicki,LUDNOŚĆ,Wskaźnik obciążenia demograficznego,Wskaźnik obciążenia demograficznego - ludność w wieku nieprodukcyjnym przypadająca na 100 osób w wieku produkcyjnym. Przez ludność w wieku produkcyjnym rozumie się osoby w wieku zdolności do pracy tj. mężczyźni w wieku 18 - 64 lat oraz kobiety w wieku 18 - 59.,2024,69.10,,69.10
powiat myślenicki,LUDNOŚĆ,Przyrost naturalny na 1 000 ludności,Różnica między liczbą urodzeń żywych a liczbą zgonów w danym roku (bez rozróżnienia na płeć).,2024,-0.32,,-0.32
powiat myślenicki,LUDNOŚĆ,Wskaźnik feminizacji,Wskaźnik feminizacji - wielkość demograficzna określająca ile kobiet przypada na 100 mężczyzn na danym terenie.,2024,101.87,,101.87
powiat myślenicki,LUDNOŚĆ,Wskaźnik maskulinizacji,Wskaźnik maskulinizacji - wielkość demograficzna określająca ilu mężczyzn przypada na 100 kobiet na danym terenie.,2024,98.17,,98.17
powiat myślenicki,LUDNOŚĆ,Wskaźnik gęstości zaludnienia,Wskaźnik gęstości zaludnienia - liczba mieszkańców przypadająca na 1 km².,2024,193.10,,193.10
powiat myślenicki,LUDNOŚĆ,Wskaźnik urbanizacji,"Wskaźnik urbanizacji - udział mieszkańców miast w liczbie mieszkańców ogółem. Do wyliczenia wskaźnika posłużono się danymi na temat ludności faktycznie zamieszkałej na dzień 31 XII każdego roku. Ludnośc faktycznie zamieszkała obejmuje: a) stałych mieszkańców, z wyjatkiem osób przebywających poza miejscem zamieszkania przez okres powyżej 3 miesięcy w kraju oraz obejmuje wszystkie osoby przebywajace za granicą (bez względu na okres ich nieobecności) b) osoby przebywające czasowo przez okres powyżej 3 miesięcy, przybyłe z innego miejsca w kraju. Dane za lata 2010 - 2021 bazują na wynikach Narodowego Spisu Powszechnego Ludności i Mieszkań 2011.",2024,23.31,%,23.31%
powiat myślenicki,LUDNOŚĆ,Małżeństwa na 1000 mieszkańców,Liczba zawartych małżeństw w przeliczeniu na 1000 mieszkańców.,2024,3.90,,3.90
powiat myślenicki,LUDNOŚĆ,Urodzenia na 1000 mieszkańców,Liczba urodzeń żywych w przeliczeniu na 1000 mieszkańców.,2024,8.88,,8.88
powiat myślenicki,LUDNOŚĆ,Zgony na 1000 mieszkańców,Liczba zgonów w przeliczeniu na 1000 mieszkańców.,2024,9.20,,9.20
powiat myślenicki,LUDNOŚĆ,Wskaźnik/ indeks starości,"Relacja pokoleniowa dziadków i wnuczków, tj. liczba osób w wieku 65 i więcej lat przypadająca na 100 osób w wieku 0-14 lat",2024,91,,91
powiat myślenicki,LUDNOŚĆ,Ludność w wieku 65+/ Współczynnik starości demograficznej,Relacja liczby osób w starszym wieku (65 lat i więcej) do ogólnej liczby ludności.,2024,16.27,%,16.27%
powiat myślenicki,LUDNOŚĆ,Wskaźnik potencjalnego wsparcia,Liczba osób w wieku 15-64 lata przypadająca na 100 osób w wieku 65 lat i więcej. Przedstawia tzw. obciążenie - ile osób hipotetycznie pozostających na rynku pracy przypada na 1 osobę (100 osób) będącą już poza rykiem pracy (odwrotność cząstkowego współczynnika obciążenia demograficznego osobami starszymi).,2024,405,,405
powiat myślenicki,POMOC SPOŁECZNA - K,Liczba mieszkańców na 1 pracownika socjalnego,Liczba mieszkańców przypadająca na jednego pracownika socjalnego zatrudnionego w ośrodku pomocy społecznej.,2024,2063,,2063
powiat myślenicki,POMOC SPOŁECZNA - K,Pracownicy socjalni OPS posiadający wyższe wykształcenie,Udział pracowników socjalnych posiadających wyższe wykształcenie w ogólnej licznie pracowników socjalnych.,2024,93.44,%,93.44%
powiat myślenicki,POMOC SPOŁECZNA - K,Pracownicy socjalni OPS posiadający I stopień specjalizacji w zawodzie pracownik socjalny,Udział pracowników socjalnych OPS posiadających I stopień specjalizacji w zawodzie pracownik socjalny w ogólnej liczbie pracowników socjalnych.,2024,16.39,%,16.39%
powiat myślenicki,POMOC SPOŁECZNA - K,Pracownicy socjalni OPS posiadający II stopień specjalizacji w zawodzie pracownik socjalny,Udział pracowników socjalnych posiadających II stopień specjalizacji w zawodzie pracownik socjalny w ogólnej liczbie pracowników socjalnych.,2024,3.28,%,3.28%
powiat myślenicki,POMOC SPOŁECZNA - P,Alkoholizm,Odsetek klientów pomocy społecznej korzystających ze wsparcia z powodu alkoholizmu (na podstawie danych o rzeczywistej liczbie osób w rodzinach objętych pomocą społeczną).,2024,4.34,%,4.34%
powiat myślenicki,POMOC SPOŁECZNA - P,Bezdomność,Odsetek klientów pomocy społecznej korzystających ze wsparcia z powodu bezdomności (na podstawie danych o rzeczywistej liczbie osób w rodzinach objętych pomocą społeczną).,2024,1.25,%,1.25%
powiat myślenicki,POMOC SPOŁECZNA - P,Bezradność w sprawach opiekuńczo-wychowawczych i prowadzenia gosp. dom.,Odsetek klientów pomocy społecznej korzystających ze wsparcia z powodu bezradności w sprawach opiekuńczo-wychowawczych i prowadzenia gospodarstwa domowego (na podstawie danych o rzeczywistej liczbie osób w rodzinach objętych pomocą społeczną).,2024,13.22,%,13.22%
powiat myślenicki,POMOC SPOŁECZNA - P,Bezrobocie,Odsetek klientów pomocy społecznej korzystających ze wsparcia z powodu bezrobocia (na podstawie danych o rzeczywistej liczbie osób w rodzinach objętych pomocą społeczną).,2024,19.11,%,19.11%
powiat myślenicki,POMOC SPOŁECZNA - P,Długotrwała lub ciężka choroba,Odsetek klientów pomocy społecznej korzystających ze wsparcia z powodu długotrwałej bądź ciężkiej choroby (na podstawie danych o rzeczywistej liczbie osób w rodzinach objętych pomocą społeczną).,2024,50.82,%,50.82%
powiat myślenicki,POMOC SPOŁECZNA - P,Narkomania,Odsetek klientów pomocy społecznej korzystających ze wsparcia z powodu narkomanii (na podstawie danych o rzeczywistej liczbie osób w rodzinach objętych pomocą społeczną).,2024,0.14,%,0.14%
powiat myślenicki,POMOC SPOŁECZNA - P,Niepełnosprawność,Odsetek klientów pomocy społecznej korzystających ze wsparcia z powodu niepełnosprawności (na podstawie danych o rzeczywistej liczbie osób w rodzinach objętych pomocą społeczną).,2024,35.10,%,35.10%
powiat myślenicki,POMOC SPOŁECZNA - P,Potrzeba ochrony macierzyństwa,Odsetek klientów pomocy społecznej korzystających ze wsparcia z powodu potrzeby ochrony macierzyństwa (na podstawie danych o rzeczywistej liczbie osób w rodzinach objętych pomocą społeczną).,2024,39.33,%,39.33%
powiat myślenicki,POMOC SPOŁECZNA - P,Przemoc domowa,Odsetek klientów pomocy społecznej korzystających ze wsparcia z powodu przemocy domowej (na podstawie danych o rzeczywistej liczbie osób w rodzinach objętych pomocą społeczną).,2024,2.46,%,2.46%
powiat myślenicki,POMOC SPOŁECZNA - P,Sieroctwo,Odsetek klientów pomocy społecznej korzystających ze wsparcia z powodu sieroctwa (na podstawie danych o rzeczywistej liczbie osób w rodzinach objętych pomocą społeczną).,2024,0.31,%,0.31%
powiat myślenicki,POMOC SPOŁECZNA - P,Sytuacja kryzysowa,Odsetek klientów pomocy społecznej korzystających ze wsparcia z powodu sytuacji kryzysowej (na podstawie danych o rzeczywistej liczbie osób w rodzinach objętych pomocą społeczną).,2024,0.45,%,0.45%
powiat myślenicki,POMOC SPOŁECZNA - P,Ubóstwo,Odsetek klientów pomocy społecznej korzystających ze wsparcia z powodu ubóstwa (na podstawie danych o rzeczywistej liczbie osób w rodzinach objętych pomocą społeczną).,2024,39.75,%,39.75%
powiat myślenicki,POMOC SPOŁECZNA - P,Wielodzietność,Odsetek klientów pomocy społecznej korzystających ze wsparcia z powodu wielodzietności (na podstawie danych o rzeczywistej liczbie osób w rodzinach objętych pomocą społeczną).,2024,35.62,%,35.62%
powiat myślenicki,POMOC SPOŁECZNA - P,Zdarzenie losowe,Odsetek klientów pomocy społecznej korzystających ze wsparcia z powodu zdarzenia losowego (na podstawie danych o rzeczywistej liczbie osób w rodzinach objętych pomocą społeczną).,2024,0.94,%,0.94%
powiat myślenicki,POMOC SPOŁECZNA - B,Beneficjenci pomocy społecznej,"Udział osób korzystających z pomocy społecznej w liczbie ludności ogółem - na podstawie danych o rzeczywistej liczbie osób w rodzinach objętych pomocą społeczną (świadczenia przyznane w ramach zadań zleconych i własnych bez względu na rodzaj, formę, liczbę oraz źródło finansowania).",2024,2.22,%,2.22%
powiat myślenicki,POMOC SPOŁECZNA - B,Rodziny niepełne objęte pomocą społeczną,"Wskaźnik pomocy społecznej udzielonej rodzinom niepełnym - udział rodzin niepełnych objętych pomocą (w której skład wchodzi jedno z rodziców z dzieckiem/ dziećmi) w liczbie wszystkich rodzin z dziećmi, którym udzielono pomocy.",2024,39.09,%,39.09%
powiat myślenicki,POMOC SPOŁECZNA - B,Rodziny wielodzietne objęte pomocą społeczną,"Wskaźnik pomocy społecznej udzielonej rodzinom wielodzietnym - udział rodzin wielodzietnych (3 dzieci i więcej) objętych pomocą w liczbie wszystkich rodzin z dziećmi, którym udzielono pomocy.",2024,48.92,%,48.92%
powiat myślenicki,POMOC SPOŁECZNA - B,Rodziny emerytów i rencistów objęte pomocą społeczną,"Wskaźnik pomocy społecznej udzielonej rodzinom emerytów i rencistów - udział rodzin emerytów i rencistów objętych pomocą w liczbie wszystkich rodzin, którym udzielono pomocy.",2024,20.57,%,20.57%
powiat myślenicki,POMOC SPOŁECZNA - B,Pensjonariusze DPS nieopuszczający łóżek,Odsetek pensjonariuszy Domów Pomocy Społecznej nieopuszczających łóżek. Dane na temat liczby mieszkańców Domów Pomocy Społecznej zebrano wg. stanu na dzień 31 grudnia. W statystykach uwzględniono mieszkańców Domów Pomocy Społecznej i podmiotów niepublicznych w roku sprawozdawczym.,2024,2.86,%,2.86%
powiat myślenicki,POMOC SPOŁECZNA - B,Pensjonariusze DPS do 18 roku życia,Odsetek pensjonariuszy Domów Pomocy Społecznej w wieku do18 roku życia. Dane na temat liczby mieszkańców Domów Pomocy Społecznej zebrano wg. stanu na dzień 31 grudnia. W statystykach uwzględniono mieszkańców Domów Pomocy Społecznej i podmiotów niepublicznych w roku sprawozdawczym.,2024,0.00,%,0.00%
powiat myślenicki,POMOC SPOŁECZNA - B,Pensjonariusze DPS w wieku 19-40 lat,Odsetek pensjonariuszy Domów Pomocy Społecznej wieku 19-40 lat. Dane na temat liczby mieszkańców Domów Pomocy Społecznej zebrano wg. stanu na dzień 31 grudnia. W statystykach uwzględniono mieszkańców Domów Pomocy Społecznej i podmiotów niepublicznych w roku sprawozdawczym.,2024,13.33,%,13.33%
powiat myślenicki,POMOC SPOŁECZNA - B,Pensjonariusze DPS w wieku 41-60 lat,Odsetek pensjonariuszy Domów Pomocy Społecznej wieku 41-60 lat. Dane na temat liczby mieszkańców Domów Pomocy Społecznej zebrano wg. stanu na dzień 31 grudnia. W statystykach uwzględniono mieszkańców Domów Pomocy Społecznej i podmiotów niepublicznych w roku sprawozdawczym.,2024,31.43,%,31.43%
powiat myślenicki,POMOC SPOŁECZNA - B,Pensjonariusze DPS w wieku 61-74 lat,Odsetek pensjonariuszy Domów Pomocy Społecznej wieku 60-74 lat. Dane na temat liczby mieszkańców Domów Pomocy Społecznej zebrano wg. stanu na dzień 31 grudnia. W statystykach uwzględniono mieszkańców Domów Pomocy Społecznej i podmiotów niepublicznych w roku sprawozdawczym.,2024,35.24,%,35.24%
powiat myślenicki,POMOC SPOŁECZNA - B,Pensjonariusze DPS w wieku powyżej 74 lat,Odsetek pensjonariuszy Domów Pomocy Społecznej wieku powyżej 74 lat. Dane na temat liczby mieszkańców Domów Pomocy Społecznej zebrano wg. stanu na dzień 31 grudnia. W statystykach uwzględniono mieszkańców Domów Pomocy Społecznej i podmiotów niepublicznych w roku sprawozdawczym.,2024,20.00,%,20.00%
powiat myślenicki,Sheet6,Świadczenia pieniężne z pomocy społecznej,Odsetek korzystających ze świadczeń pieniężnych w ogólnej liczbie świadczeniobiorców pomocy społecznej (liczba osób w rodzinach),2024,65.94,%,65.94%
powiat myślenicki,Sheet6,Świadczenia niepieniężne z pomocy społecznej,Odsetek korzystających ze świadczeń niepieniężnych w ogólnej liczbie świadczeniobiorców pomocy społecznej (liczba osób w rodzinach),2024,67.43,%,67.43%
powiat myślenicki,Sheet6,Osoby korzystające z usług opiekuńczych i specjalistycznych usług opiekuńczych,Liczba osób korzystających z usług opiekuńczych (w tym specjalistycznych usług opiekuńczych).,2024,153,,153
powiat myślenicki,Sheet6,Osoby korzystające ze specjalistycznych usług opiekuńczych dla osób z zaburzeniami psychicznymi,Liczba osób korzystających ze specjalistycznych usług opiekuńczych w miejscu zamieszkania dla osób z zaburzeniami psychicznymi.,2024,22,,22
powiat myślenicki,Sheet6,Osoby objęte kontraktami socjalnymi,Udział osób objętych kontraktami socjalnymi w ogólnej liczbie osób w rodzinach świadczeniobiorców pomocy społecznej.,2024,2.91,%,2.91%
powiat myślenicki,Sheet6,Osoby objęte dożywianiem na 1000 mieszkańców,Wskaźnik pomocy w zakresie dożywiania - liczba osób objętych pomocą państwa w zakresie dożywiania w przeliczeniu na 1000 mieszkańców.,2024,13,,13
powiat myślenicki,Sheet6,Udział dzieci w ogóle osób objętych dożywianiem,"Udział dzieci w liczbie wszystkich osób objętych pomocą państwa w zakresie dożywiania. Sprawozdanie z realizacji programu ""Pomoc Państwa w zakresie dożywiania"" do 2013 roku obejmowało dzieci do lat 7. Od 2014 roku w sprawozdaniu liczba dzieci jest określona na podstawie momentu rozpoczęcia nauki w szkole podstawowej.",2024,19,%,19%
powiat myślenicki,Sheet6,Udział uczniów w ogóle osób objętych dożywianiem,Udział dzieci w wieku szkolnym (uczniowie do czasu ukończenia szkoły ponadgimnazjalnej) w liczbie wszystkich osób objętych pomocą państwa w zakresie dożywiania.,2024,36,%,36%
powiat myślenicki,POMOC SPOŁECZNA I O,Centra integracji społecznej,Liczba centrów integracji społecznej działających na danym terenie. Stan na 31 XII.,2024,0,,0
powiat myślenicki,POMOC SPOŁECZNA I O,Domy pomocy społecznej,Liczba domów pomocy społecznej działających na danym terenie (bez podziału na typy).,2024,3,,3
powiat myślenicki,POMOC SPOŁECZNA I O,Dzienne domy pomocy,Liczba dziennych domów pomocy działających na danym terenie. Stan na 31 XII.,2024,1,,1
powiat myślenicki,POMOC SPOŁECZNA I O,Placówki specjalistycznego poradnictwa - jednostki  powiatowe,"Liczba jednostek specjalistycznego poradnictwa działających w powiatach. Stan na 31 XII. Wskaźnik zasilany od 2021 r. w związku ze zmianami monitorowania danych w sprawozdaniach resortowych. Zastąpił on wskaźnik ""Placówki specjalistycznego poradnictwa""",2024,0,,0
powiat myślenicki,POMOC SPOŁECZNA I O,Placówki specjalistycznego poradnictwa,Liczba jednostek specjalistycznego poradnictwa działających na danym terenie. Stan na 31 XII. Od 2021 roku ze względu na brak kontynuacji monitorowania danych w sprawozdaniach resortowych wskaźnik nie jest już aktualizowany.,2024,0,,0
powiat myślenicki,POMOC SPOŁECZNA I O,Kluby integracji społecznej,Liczba klubów integracji społecznej działających na danym terenie.,2024,1,,1
powiat myślenicki,POMOC SPOŁECZNA I O,Mieszkania treningowe oraz wspomagane,"Liczba mieszkań treningowe oraz wspomaganych działających na danym terenie. Stan na 31 XII. Do 2022 r. w systemie funkcjonowały mieszkania chronione, natomiast od 2023 r. funkcjonują mieszkania treningowe oraz wspomagane.",2024,5,,5
powiat myślenicki,POMOC SPOŁECZNA I O,"Noclegownie, schroniska i domy dla osób bezdomnych","Liczba noclegowni, schronisk i domów dla osób bezdomnych działających na danym terenie.",2024,0,,0
powiat myślenicki,POMOC SPOŁECZNA I O,Ośrodki interwencji kryzysowej,Liczba ośrodków interwencji kryzysowej działających na danym terenie. Stan na 31 XII.,2024,1,,1
powiat myślenicki,POMOC SPOŁECZNA I O,Placówki opiekuńczo-wychowawcze,Liczba placówek opiekuńczo-wychowawczych działających na danym terenie (bez podziału na typy). Stan na 31 XII.,2024,2,,2
powiat myślenicki,POMOC SPOŁECZNA I O,Placówki wsparcia dziennego,Liczba placówek wsparcia dziennego działających na danym terenie. Stan na 31 XII.,2024,8,,8
powiat myślenicki,POMOC SPOŁECZNA I O,"Placówki zapewniające całodobową opiekę osobom niepełnosprawnym, przewlekle chorym lub osobom w podeszłym wieku","Liczba placówek zapewniających całodobową opiekę osobom niepełnosprawnym, przewlekle chorym lub osobom w podeszłym wieku działających na danym terenie (w oparciu zarówno o działalność gospodarczą, jak i o działalność statutową). Stan na 31 XII.",2024,6,,6
powiat myślenicki,POMOC SPOŁECZNA I O,Środowiskowe domy samopomocy,Liczba środowiskowych domów samopomocy działających na danym terenie. Stan na 31 XII.,2024,4,,4
powiat myślenicki,POMOC SPOŁECZNA I O,Zakłady aktywności zawodowej,Liczba zakładów aktywności zawodowej działających na danym terenie.,2024,0,,0
powiat myślenicki,PIECZA ZASTĘPCZA,Stopień deinstytucjonalizacji pieczy zastępczej,"Stosunek liczby dzieci w rodzinnej pieczy zastępczej (dzieci przebywające w rodzinach zastępczych, rodzinnych domach dziecka i w placówkach opiekuńczo-wychowawczych typu rodzinnego) do liczby wszystkich dzieci w pieczy zastępczej. Do wskaźnika nie wliczono dzieci umieszczonych w rodzinach zastępczych spokrewnionych (definicja zaczerpnięta z raportu ""Postępy deinstytucjonalizacji pieczy zastępczej""; Warszawa 2018 r.). Dane zbierane przez MRiPS regularnie (co pół roku) w sprawozdaniach resortowych.",2024,74.51,%,74.51%
powiat myślenicki,PIECZA ZASTĘPCZA,Intensywność pieczy zastępczej,"Liczba dzieci poniżej 18. roku życia przebywających w pieczy zastępczej w stosunku do liczby wszystkich dzieci w wieku poniżej 18 roku życia na danym terenie w przeliczeniu na 1000 dzieci (definicja zaczerpnięta z raportu ""Postępy deinstytucjonalizacji pieczy zastępczej""; Warszawa 2018 r.). Dane zbierane przez MRiPS regularnie (co pół roku) w sprawozdaniach resortowych.",2024,1.89,,1.89
powiat myślenicki,PIECZA ZASTĘPCZA,Liczba rodzin zastępczych,"Liczba rodzin zastępczych funkcjonujących na danym obszarze. Rodzina zastępcza jest jedną z form rodzinnej pieczy zastępczej, sprawowanej w przypadku niemożności zapewnienia dziecku opieki i wychowania przez rodziców.",2024,17,,17
powiat myślenicki,PIECZA ZASTĘPCZA,Liczba dzieci w rodzinach zastępczych,"Liczba dzieci wychowujących się w rodzinach zastępczych na danym obszarze. Rodzina zastępcza jest jedną z form rodzinnej pieczy zastępczej, sprawowanej w przypadku niemożności zapewnienia dziecku opieki i wychowania przez rodziców. Do roku 2011 dane pochodzą ze sprawozdania MPiPS-03; od roku 2012 dane pochodzą ze sprawozdania Ocena Zasobów Pomocy Społecznej.",2024,38,,38
powiat myślenicki,ZDROWIE,Dostępność aptek,"Wskaźnik dostępności do aptek - liczba osób przypadająca na jedną aptekę ogólnodostępną. Apteka, zgodnie z Ustawą ""Prawo farmaceutyczne"" z dnia 6 września 2001 r. to placówka ochrony zdrowia publicznego, w której osoby uprawnione świadczą w szczególności usługi farmaceutyczne obejmujące zadania określone w ustawie.",2024,4333,,4333
powiat myślenicki,ZDROWIE,Zgony z powodu chorób nowotworowych,Wskaźnik umieralności z powodu choroby nowotworowej - udział zgonów z powodu choroby nowotworowej w liczbie zgonów ogółem. Dane do wskaźnika pochodzą z kart statystycznych do kart zgonów.,2024,29.10,%,29.10%
powiat myślenicki,ZDROWIE,Zgony z powodu chorób układu krążenia,Wskaźnik umieralności z powodu chorób układu krążenia - udział zgonów z powodu chorób układu krążenia w liczbie zgonów ogółem. Dane do wskaźnika pochodzą z kart statystycznych do kart zgonów.,2024,43.00,%,43.00%
powiat myślenicki,"WYNAGRODZENIA, EMERY",Przeciętne wynagrodzenie w relacji do śr. krajowej,Wskaźnik wysokości wynagrodzeń - przeciętne miesięczne wynagrodzenia brutto w gospodarce narodowej w relacji do średniej krajowej (Polska=100%). Wskaźnik pokazuje jaki procent średniej krajowej jest osiągany na danym terenie.,2024,84.10,,84.10
powiat myślenicki,KULTURA,Wskaźnik dostępności kin,"Wskaźnik dostępności kin - liczba osób przypadających na jedno miejsce na widowni kina. Przez ""miejsce na widowni"" rozumie się każde numerowane miejsce (zarejestrowane) wykorzystywane przez instytucję kultury do stałych prezentacji scenicznych (w stałej sali eksploatowanej przez instytucję artystyczną lub w kinie stałym do prezentacji filmów).",2024,332,,332
powiat myślenicki,KULTURA,Wskaźnik dostępności domów i ośrodków kultury,"Wskaźnik dostępności domów i ośrodków kultury oraz klubów, świetlic i kół - liczba osób przypadająca na jedną placówkę kultury.",2024,1040,,1040
powiat myślenicki,KULTURA,Wskaźnik dostępności muzeów,"Wskaźnik dostępności do muzeów - liczba ludności przypadająca na jedną placówkę muzealną. Dane wskaźnikowe bazują na sprawozdaniach z działalności muzeów i instytucji paramuzealnych. Przez placówkę muzealną (za ustawą z dnia 21 listopada 1996 r. o muzeach) rozumiemy jednostkę organizacyjną, nienastawioną na osiąganie zysku, której celem jest sprawowanie opieki nad zabytkami, informowanie o wartościach i treściach gromadzonych zbiorów, upowszechnianie podstawowych wartości historii, nauki i kultury polskiej oraz światowej, kształtowanie wrażliwości poznawczej i estetycznej oraz umożliwianie kontaktu ze zbiorami.",2024,129984,,129984
powiat myślenicki,KULTURA,Wskaźnik dostępności bibliotek,"Wskaźnik dostępności bibliotek - liczba ludności przydająca na jedną placówkę biblioteczną. W celu wyliczenia wskaźnika zliczono biblioteki, filie i punkty biblioteczne na danym ternie. Dane bazują na sprawozdaniach bibliotek ogólnych. Zgodnie z definicją przyjętą przez GUS przez placówkę biblioteczną rozumie się jednostkę organizacyjną lub jej część posiadającą uporządkowany (zinwentaryzowany) zbiór książek, czasopism i innych materiałów piśmienniczych liczący co najmniej 300 jednostek inwentarzowych, której głównymi celami są tworzenie i obsługa zbiorów oraz udostępnianie ich użytkownikom w sposób kontrolowany.",2024,5908,,5908
powiat myślenicki,KULTURA,Wskaźnik czytelnictwa,Wskaźnik czytelnictwa - ilość wypożyczeń z księgozbioru przez jednego czytelnika w ciągu roku. Przez księgozbiór rozumie się zbiór obejmujący wydawnictwa nieperiodyczne (książki i broszury) i wydawnictwa periodyczne (gazety i czasopisma).,2024,18,,18
powiat myślenicki,EDUKACJA,Edukacja przedszkolna,"Wskaźnik edukacji na poziomie przedszkolnym - odsetek dzieci w wieku od 3 do 5 lat uczęszczających do placówek wychowania przedszkolnego. Wskaźnik zbudowano na podstawie sprawozdań przedszkoli i innych form edukacji przedszkolnej. Uwzględniono ośrodki wychowania przedszkolnego prowadzone przez ograny samorządu terytorialnego, jednostki samorządu powiatowego oraz gminnego.",2024,95.90,,95.90
powiat myślenicki,EDUKACJA,Zdawalność egzaminu maturalnego w technikach,"Wskaźnik zdawalności matur w technikach - procent uczniów klas IV techników, którzy zdali egzamin maturalny.",2024,85.00,,85.00
powiat myślenicki,EDUKACJA,Zdawalność egzaminu maturalnego w liceach ogólnokształcących,"Wskaźnik zdawalności matur w liceach -procent uczniów klas III liceów ogólnokształcących, którzy zdali egzamin maturalny.",2024,95.00,,95.00
powiat myślenicki,EDUKACJA,Wyniki egzaminu ósmoklasisty – język polski,"Wyrażony w % średni wynik uczniów uzyskiwany na egzaminie ósmoklasisty w części z języka polskiego (wskaźnik aktualizowany od 2019 roku, w którym uczniowie szkół podstawowych po raz pierwszy przystąpili do egzaminu ósmoklasisty)",2024,67.34,,67.34
powiat myślenicki,EDUKACJA,Wyniki egzaminu ósmoklasisty – język angielski podstawowy,"Wyrażony w % średni wynik uczniów uzyskiwany na egzaminie ósmoklasisty w części podstawowej z języka angielskiego (wskaźnik aktualizowany od 2019 roku, w którym uczniowie szkół podstawowych po raz pierwszy przystąpili do egzaminu ósmoklasisty)",2024,68.87,,68.87
powiat myślenicki,EDUKACJA,Wyniki egzaminu ósmoklasisty – matematyka,"Wyrażony w % średni wynik uczniów uzyskiwany na egzaminie ósmoklasisty w części z matematyki (wskaźnik aktualizowany od 2019 roku, w którym uczniowie szkół podstawowych po raz pierwszy przystąpili do egzaminu ósmoklasisty)",2024,59.45,,59.45
powiat myślenicki,EDUKACJA,Wybory edukacyjne ósmoklasistów – technikum,"Wyrażony w % udział absolwentów szkół podstawowych, którzy wybrali technikum jako miejsce dalszego kształcenia. Wskaźnik obliczony na podstawie liczby uczniów w klasie pierwszej technikum. (wskaźnik aktualizowany od 2020 roku po ostatecznym wygaszeniu szkół gimnazjalnych)",2024,44.32,,44.32
powiat myślenicki,EDUKACJA,Wybory edukacyjne ósmoklasistów – liceum ogólnokształcące,"Wyrażony w % udział absolwentów szkół podstawowych, którzy wybrali liceum ogólnokształcące jako miejsce dalszego kształcenia. Wskaźnik obliczony na podstawie liczby uczniów w klasie pierwszej liceów ogólnokształcących. (wskaźnik aktualizowany od 2020 roku po ostatecznym wygaszeniu szkół gimnazjalnych)",2024,35.70,,35.70
powiat myślenicki,EDUKACJA,Wybory edukacyjne ósmoklasistów – szkoła branżowa I stopnia,"Wyrażony w % udział absolwentów szkół podstawowych, którzy wybrali szkołę branżową I stopnia jako miejsce dalszego kształcenia. Wskaźnik obliczony na podstawie liczby uczniów w klasie pierwszej szkół branżowych I stopnia. (wskaźnik aktualizowany od 2020 roku po ostatecznym wygaszeniu szkół gimnazjalnych)",2024,19.98,,19.98
powiat myślenicki,RYNEK PRACY,Stopa bezrobocia,"Stopa bezrobocia - procentowy udział liczby bezrobotnych w liczbie ludności aktywnej zawodowo (tzn. pracującej i bezrobotnej). Przez bezrobotnych ( za Ustawą z dnia 20 kwietnia 2004 r. o promocji zatrudnienia i instytucjach rynku pracy) rozumiemy osoby niezatrudnione i nie wykonujące innej pracy zarobkowej, zdolne i gotowe do podjęcia zatrudnienia w pełnym wymiarze czasu pracy (bądź jeśli są to osoby niepełnosprawne - zdolne i gotowe do podjęcia zatrudnienia co najmniej w połowie tego wymiaru czasu pracy), nieuczące się w szkole z wyjątkiem szkół dla dorosłych lub szkół wyższych w systemie wieczorowym albo zaocznym, zarejestrowane we właściwym dla miejsca zameldowania (stałego lub czasowego) powiatowym urzędzie pracy oraz poszukujące zatrudnienia lub innej pracy zarobkowej, jeżeli spełniają określone w Ustawie warunki.",2024,3.10,,3.10
powiat myślenicki,RYNEK PRACY,Bezrobocie kobiet,"Bezrobocie kobiet - Wyrażony w % udział bezrobotnych kobiet w liczbie bezrobotnych ogółem. Do kategorii osób bezrobotnych wlicza się wyłącznie osoby zarejestrowane w powiatowych urzędach pracy. Przez bezrobotnych ( za Ustawą z dnia 20 kwietnia 2004 r. o promocji zatrudnienia i instytucjach rynku pracy) rozumiemy osoby niezatrudnione i nie wykonujące innej pracy zarobkowej, zdolne i gotowe do podjęcia zatrudnienia w pełnym wymiarze czasu pracy (bądź jeśli są to osoby niepełnosprawne - zdolne i gotowe do podjęcia zatrudnienia co najmniej w połowie tego wymiaru czasu pracy), nieuczące się w szkole z wyjątkiem szkół dla dorosłych lub szkół wyższych w systemie wieczorowym albo zaocznym, zarejestrowane we właściwym dla miejsca zameldowania (stałego lub czasowego) powiatowym urzędzie pracy oraz poszukujące zatrudnienia lub innej pracy zarobkowej, jeżeli spełniają określone w Ustawie warunki.",2024,52.76,,52.76
powiat myślenicki,RYNEK PRACY,Bezrobocie rodzinne,"Odsetek osób bezrobotnych zamieszkujących gospodarstwo domowe, w którym dwie lub więcej osób pozostaje na bezrobociu. Dane dla powiatu tarnowskiego i Tarnowa przedstawione zostały łącznie. Dane obrazują stan na 31 XII danego roku.",2024,10.29,%,10.29%
powiat myślenicki,RYNEK PRACY,Bezrobotni dłużej niż 1 rok,"Wyrażony w % udział bezrobotnych dłużej niż 1 rok w liczbie bezrobotnych ogółem. Do kategorii osób bezrobotnych wlicza się wyłącznie osoby zarejestrowane w powiatowych urzędach pracy. Przez bezrobotnych ( za Ustawą z dnia 20 kwietnia 2004 r. o promocji zatrudnienia i instytucjach rynku pracy) rozumiemy osoby niezatrudnione i nie wykonujące innej pracy zarobkowej, zdolne i gotowe do podjęcia zatrudnienia w pełnym wymiarze czasu pracy (bądź jeśli są to osoby niepełnosprawne - zdolne i gotowe do podjęcia zatrudnienia co najmniej w połowie tego wymiaru czasu pracy), nieuczące się w szkole z wyjątkiem szkół dla dorosłych lub szkół wyższych w systemie wieczorowym albo zaocznym, zarejestrowane we właściwym dla miejsca zameldowania (stałego lub czasowego) powiatowym urzędzie pracy oraz poszukujące zatrudnienia lub innej pracy zarobkowej, jeżeli spełniają określone w Ustawie warunki.",2024,23.80,,23.80
powiat myślenicki,RYNEK PRACY,Bezrobotni z wykształceniem gimnazjalnym i niższym,"Wyrażony w % udział bezrobotnych z wykształceniem gimnazjalnym i niższym w liczbie bezrobotnych ogółem. Do kategorii osób bezrobotnych wlicza się wyłącznie osoby zarejestrowane w powiatowych urzędach pracy. Przez bezrobotnych ( za Ustawą z dnia 20 kwietnia 2004 r. o promocji zatrudnienia i instytucjach rynku pracy) rozumiemy osoby niezatrudnione i nie wykonujące innej pracy zarobkowej, zdolne i gotowe do podjęcia zatrudnienia w pełnym wymiarze czasu pracy (bądź jeśli są to osoby niepełnosprawne - zdolne i gotowe do podjęcia zatrudnienia co najmniej w połowie tego wymiaru czasu pracy), nieuczące się w szkole z wyjątkiem szkół dla dorosłych lub szkół wyższych w systemie wieczorowym albo zaocznym, zarejestrowane we właściwym dla miejsca zameldowania (stałego lub czasowego) powiatowym urzędzie pracy oraz poszukujące zatrudnienia lub innej pracy zarobkowej, jeżeli spełniają określone w Ustawie warunki.",2024,20.10,,20.10
powiat myślenicki,RYNEK PRACY,Bezrobotni w wieku poniżej 25 lat,"Wyrażony w % udział bezrobotnych poniżej 25. roku życia w liczbie bezrobotnych ogółem. Do kategorii osób bezrobotnych wlicza się wyłącznie osoby zarejestrowane w powiatowych urzędach pracy. Przez bezrobotnych ( za Ustawą z dnia 20 kwietnia 2004 r. o promocji zatrudnienia i instytucjach rynku pracy) rozumiemy osoby niezatrudnione i nie wykonujące innej pracy zarobkowej, zdolne i gotowe do podjęcia zatrudnienia w pełnym wymiarze czasu pracy (bądź jeśli są to osoby niepełnosprawne - zdolne i gotowe do podjęcia zatrudnienia co najmniej w połowie tego wymiaru czasu pracy), nieuczące się w szkole z wyjątkiem szkół dla dorosłych lub szkół wyższych w systemie wieczorowym albo zaocznym, zarejestrowane we właściwym dla miejsca zameldowania (stałego lub czasowego) powiatowym urzędzie pracy oraz poszukujące zatrudnienia lub innej pracy zarobkowej, jeżeli spełniają określone w Ustawie warunki.",2024,18.78,,18.78
powiat myślenicki,RYNEK PRACY,Bezrobotni w wieku 25-34 lata,"Wyrażony w % udział bezrobotnych w wieku 25-34 lata w liczbie bezrobotnych ogółem. Do kategorii osób bezrobotnych wlicza się wyłącznie osoby zarejestrowane w powiatowych urzędach pracy. Przez bezrobotnych ( za Ustawą z dnia 20 kwietnia 2004 r. o promocji zatrudnienia i instytucjach rynku pracy) rozumiemy osoby niezatrudnione i nie wykonujące innej pracy zarobkowej, zdolne i gotowe do podjęcia zatrudnienia w pełnym wymiarze czasu pracy (bądź jeśli są to osoby niepełnosprawne - zdolne i gotowe do podjęcia zatrudnienia co najmniej w połowie tego wymiaru czasu pracy), nieuczące się w szkole z wyjątkiem szkół dla dorosłych lub szkół wyższych w systemie wieczorowym albo zaocznym, zarejestrowane we właściwym dla miejsca zameldowania (stałego lub czasowego) powiatowym urzędzie pracy oraz poszukujące zatrudnienia lub innej pracy zarobkowej, jeżeli spełniają określone w Ustawie warunki.",2024,24.59,,24.59
powiat myślenicki,RYNEK PRACY,Bezrobotni w wieku 55 lat i więcej,"Wyrażony w % udział bezrobotnych powyżej 55. roku życia w liczbie bezrobotnych ogółem. Do kategorii osób bezrobotnych wlicza się wyłącznie osoby zarejestrowane w powiatowych urzędach pracy. Przez bezrobotnych ( za Ustawą z dnia 20 kwietnia 2004 r. o promocji zatrudnienia i instytucjach rynku pracy) rozumiemy osoby niezatrudnione i nie wykonujące innej pracy zarobkowej, zdolne i gotowe do podjęcia zatrudnienia w pełnym wymiarze czasu pracy (bądź jeśli są to osoby niepełnosprawne - zdolne i gotowe do podjęcia zatrudnienia co najmniej w połowie tego wymiaru czasu pracy), nieuczące się w szkole z wyjątkiem szkół dla dorosłych lub szkół wyższych w systemie wieczorowym albo zaocznym, zarejestrowane we właściwym dla miejsca zameldowania (stałego lub czasowego) powiatowym urzędzie pracy oraz poszukujące zatrudnienia lub innej pracy zarobkowej, jeżeli spełniają określone w Ustawie warunki.",2024,17.13,,17.13
powiat myślenicki,RYNEK PRACY,Prowadzący działalność gospodarczą,Osoby fizyczne prowadzące działalność gospodarczą na 100 osób w wieku produkcyjnym. Dane bez osób prowadzących gospodarstwa indywidualne w rolnictwie.,2024,17.66,,17.66
powiat myślenicki,RYNEK PRACY,Zatrudnienie w branży finansowej i nieruchomościach,"Wyrażony w % udział pracujących w branży finansowej i nieruchomościach w stosunku do ogółu pracujących. Dane do 2021 roku bez podmiotów gospodarczych o liczbie pracujących do 9 osób. Podział branż jest zgodny z PKD 2007. Dotyczy sekcji: ""Działalność finansowa i ubezpieczeniowa; obsługa rynku nieruchomości"". W związku z wprowadzonymi zmianami metodologicznymi w pozyskiwaniu danych dotyczących: pracujących, zatrudnionych oraz przeciętnego zatrudnienia według PKD, dane od 2022 roku nie mogą być porównywane z danymi dla lat poprzednich.",2024,0.99,,0.99
powiat myślenicki,RYNEK PRACY,Zatrudnienie w rolnictwie,"Wyrażony w % udział pracujących w rolnictwie w stosunku do ogółu pracujących. Dane łącznie z rolnictwem indywidualnym. Dane dotyczące pracujących w gospodarstwach indywidualnych w rolnictwie według stanu w dniu 31 XII w latach 2002-2009 wyszacowano na podstawie wyników Narodowego Spisu Powszechnego Ludności i Mieszkań oraz Powszechnego Spisu Rolnego 2002 oraz w 2010 r. na podstawie Powszechnego Spisu Rolnego 2010. Podział branż jest zgodny z PKD 2007. Dotyczy sekcji: ""Rolnictwo, leśnictwo, łowiectwo i rybactwo"". W związku z wprowadzonymi zmianami metodologicznymi w pozyskiwaniu danych dotyczących: pracujących, zatrudnionych oraz przeciętnego zatrudnienia według PKD, dane od 2022 roku nie mogą być porównywane z danymi dla lat poprzednich.",2024,17.61,,17.61
powiat myślenicki,RYNEK PRACY,Zatrudnienie w przemyśle i budownictwie,"Wyrażony w % udział pracujących w przemyśle i budownictwie w stosunku do ogółu pracujących. Dane do 2021 roku bez podmiotów gospodarczych o liczbie pracujących do 9 osób. Podział branż jest zgodny z PKD 2007. Pod pojęciem ""Przemysł i budownictwo"" rozumie się sekcje: ""Górnictwo i wydobywanie""; ""Przetwórstwo przemysłowe""; ""Wytwarzanie i zaopatrywanie w energię elektryczną, gaz, parę wodną i gorącą wodę""; ""Dostawa wody; gospodarowanie ściekami i odpadami; rekultywacja"" oraz ""Budownictwo"". W związku z wprowadzonymi zmianami metodologicznymi w pozyskiwaniu danych dotyczących: pracujących, zatrudnionych oraz przeciętnego zatrudnienia według PKD, dane od 2022 roku nie mogą być porównywane z danymi dla lat poprzednich.",2024,35.87,,35.87
powiat myślenicki,RYNEK PRACY,"Zatrudnienie w handlu, transporcie, turystyce, informacji i komunikacji","Wyrażony w % udział pracujących w handlu, transporcie, turystyce, informacji i komunikacji w stosunku do ogółu pracujących. Dane do 2021 roku bez podmiotów gospodarczych o liczbie pracujących do 9 osób. Podział branż jest zgodny z PKD 2007. Dotyczy sekcji: ""Handel""; ""Naprawa pojazdów samochodowych""; ""Transport i gospodarka magazynowa""; ""Zakwaterowanie i gastronomia"" oraz ""Informacja i komunikacja"". W związku z wprowadzonymi zmianami metodologicznymi w pozyskiwaniu danych dotyczących: pracujących, zatrudnionych oraz przeciętnego zatrudnienia według PKD, dane od 2022 roku nie mogą być porównywane z danymi dla lat poprzednich.",2024,22.63,,22.63
powiat myślenicki,RYNEK PRACY,Zatrudnienie w pozostałych usługach,"Wyrażony w % udział pracujących w pozostałych usługach w stosunku do ogółu pracujących. Dane do 2021 roku bez podmiotów gospodarczych o liczbie pracujących do 9 osób. Podział branż jest zgodny z PKD 2007. Pod pojęciem ""Pozostałe usługi"" rozumie się sekcje: ""Działalność profesjonalna, naukowa i techniczna""; ""Administrowanie i działalność wspierająca""; ""Administracja publiczna i obrona narodowa, obowiązkowe zabezpieczenia społeczne""; ""Edukacja""; ""Opieka zdrowotna i pomoc społeczna""; ""Działalność związana z kulturą rozrywką i rekreacją"" oraz ""Pozostała działalność usługowa"". W związku z wprowadzonymi zmianami metodologicznymi w pozyskiwaniu danych dotyczących: pracujących, zatrudnionych oraz przeciętnego zatrudnienia według PKD, dane od 2022 roku nie mogą być porównywane z danymi dla lat poprzednich.",2024,22.90,,22.90
powiat myślenicki,MOBILNOŚĆ,Saldo migracji stałych,"Wskaźnik migracji stałych - różnica między napływem a odpływem ludności z danego obszaru w danym czasie. Saldo migracji stałych uwzględnia zarazem dane ze stałych migracji zewnętrznych jak i wewnętrznych. Migracje stałe to takie, które wiążą się ze zmianą miejsca zamieszkania na pobyt stały. W świetle prawa polskiego, tego typu migracje związane są z dokonaniem w biurze ewidencji ludności zameldowania lub wymeldowania. W 2015 roku GUS zrezygnował z opublikowania danych dotyczących migracji zagranicznych z powodu braku ich kompletności. Dlatego niemożliwe było określenie poziomu migracji stałych za rok 2015.",2024,285.00,,285.00
powiat myślenicki,MOBILNOŚĆ,Saldo migracji zagranicznych,Wskaźnik migracji zagranicznych - różnica między odpływem zagranicę a napływem do kraju ludności w danym czasie.,2024,38.00,,38.00
powiat myślenicki,BUDŻETY GMIN,Wydatki budżetów gmin ogółem,"Wskaźnik wydatków gmin - wydatki budżetów gmin i miast na prawach powiatów w przeliczeniu na jednego mieszkańca. Dane stanowią sumę wydatków na rolnictwo, transport, gospodarkę komunalną, gosp. mieszkaniową, oświatę i wychowanie, kulturę i sztukę, ochronę zdrowia, kulturę fizyczną i sport, a także wydatki na administrację samorządową. Wydatki te są sklasyfikowane w rozporządzeniu Ministra Finansów z dnia 14 czerwca 2006 r. w sprawie szczegółowej klasyfikacji dochodów, wydatków, przychodów i rozchodów oraz środków pochodzących ze źródeł zagranicznych (Dz. U. 2006 r. Nr 107, poz.726, z późn. zm.). Wartości podawane są w złotówkach.",2024,7418.66,,7418.66
powiat myślenicki,BUDŻETY GMIN,Wydatki budżetów gmin - oświata i wychowanie,"Wskaźnik wydatków gmin na oświatę i wychowanie - wydatki budżetów gmin i miast na prawach powiatów na oświatę i wychowanie w przeliczeniu na jednego mieszkańca. Dane stanowią sumę wydatków sklasyfikowanych w dziale 801 rozporządzenia Ministra Finansów z dnia 14 czerwca 2006 r. w sprawie szczegółowej klasyfikacji dochodów, wydatków, przychodów i rozchodów oraz środków pochodzących ze źródeł zagranicznych (Dz. U. 2006 r. Nr 107, poz.726, z późn. zm.). Wartości podawane są w złotówkach.",2024,3356.58,,3356.58
powiat myślenicki,BUDŻETY GMIN,Wydatki budżetów gmin - kultura,"Wskaźnik wydatków gmin na kulturę i ochronę dziedzictwa narodowego - wydatki budżetów gmin i miast na prawach powiatów na kulturę i ochronę dziedzictwa narodowego w przeliczeniu na jednego mieszkańca. Dane stanowią sumę wydatków sklasyfikowanych w dziale 921 rozporządzenia Ministra Finansów z dnia 14 czerwca 2006 r. w sprawie szczegółowej klasyfikacji dochodów, wydatków, przychodów i rozchodów oraz środków pochodzących ze źródeł zagranicznych (Dz. U. 2006 r. Nr 107, poz.726, z późn. zm.). Wartości podawane są w złotówkach.",2024,241.09,,241.09
powiat myślenicki,BUDŻETY GMIN,Wydatki budżetów gmin - pomoc społeczna,"Wskaźnik wydatków gmin na pomoc społeczną - wydatki budżetów gmin i miast na prawach powiatów na pomoc społeczną i pozostałe zadania w zakresie polityki społecznej w przeliczeniu na jednego mieszkańca. Dane stanowią sumę wydatków sklasyfikowanych w działach 852 i 853 rozporządzenia Ministra Finansów z dnia 14 czerwca 2006 r. w sprawie szczegółowej klasyfikacji dochodów, wydatków, przychodów i rozchodów oraz środków pochodzących ze źródeł zagranicznych (Dz. U. 2006 r. Nr 107, poz.726, z późn. zm.). Dane podawane są w złotówkach.",2024,370.08,,370.08
powiat nowosądecki,LUDNOŚĆ,Ludność ogółem,Liczba ludności zamieszkałej na danym terenie (dane zgodnie z faktycznym miejscem zamieszkania wg podziału administracyjnego na dzień 31 XII).,2024,214876,,214876
powiat nowosądecki,LUDNOŚĆ,Ludność w wieku przedprodukcyjnym,Udział ludności w wieku przedprodukcyjnym w liczbie ludności ogółem. Przez ludność w wieku przedprodukcyjnym rozumie się ludność w wieku do 17 roku życia.,2024,22.71,%,22.71%
powiat nowosądecki,LUDNOŚĆ,Ludność w wieku produkcyjnym,"Udział ludności w wieku produkcyjnym w liczbie ludności ogółem. Przez ludność w wieku produkcyjnym rozumie się ludność w wieku zdolności do pracy. Dla mężczyzn przyjęto wiek 18-64 lata, dla kobiet 18-59 lat.",2024,59.23,%,59.23%
powiat nowosądecki,LUDNOŚĆ,Ludność w wieku poprodukcyjnym,Udział ludności w wieku emerytalnym w liczbie ludności ogółem. Przez ludność w wieku poprodukcyjnym rozumie się ludność w wieku od 64 lat - dla mężczyzn i od 59 lat - dla kobiet.,2024,18.06,%,18.06%
powiat nowosądecki,LUDNOŚĆ,Ludność w wieku 60+,Udział ludności w wieku 60 i więcej lat w liczbie ludności ogółem.,2024,21.02,%,21.02%
powiat nowosądecki,LUDNOŚĆ,Wskaźnik podwójnego starzenia,Udział osób w wieku 80 i więcej lat w grupie osób wieku 60 i więcej lat.,2024,16.58,%,16.58%
powiat nowosądecki,LUDNOŚĆ,Wskaźnik wsparcia osób najstarszych,Liczba osób w wieku 85 lat i więcej przypadająca na 100 osób w wieku 50–64 lata,2024,10,,10
powiat nowosądecki,LUDNOŚĆ,Potencjał pielęgnacyjny,Liczba kobiet w wieku 45-64 lata (potencjalnych opiekunów rodzinnych) przypadających na 100 osób w wieku 80 i więcej lat,2024,365,,365
powiat nowosądecki,LUDNOŚĆ,Wskaźnik obciążenia demograficznego,Wskaźnik obciążenia demograficznego - ludność w wieku nieprodukcyjnym przypadająca na 100 osób w wieku produkcyjnym. Przez ludność w wieku produkcyjnym rozumie się osoby w wieku zdolności do pracy tj. mężczyźni w wieku 18 - 64 lat oraz kobiety w wieku 18 - 59.,2024,68.80,,68.80
powiat nowosądecki,LUDNOŚĆ,Przyrost naturalny na 1 000 ludności,Różnica między liczbą urodzeń żywych a liczbą zgonów w danym roku (bez rozróżnienia na płeć).,2024,0.81,,0.81
powiat nowosądecki,LUDNOŚĆ,Wskaźnik feminizacji,Wskaźnik feminizacji - wielkość demograficzna określająca ile kobiet przypada na 100 mężczyzn na danym terenie.,2024,100.75,,100.75
powiat nowosądecki,LUDNOŚĆ,Wskaźnik maskulinizacji,Wskaźnik maskulinizacji - wielkość demograficzna określająca ilu mężczyzn przypada na 100 kobiet na danym terenie.,2024,99.26,,99.26
powiat nowosądecki,LUDNOŚĆ,Wskaźnik gęstości zaludnienia,Wskaźnik gęstości zaludnienia - liczba mieszkańców przypadająca na 1 km².,2024,138.60,,138.60
powiat nowosądecki,LUDNOŚĆ,Wskaźnik urbanizacji,"Wskaźnik urbanizacji - udział mieszkańców miast w liczbie mieszkańców ogółem. Do wyliczenia wskaźnika posłużono się danymi na temat ludności faktycznie zamieszkałej na dzień 31 XII każdego roku. Ludnośc faktycznie zamieszkała obejmuje: a) stałych mieszkańców, z wyjatkiem osób przebywających poza miejscem zamieszkania przez okres powyżej 3 miesięcy w kraju oraz obejmuje wszystkie osoby przebywajace za granicą (bez względu na okres ich nieobecności) b) osoby przebywające czasowo przez okres powyżej 3 miesięcy, przybyłe z innego miejsca w kraju. Dane za lata 2010 - 2021 bazują na wynikach Narodowego Spisu Powszechnego Ludności i Mieszkań 2011.",2024,15.69,%,15.69%
powiat nowosądecki,LUDNOŚĆ,Małżeństwa na 1000 mieszkańców,Liczba zawartych małżeństw w przeliczeniu na 1000 mieszkańców.,2024,3.90,,3.90
powiat nowosądecki,LUDNOŚĆ,Urodzenia na 1000 mieszkańców,Liczba urodzeń żywych w przeliczeniu na 1000 mieszkańców.,2024,8.80,,8.80
powiat nowosądecki,LUDNOŚĆ,Zgony na 1000 mieszkańców,Liczba zgonów w przeliczeniu na 1000 mieszkańców.,2024,7.99,,7.99
powiat nowosądecki,LUDNOŚĆ,Wskaźnik/ indeks starości,"Relacja pokoleniowa dziadków i wnuczków, tj. liczba osób w wieku 65 i więcej lat przypadająca na 100 osób w wieku 0-14 lat",2024,81,,81
powiat nowosądecki,LUDNOŚĆ,Ludność w wieku 65+/ Współczynnik starości demograficznej,Relacja liczby osób w starszym wieku (65 lat i więcej) do ogólnej liczby ludności.,2024,15.12,%,15.12%
powiat nowosądecki,LUDNOŚĆ,Wskaźnik potencjalnego wsparcia,Liczba osób w wieku 15-64 lata przypadająca na 100 osób w wieku 65 lat i więcej. Przedstawia tzw. obciążenie - ile osób hipotetycznie pozostających na rynku pracy przypada na 1 osobę (100 osób) będącą już poza rykiem pracy (odwrotność cząstkowego współczynnika obciążenia demograficznego osobami starszymi).,2024,438,,438
powiat nowosądecki,POMOC SPOŁECZNA - K,Liczba mieszkańców na 1 pracownika socjalnego,Liczba mieszkańców przypadająca na jednego pracownika socjalnego zatrudnionego w ośrodku pomocy społecznej.,2024,2066,,2066
powiat nowosądecki,POMOC SPOŁECZNA - K,Pracownicy socjalni OPS posiadający wyższe wykształcenie,Udział pracowników socjalnych posiadających wyższe wykształcenie w ogólnej licznie pracowników socjalnych.,2024,73.33,%,73.33%
powiat nowosądecki,POMOC SPOŁECZNA - K,Pracownicy socjalni OPS posiadający I stopień specjalizacji w zawodzie pracownik socjalny,Udział pracowników socjalnych OPS posiadających I stopień specjalizacji w zawodzie pracownik socjalny w ogólnej liczbie pracowników socjalnych.,2024,18.10,%,18.10%
powiat nowosądecki,POMOC SPOŁECZNA - K,Pracownicy socjalni OPS posiadający II stopień specjalizacji w zawodzie pracownik socjalny,Udział pracowników socjalnych posiadających II stopień specjalizacji w zawodzie pracownik socjalny w ogólnej liczbie pracowników socjalnych.,2024,3.81,%,3.81%
powiat nowosądecki,POMOC SPOŁECZNA - P,Alkoholizm,Odsetek klientów pomocy społecznej korzystających ze wsparcia z powodu alkoholizmu (na podstawie danych o rzeczywistej liczbie osób w rodzinach objętych pomocą społeczną).,2024,1.97,%,1.97%
powiat nowosądecki,POMOC SPOŁECZNA - P,Bezdomność,Odsetek klientów pomocy społecznej korzystających ze wsparcia z powodu bezdomności (na podstawie danych o rzeczywistej liczbie osób w rodzinach objętych pomocą społeczną).,2024,0.54,%,0.54%
powiat nowosądecki,POMOC SPOŁECZNA - P,Bezradność w sprawach opiekuńczo-wychowawczych i prowadzenia gosp. dom.,Odsetek klientów pomocy społecznej korzystających ze wsparcia z powodu bezradności w sprawach opiekuńczo-wychowawczych i prowadzenia gospodarstwa domowego (na podstawie danych o rzeczywistej liczbie osób w rodzinach objętych pomocą społeczną).,2024,6.18,%,6.18%
powiat nowosądecki,POMOC SPOŁECZNA - P,Bezrobocie,Odsetek klientów pomocy społecznej korzystających ze wsparcia z powodu bezrobocia (na podstawie danych o rzeczywistej liczbie osób w rodzinach objętych pomocą społeczną).,2024,21.28,%,21.28%
powiat nowosądecki,POMOC SPOŁECZNA - P,Długotrwała lub ciężka choroba,Odsetek klientów pomocy społecznej korzystających ze wsparcia z powodu długotrwałej bądź ciężkiej choroby (na podstawie danych o rzeczywistej liczbie osób w rodzinach objętych pomocą społeczną).,2024,34.65,%,34.65%
powiat nowosądecki,POMOC SPOŁECZNA - P,Narkomania,Odsetek klientów pomocy społecznej korzystających ze wsparcia z powodu narkomanii (na podstawie danych o rzeczywistej liczbie osób w rodzinach objętych pomocą społeczną).,2024,0.20,%,0.20%
powiat nowosądecki,POMOC SPOŁECZNA - P,Niepełnosprawność,Odsetek klientów pomocy społecznej korzystających ze wsparcia z powodu niepełnosprawności (na podstawie danych o rzeczywistej liczbie osób w rodzinach objętych pomocą społeczną).,2024,25.94,%,25.94%
powiat nowosądecki,POMOC SPOŁECZNA - P,Potrzeba ochrony macierzyństwa,Odsetek klientów pomocy społecznej korzystających ze wsparcia z powodu potrzeby ochrony macierzyństwa (na podstawie danych o rzeczywistej liczbie osób w rodzinach objętych pomocą społeczną).,2024,51.35,%,51.35%
powiat nowosądecki,POMOC SPOŁECZNA - P,Przemoc domowa,Odsetek klientów pomocy społecznej korzystających ze wsparcia z powodu przemocy domowej (na podstawie danych o rzeczywistej liczbie osób w rodzinach objętych pomocą społeczną).,2024,1.03,%,1.03%
powiat nowosądecki,POMOC SPOŁECZNA - P,Sieroctwo,Odsetek klientów pomocy społecznej korzystających ze wsparcia z powodu sieroctwa (na podstawie danych o rzeczywistej liczbie osób w rodzinach objętych pomocą społeczną).,2024,0.08,%,0.08%
powiat nowosądecki,POMOC SPOŁECZNA - P,Sytuacja kryzysowa,Odsetek klientów pomocy społecznej korzystających ze wsparcia z powodu sytuacji kryzysowej (na podstawie danych o rzeczywistej liczbie osób w rodzinach objętych pomocą społeczną).,2024,0.14,%,0.14%
powiat nowosądecki,POMOC SPOŁECZNA - P,Ubóstwo,Odsetek klientów pomocy społecznej korzystających ze wsparcia z powodu ubóstwa (na podstawie danych o rzeczywistej liczbie osób w rodzinach objętych pomocą społeczną).,2024,34.37,%,34.37%
powiat nowosądecki,POMOC SPOŁECZNA - P,Wielodzietność,Odsetek klientów pomocy społecznej korzystających ze wsparcia z powodu wielodzietności (na podstawie danych o rzeczywistej liczbie osób w rodzinach objętych pomocą społeczną).,2024,49.30,%,49.30%
powiat nowosądecki,POMOC SPOŁECZNA - P,Zdarzenie losowe,Odsetek klientów pomocy społecznej korzystających ze wsparcia z powodu zdarzenia losowego (na podstawie danych o rzeczywistej liczbie osób w rodzinach objętych pomocą społeczną).,2024,3.11,%,3.11%
powiat nowosądecki,POMOC SPOŁECZNA - B,Beneficjenci pomocy społecznej,"Udział osób korzystających z pomocy społecznej w liczbie ludności ogółem - na podstawie danych o rzeczywistej liczbie osób w rodzinach objętych pomocą społeczną (świadczenia przyznane w ramach zadań zleconych i własnych bez względu na rodzaj, formę, liczbę oraz źródło finansowania).",2024,5.48,%,5.48%
powiat nowosądecki,POMOC SPOŁECZNA - B,Rodziny niepełne objęte pomocą społeczną,"Wskaźnik pomocy społecznej udzielonej rodzinom niepełnym - udział rodzin niepełnych objętych pomocą (w której skład wchodzi jedno z rodziców z dzieckiem/ dziećmi) w liczbie wszystkich rodzin z dziećmi, którym udzielono pomocy.",2024,18.62,%,18.62%
powiat nowosądecki,POMOC SPOŁECZNA - B,Rodziny wielodzietne objęte pomocą społeczną,"Wskaźnik pomocy społecznej udzielonej rodzinom wielodzietnym - udział rodzin wielodzietnych (3 dzieci i więcej) objętych pomocą w liczbie wszystkich rodzin z dziećmi, którym udzielono pomocy.",2024,51.67,%,51.67%
powiat nowosądecki,POMOC SPOŁECZNA - B,Rodziny emerytów i rencistów objęte pomocą społeczną,"Wskaźnik pomocy społecznej udzielonej rodzinom emerytów i rencistów - udział rodzin emerytów i rencistów objętych pomocą w liczbie wszystkich rodzin, którym udzielono pomocy.",2024,21.26,%,21.26%
powiat nowosądecki,POMOC SPOŁECZNA - B,Pensjonariusze DPS nieopuszczający łóżek,Odsetek pensjonariuszy Domów Pomocy Społecznej nieopuszczających łóżek. Dane na temat liczby mieszkańców Domów Pomocy Społecznej zebrano wg. stanu na dzień 31 grudnia. W statystykach uwzględniono mieszkańców Domów Pomocy Społecznej i podmiotów niepublicznych w roku sprawozdawczym.,2024,7.47,%,7.47%
powiat nowosądecki,POMOC SPOŁECZNA - B,Pensjonariusze DPS do 18 roku życia,Odsetek pensjonariuszy Domów Pomocy Społecznej w wieku do18 roku życia. Dane na temat liczby mieszkańców Domów Pomocy Społecznej zebrano wg. stanu na dzień 31 grudnia. W statystykach uwzględniono mieszkańców Domów Pomocy Społecznej i podmiotów niepublicznych w roku sprawozdawczym.,2024,0.00,%,0.00%
powiat nowosądecki,POMOC SPOŁECZNA - B,Pensjonariusze DPS w wieku 19-40 lat,Odsetek pensjonariuszy Domów Pomocy Społecznej wieku 19-40 lat. Dane na temat liczby mieszkańców Domów Pomocy Społecznej zebrano wg. stanu na dzień 31 grudnia. W statystykach uwzględniono mieszkańców Domów Pomocy Społecznej i podmiotów niepublicznych w roku sprawozdawczym.,2024,5.69,%,5.69%
powiat nowosądecki,POMOC SPOŁECZNA - B,Pensjonariusze DPS w wieku 41-60 lat,Odsetek pensjonariuszy Domów Pomocy Społecznej wieku 41-60 lat. Dane na temat liczby mieszkańców Domów Pomocy Społecznej zebrano wg. stanu na dzień 31 grudnia. W statystykach uwzględniono mieszkańców Domów Pomocy Społecznej i podmiotów niepublicznych w roku sprawozdawczym.,2024,23.13,%,23.13%
powiat nowosądecki,POMOC SPOŁECZNA - B,Pensjonariusze DPS w wieku 61-74 lat,Odsetek pensjonariuszy Domów Pomocy Społecznej wieku 60-74 lat. Dane na temat liczby mieszkańców Domów Pomocy Społecznej zebrano wg. stanu na dzień 31 grudnia. W statystykach uwzględniono mieszkańców Domów Pomocy Społecznej i podmiotów niepublicznych w roku sprawozdawczym.,2024,37.37,%,37.37%
powiat nowosądecki,POMOC SPOŁECZNA - B,Pensjonariusze DPS w wieku powyżej 74 lat,Odsetek pensjonariuszy Domów Pomocy Społecznej wieku powyżej 74 lat. Dane na temat liczby mieszkańców Domów Pomocy Społecznej zebrano wg. stanu na dzień 31 grudnia. W statystykach uwzględniono mieszkańców Domów Pomocy Społecznej i podmiotów niepublicznych w roku sprawozdawczym.,2024,33.81,%,33.81%
powiat nowosądecki,Sheet6,Świadczenia pieniężne z pomocy społecznej,Odsetek korzystających ze świadczeń pieniężnych w ogólnej liczbie świadczeniobiorców pomocy społecznej (liczba osób w rodzinach),2024,57.95,%,57.95%
powiat nowosądecki,Sheet6,Świadczenia niepieniężne z pomocy społecznej,Odsetek korzystających ze świadczeń niepieniężnych w ogólnej liczbie świadczeniobiorców pomocy społecznej (liczba osób w rodzinach),2024,72.51,%,72.51%
powiat nowosądecki,Sheet6,Osoby korzystające z usług opiekuńczych i specjalistycznych usług opiekuńczych,Liczba osób korzystających z usług opiekuńczych (w tym specjalistycznych usług opiekuńczych).,2024,392,,392
powiat nowosądecki,Sheet6,Osoby korzystające ze specjalistycznych usług opiekuńczych dla osób z zaburzeniami psychicznymi,Liczba osób korzystających ze specjalistycznych usług opiekuńczych w miejscu zamieszkania dla osób z zaburzeniami psychicznymi.,2024,39,,39
powiat nowosądecki,Sheet6,Osoby objęte kontraktami socjalnymi,Udział osób objętych kontraktami socjalnymi w ogólnej liczbie osób w rodzinach świadczeniobiorców pomocy społecznej.,2024,0.51,%,0.51%
powiat nowosądecki,Sheet6,Osoby objęte dożywianiem na 1000 mieszkańców,Wskaźnik pomocy w zakresie dożywiania - liczba osób objętych pomocą państwa w zakresie dożywiania w przeliczeniu na 1000 mieszkańców.,2024,31,,31
powiat nowosądecki,Sheet6,Udział dzieci w ogóle osób objętych dożywianiem,"Udział dzieci w liczbie wszystkich osób objętych pomocą państwa w zakresie dożywiania. Sprawozdanie z realizacji programu ""Pomoc Państwa w zakresie dożywiania"" do 2013 roku obejmowało dzieci do lat 7. Od 2014 roku w sprawozdaniu liczba dzieci jest określona na podstawie momentu rozpoczęcia nauki w szkole podstawowej.",2024,22,%,22%
powiat nowosądecki,Sheet6,Udział uczniów w ogóle osób objętych dożywianiem,Udział dzieci w wieku szkolnym (uczniowie do czasu ukończenia szkoły ponadgimnazjalnej) w liczbie wszystkich osób objętych pomocą państwa w zakresie dożywiania.,2024,45,%,45%
powiat nowosądecki,POMOC SPOŁECZNA I O,Centra integracji społecznej,Liczba centrów integracji społecznej działających na danym terenie. Stan na 31 XII.,2024,0,,0
powiat nowosądecki,POMOC SPOŁECZNA I O,Domy pomocy społecznej,Liczba domów pomocy społecznej działających na danym terenie (bez podziału na typy).,2024,5,,5
powiat nowosądecki,POMOC SPOŁECZNA I O,Dzienne domy pomocy,Liczba dziennych domów pomocy działających na danym terenie. Stan na 31 XII.,2024,3,,3
powiat nowosądecki,POMOC SPOŁECZNA I O,Placówki specjalistycznego poradnictwa - jednostki  powiatowe,"Liczba jednostek specjalistycznego poradnictwa działających w powiatach. Stan na 31 XII. Wskaźnik zasilany od 2021 r. w związku ze zmianami monitorowania danych w sprawozdaniach resortowych. Zastąpił on wskaźnik ""Placówki specjalistycznego poradnictwa""",2024,0,,0
powiat nowosądecki,POMOC SPOŁECZNA I O,Placówki specjalistycznego poradnictwa,Liczba jednostek specjalistycznego poradnictwa działających na danym terenie. Stan na 31 XII. Od 2021 roku ze względu na brak kontynuacji monitorowania danych w sprawozdaniach resortowych wskaźnik nie jest już aktualizowany.,2024,0,,0
powiat nowosądecki,POMOC SPOŁECZNA I O,Kluby integracji społecznej,Liczba klubów integracji społecznej działających na danym terenie.,2024,0,,0
powiat nowosądecki,POMOC SPOŁECZNA I O,Mieszkania treningowe oraz wspomagane,"Liczba mieszkań treningowe oraz wspomaganych działających na danym terenie. Stan na 31 XII. Do 2022 r. w systemie funkcjonowały mieszkania chronione, natomiast od 2023 r. funkcjonują mieszkania treningowe oraz wspomagane.",2024,8,,8
powiat nowosądecki,POMOC SPOŁECZNA I O,"Noclegownie, schroniska i domy dla osób bezdomnych","Liczba noclegowni, schronisk i domów dla osób bezdomnych działających na danym terenie.",2024,0,,0
powiat nowosądecki,POMOC SPOŁECZNA I O,Ośrodki interwencji kryzysowej,Liczba ośrodków interwencji kryzysowej działających na danym terenie. Stan na 31 XII.,2024,0,,0
powiat nowosądecki,POMOC SPOŁECZNA I O,Placówki opiekuńczo-wychowawcze,Liczba placówek opiekuńczo-wychowawczych działających na danym terenie (bez podziału na typy). Stan na 31 XII.,2024,3,,3
powiat nowosądecki,POMOC SPOŁECZNA I O,Placówki wsparcia dziennego,Liczba placówek wsparcia dziennego działających na danym terenie. Stan na 31 XII.,2024,18,,18
powiat nowosądecki,POMOC SPOŁECZNA I O,"Placówki zapewniające całodobową opiekę osobom niepełnosprawnym, przewlekle chorym lub osobom w podeszłym wieku","Liczba placówek zapewniających całodobową opiekę osobom niepełnosprawnym, przewlekle chorym lub osobom w podeszłym wieku działających na danym terenie (w oparciu zarówno o działalność gospodarczą, jak i o działalność statutową). Stan na 31 XII.",2024,2,,2
powiat nowosądecki,POMOC SPOŁECZNA I O,Środowiskowe domy samopomocy,Liczba środowiskowych domów samopomocy działających na danym terenie. Stan na 31 XII.,2024,4,,4
powiat nowosądecki,POMOC SPOŁECZNA I O,Zakłady aktywności zawodowej,Liczba zakładów aktywności zawodowej działających na danym terenie.,2024,2,,2
powiat nowosądecki,PIECZA ZASTĘPCZA,Stopień deinstytucjonalizacji pieczy zastępczej,"Stosunek liczby dzieci w rodzinnej pieczy zastępczej (dzieci przebywające w rodzinach zastępczych, rodzinnych domach dziecka i w placówkach opiekuńczo-wychowawczych typu rodzinnego) do liczby wszystkich dzieci w pieczy zastępczej. Do wskaźnika nie wliczono dzieci umieszczonych w rodzinach zastępczych spokrewnionych (definicja zaczerpnięta z raportu ""Postępy deinstytucjonalizacji pieczy zastępczej""; Warszawa 2018 r.). Dane zbierane przez MRiPS regularnie (co pół roku) w sprawozdaniach resortowych.",2024,68.00,%,68.00%
powiat nowosądecki,PIECZA ZASTĘPCZA,Intensywność pieczy zastępczej,"Liczba dzieci poniżej 18. roku życia przebywających w pieczy zastępczej w stosunku do liczby wszystkich dzieci w wieku poniżej 18 roku życia na danym terenie w przeliczeniu na 1000 dzieci (definicja zaczerpnięta z raportu ""Postępy deinstytucjonalizacji pieczy zastępczej""; Warszawa 2018 r.). Dane zbierane przez MRiPS regularnie (co pół roku) w sprawozdaniach resortowych.",2024,3.40,,3.40
powiat nowosądecki,PIECZA ZASTĘPCZA,Liczba rodzin zastępczych,"Liczba rodzin zastępczych funkcjonujących na danym obszarze. Rodzina zastępcza jest jedną z form rodzinnej pieczy zastępczej, sprawowanej w przypadku niemożności zapewnienia dziecku opieki i wychowania przez rodziców.",2024,100,,100
powiat nowosądecki,PIECZA ZASTĘPCZA,Liczba dzieci w rodzinach zastępczych,"Liczba dzieci wychowujących się w rodzinach zastępczych na danym obszarze. Rodzina zastępcza jest jedną z form rodzinnej pieczy zastępczej, sprawowanej w przypadku niemożności zapewnienia dziecku opieki i wychowania przez rodziców. Do roku 2011 dane pochodzą ze sprawozdania MPiPS-03; od roku 2012 dane pochodzą ze sprawozdania Ocena Zasobów Pomocy Społecznej.",2024,157,,157
powiat nowosądecki,ZDROWIE,Dostępność aptek,"Wskaźnik dostępności do aptek - liczba osób przypadająca na jedną aptekę ogólnodostępną. Apteka, zgodnie z Ustawą ""Prawo farmaceutyczne"" z dnia 6 września 2001 r. to placówka ochrony zdrowia publicznego, w której osoby uprawnione świadczą w szczególności usługi farmaceutyczne obejmujące zadania określone w ustawie.",2024,4671,,4671
powiat nowosądecki,ZDROWIE,Zgony z powodu chorób nowotworowych,Wskaźnik umieralności z powodu choroby nowotworowej - udział zgonów z powodu choroby nowotworowej w liczbie zgonów ogółem. Dane do wskaźnika pochodzą z kart statystycznych do kart zgonów.,2024,24.80,%,24.80%
powiat nowosądecki,ZDROWIE,Zgony z powodu chorób układu krążenia,Wskaźnik umieralności z powodu chorób układu krążenia - udział zgonów z powodu chorób układu krążenia w liczbie zgonów ogółem. Dane do wskaźnika pochodzą z kart statystycznych do kart zgonów.,2024,40.60,%,40.60%
powiat nowosądecki,"WYNAGRODZENIA, EMERY",Przeciętne wynagrodzenie w relacji do śr. krajowej,Wskaźnik wysokości wynagrodzeń - przeciętne miesięczne wynagrodzenia brutto w gospodarce narodowej w relacji do średniej krajowej (Polska=100%). Wskaźnik pokazuje jaki procent średniej krajowej jest osiągany na danym terenie.,2024,79.10,,79.10
powiat nowosądecki,KULTURA,Wskaźnik dostępności kin,"Wskaźnik dostępności kin - liczba osób przypadających na jedno miejsce na widowni kina. Przez ""miejsce na widowni"" rozumie się każde numerowane miejsce (zarejestrowane) wykorzystywane przez instytucję kultury do stałych prezentacji scenicznych (w stałej sali eksploatowanej przez instytucję artystyczną lub w kinie stałym do prezentacji filmów).",2024,504,,504
powiat nowosądecki,KULTURA,Wskaźnik dostępności domów i ośrodków kultury,"Wskaźnik dostępności domów i ośrodków kultury oraz klubów, świetlic i kół - liczba osób przypadająca na jedną placówkę kultury.",2024,1628,,1628
powiat nowosądecki,KULTURA,Wskaźnik dostępności muzeów,"Wskaźnik dostępności do muzeów - liczba ludności przypadająca na jedną placówkę muzealną. Dane wskaźnikowe bazują na sprawozdaniach z działalności muzeów i instytucji paramuzealnych. Przez placówkę muzealną (za ustawą z dnia 21 listopada 1996 r. o muzeach) rozumiemy jednostkę organizacyjną, nienastawioną na osiąganie zysku, której celem jest sprawowanie opieki nad zabytkami, informowanie o wartościach i treściach gromadzonych zbiorów, upowszechnianie podstawowych wartości historii, nauki i kultury polskiej oraz światowej, kształtowanie wrażliwości poznawczej i estetycznej oraz umożliwianie kontaktu ze zbiorami.",2024,214876,,214876
powiat nowosądecki,KULTURA,Wskaźnik dostępności bibliotek,"Wskaźnik dostępności bibliotek - liczba ludności przydająca na jedną placówkę biblioteczną. W celu wyliczenia wskaźnika zliczono biblioteki, filie i punkty biblioteczne na danym ternie. Dane bazują na sprawozdaniach bibliotek ogólnych. Zgodnie z definicją przyjętą przez GUS przez placówkę biblioteczną rozumie się jednostkę organizacyjną lub jej część posiadającą uporządkowany (zinwentaryzowany) zbiór książek, czasopism i innych materiałów piśmienniczych liczący co najmniej 300 jednostek inwentarzowych, której głównymi celami są tworzenie i obsługa zbiorów oraz udostępnianie ich użytkownikom w sposób kontrolowany.",2024,3907,,3907
powiat nowosądecki,KULTURA,Wskaźnik czytelnictwa,Wskaźnik czytelnictwa - ilość wypożyczeń z księgozbioru przez jednego czytelnika w ciągu roku. Przez księgozbiór rozumie się zbiór obejmujący wydawnictwa nieperiodyczne (książki i broszury) i wydawnictwa periodyczne (gazety i czasopisma).,2024,16,,16
powiat nowosądecki,EDUKACJA,Edukacja przedszkolna,"Wskaźnik edukacji na poziomie przedszkolnym - odsetek dzieci w wieku od 3 do 5 lat uczęszczających do placówek wychowania przedszkolnego. Wskaźnik zbudowano na podstawie sprawozdań przedszkoli i innych form edukacji przedszkolnej. Uwzględniono ośrodki wychowania przedszkolnego prowadzone przez ograny samorządu terytorialnego, jednostki samorządu powiatowego oraz gminnego.",2024,77.30,,77.30
powiat nowosądecki,EDUKACJA,Zdawalność egzaminu maturalnego w technikach,"Wskaźnik zdawalności matur w technikach - procent uczniów klas IV techników, którzy zdali egzamin maturalny.",2024,75.00,,75.00
powiat nowosądecki,EDUKACJA,Zdawalność egzaminu maturalnego w liceach ogólnokształcących,"Wskaźnik zdawalności matur w liceach -procent uczniów klas III liceów ogólnokształcących, którzy zdali egzamin maturalny.",2024,93.00,,93.00
powiat nowosądecki,EDUKACJA,Wyniki egzaminu ósmoklasisty – język polski,"Wyrażony w % średni wynik uczniów uzyskiwany na egzaminie ósmoklasisty w części z języka polskiego (wskaźnik aktualizowany od 2019 roku, w którym uczniowie szkół podstawowych po raz pierwszy przystąpili do egzaminu ósmoklasisty)",2024,64.24,,64.24
powiat nowosądecki,EDUKACJA,Wyniki egzaminu ósmoklasisty – język angielski podstawowy,"Wyrażony w % średni wynik uczniów uzyskiwany na egzaminie ósmoklasisty w części podstawowej z języka angielskiego (wskaźnik aktualizowany od 2019 roku, w którym uczniowie szkół podstawowych po raz pierwszy przystąpili do egzaminu ósmoklasisty)",2024,62.72,,62.72
powiat nowosądecki,EDUKACJA,Wyniki egzaminu ósmoklasisty – matematyka,"Wyrażony w % średni wynik uczniów uzyskiwany na egzaminie ósmoklasisty w części z matematyki (wskaźnik aktualizowany od 2019 roku, w którym uczniowie szkół podstawowych po raz pierwszy przystąpili do egzaminu ósmoklasisty)",2024,52.78,,52.78
powiat nowosądecki,EDUKACJA,Wybory edukacyjne ósmoklasistów – technikum,"Wyrażony w % udział absolwentów szkół podstawowych, którzy wybrali technikum jako miejsce dalszego kształcenia. Wskaźnik obliczony na podstawie liczby uczniów w klasie pierwszej technikum. (wskaźnik aktualizowany od 2020 roku po ostatecznym wygaszeniu szkół gimnazjalnych)",2024,33.48,,33.48
powiat nowosądecki,EDUKACJA,Wybory edukacyjne ósmoklasistów – liceum ogólnokształcące,"Wyrażony w % udział absolwentów szkół podstawowych, którzy wybrali liceum ogólnokształcące jako miejsce dalszego kształcenia. Wskaźnik obliczony na podstawie liczby uczniów w klasie pierwszej liceów ogólnokształcących. (wskaźnik aktualizowany od 2020 roku po ostatecznym wygaszeniu szkół gimnazjalnych)",2024,39.80,,39.80
powiat nowosądecki,EDUKACJA,Wybory edukacyjne ósmoklasistów – szkoła branżowa I stopnia,"Wyrażony w % udział absolwentów szkół podstawowych, którzy wybrali szkołę branżową I stopnia jako miejsce dalszego kształcenia. Wskaźnik obliczony na podstawie liczby uczniów w klasie pierwszej szkół branżowych I stopnia. (wskaźnik aktualizowany od 2020 roku po ostatecznym wygaszeniu szkół gimnazjalnych)",2024,26.72,,26.72
powiat nowosądecki,RYNEK PRACY,Stopa bezrobocia,"Stopa bezrobocia - procentowy udział liczby bezrobotnych w liczbie ludności aktywnej zawodowo (tzn. pracującej i bezrobotnej). Przez bezrobotnych ( za Ustawą z dnia 20 kwietnia 2004 r. o promocji zatrudnienia i instytucjach rynku pracy) rozumiemy osoby niezatrudnione i nie wykonujące innej pracy zarobkowej, zdolne i gotowe do podjęcia zatrudnienia w pełnym wymiarze czasu pracy (bądź jeśli są to osoby niepełnosprawne - zdolne i gotowe do podjęcia zatrudnienia co najmniej w połowie tego wymiaru czasu pracy), nieuczące się w szkole z wyjątkiem szkół dla dorosłych lub szkół wyższych w systemie wieczorowym albo zaocznym, zarejestrowane we właściwym dla miejsca zameldowania (stałego lub czasowego) powiatowym urzędzie pracy oraz poszukujące zatrudnienia lub innej pracy zarobkowej, jeżeli spełniają określone w Ustawie warunki.",2024,7.80,,7.80
powiat nowosądecki,RYNEK PRACY,Bezrobocie kobiet,"Bezrobocie kobiet - Wyrażony w % udział bezrobotnych kobiet w liczbie bezrobotnych ogółem. Do kategorii osób bezrobotnych wlicza się wyłącznie osoby zarejestrowane w powiatowych urzędach pracy. Przez bezrobotnych ( za Ustawą z dnia 20 kwietnia 2004 r. o promocji zatrudnienia i instytucjach rynku pracy) rozumiemy osoby niezatrudnione i nie wykonujące innej pracy zarobkowej, zdolne i gotowe do podjęcia zatrudnienia w pełnym wymiarze czasu pracy (bądź jeśli są to osoby niepełnosprawne - zdolne i gotowe do podjęcia zatrudnienia co najmniej w połowie tego wymiaru czasu pracy), nieuczące się w szkole z wyjątkiem szkół dla dorosłych lub szkół wyższych w systemie wieczorowym albo zaocznym, zarejestrowane we właściwym dla miejsca zameldowania (stałego lub czasowego) powiatowym urzędzie pracy oraz poszukujące zatrudnienia lub innej pracy zarobkowej, jeżeli spełniają określone w Ustawie warunki.",2024,62.39,,62.39
powiat nowosądecki,RYNEK PRACY,Bezrobocie rodzinne,"Odsetek osób bezrobotnych zamieszkujących gospodarstwo domowe, w którym dwie lub więcej osób pozostaje na bezrobociu. Dane dla powiatu tarnowskiego i Tarnowa przedstawione zostały łącznie. Dane obrazują stan na 31 XII danego roku.",2024,19.20,%,19.20%
powiat nowosądecki,RYNEK PRACY,Bezrobotni dłużej niż 1 rok,"Wyrażony w % udział bezrobotnych dłużej niż 1 rok w liczbie bezrobotnych ogółem. Do kategorii osób bezrobotnych wlicza się wyłącznie osoby zarejestrowane w powiatowych urzędach pracy. Przez bezrobotnych ( za Ustawą z dnia 20 kwietnia 2004 r. o promocji zatrudnienia i instytucjach rynku pracy) rozumiemy osoby niezatrudnione i nie wykonujące innej pracy zarobkowej, zdolne i gotowe do podjęcia zatrudnienia w pełnym wymiarze czasu pracy (bądź jeśli są to osoby niepełnosprawne - zdolne i gotowe do podjęcia zatrudnienia co najmniej w połowie tego wymiaru czasu pracy), nieuczące się w szkole z wyjątkiem szkół dla dorosłych lub szkół wyższych w systemie wieczorowym albo zaocznym, zarejestrowane we właściwym dla miejsca zameldowania (stałego lub czasowego) powiatowym urzędzie pracy oraz poszukujące zatrudnienia lub innej pracy zarobkowej, jeżeli spełniają określone w Ustawie warunki.",2024,41.20,,41.20
powiat nowosądecki,RYNEK PRACY,Bezrobotni z wykształceniem gimnazjalnym i niższym,"Wyrażony w % udział bezrobotnych z wykształceniem gimnazjalnym i niższym w liczbie bezrobotnych ogółem. Do kategorii osób bezrobotnych wlicza się wyłącznie osoby zarejestrowane w powiatowych urzędach pracy. Przez bezrobotnych ( za Ustawą z dnia 20 kwietnia 2004 r. o promocji zatrudnienia i instytucjach rynku pracy) rozumiemy osoby niezatrudnione i nie wykonujące innej pracy zarobkowej, zdolne i gotowe do podjęcia zatrudnienia w pełnym wymiarze czasu pracy (bądź jeśli są to osoby niepełnosprawne - zdolne i gotowe do podjęcia zatrudnienia co najmniej w połowie tego wymiaru czasu pracy), nieuczące się w szkole z wyjątkiem szkół dla dorosłych lub szkół wyższych w systemie wieczorowym albo zaocznym, zarejestrowane we właściwym dla miejsca zameldowania (stałego lub czasowego) powiatowym urzędzie pracy oraz poszukujące zatrudnienia lub innej pracy zarobkowej, jeżeli spełniają określone w Ustawie warunki.",2024,12.37,,12.37
powiat nowosądecki,RYNEK PRACY,Bezrobotni w wieku poniżej 25 lat,"Wyrażony w % udział bezrobotnych poniżej 25. roku życia w liczbie bezrobotnych ogółem. Do kategorii osób bezrobotnych wlicza się wyłącznie osoby zarejestrowane w powiatowych urzędach pracy. Przez bezrobotnych ( za Ustawą z dnia 20 kwietnia 2004 r. o promocji zatrudnienia i instytucjach rynku pracy) rozumiemy osoby niezatrudnione i nie wykonujące innej pracy zarobkowej, zdolne i gotowe do podjęcia zatrudnienia w pełnym wymiarze czasu pracy (bądź jeśli są to osoby niepełnosprawne - zdolne i gotowe do podjęcia zatrudnienia co najmniej w połowie tego wymiaru czasu pracy), nieuczące się w szkole z wyjątkiem szkół dla dorosłych lub szkół wyższych w systemie wieczorowym albo zaocznym, zarejestrowane we właściwym dla miejsca zameldowania (stałego lub czasowego) powiatowym urzędzie pracy oraz poszukujące zatrudnienia lub innej pracy zarobkowej, jeżeli spełniają określone w Ustawie warunki.",2024,19.00,,19.00
powiat nowosądecki,RYNEK PRACY,Bezrobotni w wieku 25-34 lata,"Wyrażony w % udział bezrobotnych w wieku 25-34 lata w liczbie bezrobotnych ogółem. Do kategorii osób bezrobotnych wlicza się wyłącznie osoby zarejestrowane w powiatowych urzędach pracy. Przez bezrobotnych ( za Ustawą z dnia 20 kwietnia 2004 r. o promocji zatrudnienia i instytucjach rynku pracy) rozumiemy osoby niezatrudnione i nie wykonujące innej pracy zarobkowej, zdolne i gotowe do podjęcia zatrudnienia w pełnym wymiarze czasu pracy (bądź jeśli są to osoby niepełnosprawne - zdolne i gotowe do podjęcia zatrudnienia co najmniej w połowie tego wymiaru czasu pracy), nieuczące się w szkole z wyjątkiem szkół dla dorosłych lub szkół wyższych w systemie wieczorowym albo zaocznym, zarejestrowane we właściwym dla miejsca zameldowania (stałego lub czasowego) powiatowym urzędzie pracy oraz poszukujące zatrudnienia lub innej pracy zarobkowej, jeżeli spełniają określone w Ustawie warunki.",2024,28.45,,28.45
powiat nowosądecki,RYNEK PRACY,Bezrobotni w wieku 55 lat i więcej,"Wyrażony w % udział bezrobotnych powyżej 55. roku życia w liczbie bezrobotnych ogółem. Do kategorii osób bezrobotnych wlicza się wyłącznie osoby zarejestrowane w powiatowych urzędach pracy. Przez bezrobotnych ( za Ustawą z dnia 20 kwietnia 2004 r. o promocji zatrudnienia i instytucjach rynku pracy) rozumiemy osoby niezatrudnione i nie wykonujące innej pracy zarobkowej, zdolne i gotowe do podjęcia zatrudnienia w pełnym wymiarze czasu pracy (bądź jeśli są to osoby niepełnosprawne - zdolne i gotowe do podjęcia zatrudnienia co najmniej w połowie tego wymiaru czasu pracy), nieuczące się w szkole z wyjątkiem szkół dla dorosłych lub szkół wyższych w systemie wieczorowym albo zaocznym, zarejestrowane we właściwym dla miejsca zameldowania (stałego lub czasowego) powiatowym urzędzie pracy oraz poszukujące zatrudnienia lub innej pracy zarobkowej, jeżeli spełniają określone w Ustawie warunki.",2024,14.20,,14.20
powiat nowosądecki,RYNEK PRACY,Prowadzący działalność gospodarczą,Osoby fizyczne prowadzące działalność gospodarczą na 100 osób w wieku produkcyjnym. Dane bez osób prowadzących gospodarstwa indywidualne w rolnictwie.,2024,14.28,,14.28
powiat nowosądecki,RYNEK PRACY,Zatrudnienie w branży finansowej i nieruchomościach,"Wyrażony w % udział pracujących w branży finansowej i nieruchomościach w stosunku do ogółu pracujących. Dane do 2021 roku bez podmiotów gospodarczych o liczbie pracujących do 9 osób. Podział branż jest zgodny z PKD 2007. Dotyczy sekcji: ""Działalność finansowa i ubezpieczeniowa; obsługa rynku nieruchomości"". W związku z wprowadzonymi zmianami metodologicznymi w pozyskiwaniu danych dotyczących: pracujących, zatrudnionych oraz przeciętnego zatrudnienia według PKD, dane od 2022 roku nie mogą być porównywane z danymi dla lat poprzednich.",2024,1.19,,1.19
powiat nowosądecki,RYNEK PRACY,Zatrudnienie w rolnictwie,"Wyrażony w % udział pracujących w rolnictwie w stosunku do ogółu pracujących. Dane łącznie z rolnictwem indywidualnym. Dane dotyczące pracujących w gospodarstwach indywidualnych w rolnictwie według stanu w dniu 31 XII w latach 2002-2009 wyszacowano na podstawie wyników Narodowego Spisu Powszechnego Ludności i Mieszkań oraz Powszechnego Spisu Rolnego 2002 oraz w 2010 r. na podstawie Powszechnego Spisu Rolnego 2010. Podział branż jest zgodny z PKD 2007. Dotyczy sekcji: ""Rolnictwo, leśnictwo, łowiectwo i rybactwo"". W związku z wprowadzonymi zmianami metodologicznymi w pozyskiwaniu danych dotyczących: pracujących, zatrudnionych oraz przeciętnego zatrudnienia według PKD, dane od 2022 roku nie mogą być porównywane z danymi dla lat poprzednich.",2024,22.04,,22.04
powiat nowosądecki,RYNEK PRACY,Zatrudnienie w przemyśle i budownictwie,"Wyrażony w % udział pracujących w przemyśle i budownictwie w stosunku do ogółu pracujących. Dane do 2021 roku bez podmiotów gospodarczych o liczbie pracujących do 9 osób. Podział branż jest zgodny z PKD 2007. Pod pojęciem ""Przemysł i budownictwo"" rozumie się sekcje: ""Górnictwo i wydobywanie""; ""Przetwórstwo przemysłowe""; ""Wytwarzanie i zaopatrywanie w energię elektryczną, gaz, parę wodną i gorącą wodę""; ""Dostawa wody; gospodarowanie ściekami i odpadami; rekultywacja"" oraz ""Budownictwo"". W związku z wprowadzonymi zmianami metodologicznymi w pozyskiwaniu danych dotyczących: pracujących, zatrudnionych oraz przeciętnego zatrudnienia według PKD, dane od 2022 roku nie mogą być porównywane z danymi dla lat poprzednich.",2024,33.61,,33.61
powiat nowosądecki,RYNEK PRACY,"Zatrudnienie w handlu, transporcie, turystyce, informacji i komunikacji","Wyrażony w % udział pracujących w handlu, transporcie, turystyce, informacji i komunikacji w stosunku do ogółu pracujących. Dane do 2021 roku bez podmiotów gospodarczych o liczbie pracujących do 9 osób. Podział branż jest zgodny z PKD 2007. Dotyczy sekcji: ""Handel""; ""Naprawa pojazdów samochodowych""; ""Transport i gospodarka magazynowa""; ""Zakwaterowanie i gastronomia"" oraz ""Informacja i komunikacja"". W związku z wprowadzonymi zmianami metodologicznymi w pozyskiwaniu danych dotyczących: pracujących, zatrudnionych oraz przeciętnego zatrudnienia według PKD, dane od 2022 roku nie mogą być porównywane z danymi dla lat poprzednich.",2024,21.54,,21.54
powiat nowosądecki,RYNEK PRACY,Zatrudnienie w pozostałych usługach,"Wyrażony w % udział pracujących w pozostałych usługach w stosunku do ogółu pracujących. Dane do 2021 roku bez podmiotów gospodarczych o liczbie pracujących do 9 osób. Podział branż jest zgodny z PKD 2007. Pod pojęciem ""Pozostałe usługi"" rozumie się sekcje: ""Działalność profesjonalna, naukowa i techniczna""; ""Administrowanie i działalność wspierająca""; ""Administracja publiczna i obrona narodowa, obowiązkowe zabezpieczenia społeczne""; ""Edukacja""; ""Opieka zdrowotna i pomoc społeczna""; ""Działalność związana z kulturą rozrywką i rekreacją"" oraz ""Pozostała działalność usługowa"". W związku z wprowadzonymi zmianami metodologicznymi w pozyskiwaniu danych dotyczących: pracujących, zatrudnionych oraz przeciętnego zatrudnienia według PKD, dane od 2022 roku nie mogą być porównywane z danymi dla lat poprzednich.",2024,21.62,,21.62
powiat nowosądecki,MOBILNOŚĆ,Saldo migracji stałych,"Wskaźnik migracji stałych - różnica między napływem a odpływem ludności z danego obszaru w danym czasie. Saldo migracji stałych uwzględnia zarazem dane ze stałych migracji zewnętrznych jak i wewnętrznych. Migracje stałe to takie, które wiążą się ze zmianą miejsca zamieszkania na pobyt stały. W świetle prawa polskiego, tego typu migracje związane są z dokonaniem w biurze ewidencji ludności zameldowania lub wymeldowania. W 2015 roku GUS zrezygnował z opublikowania danych dotyczących migracji zagranicznych z powodu braku ich kompletności. Dlatego niemożliwe było określenie poziomu migracji stałych za rok 2015.",2024,-305.00,,-305.00
powiat nowosądecki,MOBILNOŚĆ,Saldo migracji zagranicznych,Wskaźnik migracji zagranicznych - różnica między odpływem zagranicę a napływem do kraju ludności w danym czasie.,2024,7.00,,7.00
powiat nowosądecki,BUDŻETY GMIN,Wydatki budżetów gmin ogółem,"Wskaźnik wydatków gmin - wydatki budżetów gmin i miast na prawach powiatów w przeliczeniu na jednego mieszkańca. Dane stanowią sumę wydatków na rolnictwo, transport, gospodarkę komunalną, gosp. mieszkaniową, oświatę i wychowanie, kulturę i sztukę, ochronę zdrowia, kulturę fizyczną i sport, a także wydatki na administrację samorządową. Wydatki te są sklasyfikowane w rozporządzeniu Ministra Finansów z dnia 14 czerwca 2006 r. w sprawie szczegółowej klasyfikacji dochodów, wydatków, przychodów i rozchodów oraz środków pochodzących ze źródeł zagranicznych (Dz. U. 2006 r. Nr 107, poz.726, z późn. zm.). Wartości podawane są w złotówkach.",2024,7870.83,,7870.83
powiat nowosądecki,BUDŻETY GMIN,Wydatki budżetów gmin - oświata i wychowanie,"Wskaźnik wydatków gmin na oświatę i wychowanie - wydatki budżetów gmin i miast na prawach powiatów na oświatę i wychowanie w przeliczeniu na jednego mieszkańca. Dane stanowią sumę wydatków sklasyfikowanych w dziale 801 rozporządzenia Ministra Finansów z dnia 14 czerwca 2006 r. w sprawie szczegółowej klasyfikacji dochodów, wydatków, przychodów i rozchodów oraz środków pochodzących ze źródeł zagranicznych (Dz. U. 2006 r. Nr 107, poz.726, z późn. zm.). Wartości podawane są w złotówkach.",2024,2928.38,,2928.38
powiat nowosądecki,BUDŻETY GMIN,Wydatki budżetów gmin - kultura,"Wskaźnik wydatków gmin na kulturę i ochronę dziedzictwa narodowego - wydatki budżetów gmin i miast na prawach powiatów na kulturę i ochronę dziedzictwa narodowego w przeliczeniu na jednego mieszkańca. Dane stanowią sumę wydatków sklasyfikowanych w dziale 921 rozporządzenia Ministra Finansów z dnia 14 czerwca 2006 r. w sprawie szczegółowej klasyfikacji dochodów, wydatków, przychodów i rozchodów oraz środków pochodzących ze źródeł zagranicznych (Dz. U. 2006 r. Nr 107, poz.726, z późn. zm.). Wartości podawane są w złotówkach.",2024,262.45,,262.45
powiat nowosądecki,BUDŻETY GMIN,Wydatki budżetów gmin - pomoc społeczna,"Wskaźnik wydatków gmin na pomoc społeczną - wydatki budżetów gmin i miast na prawach powiatów na pomoc społeczną i pozostałe zadania w zakresie polityki społecznej w przeliczeniu na jednego mieszkańca. Dane stanowią sumę wydatków sklasyfikowanych w działach 852 i 853 rozporządzenia Ministra Finansów z dnia 14 czerwca 2006 r. w sprawie szczegółowej klasyfikacji dochodów, wydatków, przychodów i rozchodów oraz środków pochodzących ze źródeł zagranicznych (Dz. U. 2006 r. Nr 107, poz.726, z późn. zm.). Dane podawane są w złotówkach.",2024,462.02,,462.02
powiat nowotarski,LUDNOŚĆ,Ludność ogółem,Liczba ludności zamieszkałej na danym terenie (dane zgodnie z faktycznym miejscem zamieszkania wg podziału administracyjnego na dzień 31 XII).,2024,189984,,189984
powiat nowotarski,LUDNOŚĆ,Ludność w wieku przedprodukcyjnym,Udział ludności w wieku przedprodukcyjnym w liczbie ludności ogółem. Przez ludność w wieku przedprodukcyjnym rozumie się ludność w wieku do 17 roku życia.,2024,20.02,%,20.02%
powiat nowotarski,LUDNOŚĆ,Ludność w wieku produkcyjnym,"Udział ludności w wieku produkcyjnym w liczbie ludności ogółem. Przez ludność w wieku produkcyjnym rozumie się ludność w wieku zdolności do pracy. Dla mężczyzn przyjęto wiek 18-64 lata, dla kobiet 18-59 lat.",2024,59.81,%,59.81%
powiat nowotarski,LUDNOŚĆ,Ludność w wieku poprodukcyjnym,Udział ludności w wieku emerytalnym w liczbie ludności ogółem. Przez ludność w wieku poprodukcyjnym rozumie się ludność w wieku od 64 lat - dla mężczyzn i od 59 lat - dla kobiet.,2024,20.17,%,20.17%
powiat nowotarski,LUDNOŚĆ,Ludność w wieku 60+,Udział ludności w wieku 60 i więcej lat w liczbie ludności ogółem.,2024,23.11,%,23.11%
powiat nowotarski,LUDNOŚĆ,Wskaźnik podwójnego starzenia,Udział osób w wieku 80 i więcej lat w grupie osób wieku 60 i więcej lat.,2024,17.81,%,17.81%
powiat nowotarski,LUDNOŚĆ,Wskaźnik wsparcia osób najstarszych,Liczba osób w wieku 85 lat i więcej przypadająca na 100 osób w wieku 50–64 lata,2024,11,,11
powiat nowotarski,LUDNOŚĆ,Potencjał pielęgnacyjny,Liczba kobiet w wieku 45-64 lata (potencjalnych opiekunów rodzinnych) przypadających na 100 osób w wieku 80 i więcej lat,2024,322,,322
powiat nowotarski,LUDNOŚĆ,Wskaźnik obciążenia demograficznego,Wskaźnik obciążenia demograficznego - ludność w wieku nieprodukcyjnym przypadająca na 100 osób w wieku produkcyjnym. Przez ludność w wieku produkcyjnym rozumie się osoby w wieku zdolności do pracy tj. mężczyźni w wieku 18 - 64 lat oraz kobiety w wieku 18 - 59.,2024,67.20,,67.20
powiat nowotarski,LUDNOŚĆ,Przyrost naturalny na 1 000 ludności,Różnica między liczbą urodzeń żywych a liczbą zgonów w danym roku (bez rozróżnienia na płeć).,2024,0.01,,0.01
powiat nowotarski,LUDNOŚĆ,Wskaźnik feminizacji,Wskaźnik feminizacji - wielkość demograficzna określająca ile kobiet przypada na 100 mężczyzn na danym terenie.,2024,104.77,,104.77
powiat nowotarski,LUDNOŚĆ,Wskaźnik maskulinizacji,Wskaźnik maskulinizacji - wielkość demograficzna określająca ilu mężczyzn przypada na 100 kobiet na danym terenie.,2024,95.45,,95.45
powiat nowotarski,LUDNOŚĆ,Wskaźnik gęstości zaludnienia,Wskaźnik gęstości zaludnienia - liczba mieszkańców przypadająca na 1 km².,2024,128.80,,128.80
powiat nowotarski,LUDNOŚĆ,Wskaźnik urbanizacji,"Wskaźnik urbanizacji - udział mieszkańców miast w liczbie mieszkańców ogółem. Do wyliczenia wskaźnika posłużono się danymi na temat ludności faktycznie zamieszkałej na dzień 31 XII każdego roku. Ludnośc faktycznie zamieszkała obejmuje: a) stałych mieszkańców, z wyjatkiem osób przebywających poza miejscem zamieszkania przez okres powyżej 3 miesięcy w kraju oraz obejmuje wszystkie osoby przebywajace za granicą (bez względu na okres ich nieobecności) b) osoby przebywające czasowo przez okres powyżej 3 miesięcy, przybyłe z innego miejsca w kraju. Dane za lata 2010 - 2021 bazują na wynikach Narodowego Spisu Powszechnego Ludności i Mieszkań 2011.",2024,28.43,%,28.43%
powiat nowotarski,LUDNOŚĆ,Małżeństwa na 1000 mieszkańców,Liczba zawartych małżeństw w przeliczeniu na 1000 mieszkańców.,2024,3.60,,3.60
powiat nowotarski,LUDNOŚĆ,Urodzenia na 1000 mieszkańców,Liczba urodzeń żywych w przeliczeniu na 1000 mieszkańców.,2024,8.26,,8.26
powiat nowotarski,LUDNOŚĆ,Zgony na 1000 mieszkańców,Liczba zgonów w przeliczeniu na 1000 mieszkańców.,2024,8.25,,8.25
powiat nowotarski,LUDNOŚĆ,Wskaźnik/ indeks starości,"Relacja pokoleniowa dziadków i wnuczków, tj. liczba osób w wieku 65 i więcej lat przypadająca na 100 osób w wieku 0-14 lat",2024,105,,105
powiat nowotarski,LUDNOŚĆ,Ludność w wieku 65+/ Współczynnik starości demograficznej,Relacja liczby osób w starszym wieku (65 lat i więcej) do ogólnej liczby ludności.,2024,17.16,%,17.16%
powiat nowotarski,LUDNOŚĆ,Wskaźnik potencjalnego wsparcia,Liczba osób w wieku 15-64 lata przypadająca na 100 osób w wieku 65 lat i więcej. Przedstawia tzw. obciążenie - ile osób hipotetycznie pozostających na rynku pracy przypada na 1 osobę (100 osób) będącą już poza rykiem pracy (odwrotność cząstkowego współczynnika obciążenia demograficznego osobami starszymi).,2024,388,,388
powiat nowotarski,POMOC SPOŁECZNA - K,Liczba mieszkańców na 1 pracownika socjalnego,Liczba mieszkańców przypadająca na jednego pracownika socjalnego zatrudnionego w ośrodku pomocy społecznej.,2024,2676,,2676
powiat nowotarski,POMOC SPOŁECZNA - K,Pracownicy socjalni OPS posiadający wyższe wykształcenie,Udział pracowników socjalnych posiadających wyższe wykształcenie w ogólnej licznie pracowników socjalnych.,2024,76.06,%,76.06%
powiat nowotarski,POMOC SPOŁECZNA - K,Pracownicy socjalni OPS posiadający I stopień specjalizacji w zawodzie pracownik socjalny,Udział pracowników socjalnych OPS posiadających I stopień specjalizacji w zawodzie pracownik socjalny w ogólnej liczbie pracowników socjalnych.,2024,8.45,%,8.45%
powiat nowotarski,POMOC SPOŁECZNA - K,Pracownicy socjalni OPS posiadający II stopień specjalizacji w zawodzie pracownik socjalny,Udział pracowników socjalnych posiadających II stopień specjalizacji w zawodzie pracownik socjalny w ogólnej liczbie pracowników socjalnych.,2024,9.86,%,9.86%
powiat nowotarski,POMOC SPOŁECZNA - P,Alkoholizm,Odsetek klientów pomocy społecznej korzystających ze wsparcia z powodu alkoholizmu (na podstawie danych o rzeczywistej liczbie osób w rodzinach objętych pomocą społeczną).,2024,5.37,%,5.37%
powiat nowotarski,POMOC SPOŁECZNA - P,Bezdomność,Odsetek klientów pomocy społecznej korzystających ze wsparcia z powodu bezdomności (na podstawie danych o rzeczywistej liczbie osób w rodzinach objętych pomocą społeczną).,2024,1.51,%,1.51%
powiat nowotarski,POMOC SPOŁECZNA - P,Bezradność w sprawach opiekuńczo-wychowawczych i prowadzenia gosp. dom.,Odsetek klientów pomocy społecznej korzystających ze wsparcia z powodu bezradności w sprawach opiekuńczo-wychowawczych i prowadzenia gospodarstwa domowego (na podstawie danych o rzeczywistej liczbie osób w rodzinach objętych pomocą społeczną).,2024,25.25,%,25.25%
powiat nowotarski,POMOC SPOŁECZNA - P,Bezrobocie,Odsetek klientów pomocy społecznej korzystających ze wsparcia z powodu bezrobocia (na podstawie danych o rzeczywistej liczbie osób w rodzinach objętych pomocą społeczną).,2024,25.80,%,25.80%
powiat nowotarski,POMOC SPOŁECZNA - P,Długotrwała lub ciężka choroba,Odsetek klientów pomocy społecznej korzystających ze wsparcia z powodu długotrwałej bądź ciężkiej choroby (na podstawie danych o rzeczywistej liczbie osób w rodzinach objętych pomocą społeczną).,2024,48.06,%,48.06%
powiat nowotarski,POMOC SPOŁECZNA - P,Narkomania,Odsetek klientów pomocy społecznej korzystających ze wsparcia z powodu narkomanii (na podstawie danych o rzeczywistej liczbie osób w rodzinach objętych pomocą społeczną).,2024,0.12,%,0.12%
powiat nowotarski,POMOC SPOŁECZNA - P,Niepełnosprawność,Odsetek klientów pomocy społecznej korzystających ze wsparcia z powodu niepełnosprawności (na podstawie danych o rzeczywistej liczbie osób w rodzinach objętych pomocą społeczną).,2024,39.54,%,39.54%
powiat nowotarski,POMOC SPOŁECZNA - P,Potrzeba ochrony macierzyństwa,Odsetek klientów pomocy społecznej korzystających ze wsparcia z powodu potrzeby ochrony macierzyństwa (na podstawie danych o rzeczywistej liczbie osób w rodzinach objętych pomocą społeczną).,2024,35.06,%,35.06%
powiat nowotarski,POMOC SPOŁECZNA - P,Przemoc domowa,Odsetek klientów pomocy społecznej korzystających ze wsparcia z powodu przemocy domowej (na podstawie danych o rzeczywistej liczbie osób w rodzinach objętych pomocą społeczną).,2024,3.07,%,3.07%
powiat nowotarski,POMOC SPOŁECZNA - P,Sieroctwo,Odsetek klientów pomocy społecznej korzystających ze wsparcia z powodu sieroctwa (na podstawie danych o rzeczywistej liczbie osób w rodzinach objętych pomocą społeczną).,2024,0.46,%,0.46%
powiat nowotarski,POMOC SPOŁECZNA - P,Sytuacja kryzysowa,Odsetek klientów pomocy społecznej korzystających ze wsparcia z powodu sytuacji kryzysowej (na podstawie danych o rzeczywistej liczbie osób w rodzinach objętych pomocą społeczną).,2024,0.22,%,0.22%
powiat nowotarski,POMOC SPOŁECZNA - P,Ubóstwo,Odsetek klientów pomocy społecznej korzystających ze wsparcia z powodu ubóstwa (na podstawie danych o rzeczywistej liczbie osób w rodzinach objętych pomocą społeczną).,2024,48.03,%,48.03%
powiat nowotarski,POMOC SPOŁECZNA - P,Wielodzietność,Odsetek klientów pomocy społecznej korzystających ze wsparcia z powodu wielodzietności (na podstawie danych o rzeczywistej liczbie osób w rodzinach objętych pomocą społeczną).,2024,30.41,%,30.41%
powiat nowotarski,POMOC SPOŁECZNA - P,Zdarzenie losowe,Odsetek klientów pomocy społecznej korzystających ze wsparcia z powodu zdarzenia losowego (na podstawie danych o rzeczywistej liczbie osób w rodzinach objętych pomocą społeczną).,2024,1.94,%,1.94%
powiat nowotarski,POMOC SPOŁECZNA - B,Beneficjenci pomocy społecznej,"Udział osób korzystających z pomocy społecznej w liczbie ludności ogółem - na podstawie danych o rzeczywistej liczbie osób w rodzinach objętych pomocą społeczną (świadczenia przyznane w ramach zadań zleconych i własnych bez względu na rodzaj, formę, liczbę oraz źródło finansowania).",2024,2.19,%,2.19%
powiat nowotarski,POMOC SPOŁECZNA - B,Rodziny niepełne objęte pomocą społeczną,"Wskaźnik pomocy społecznej udzielonej rodzinom niepełnym - udział rodzin niepełnych objętych pomocą (w której skład wchodzi jedno z rodziców z dzieckiem/ dziećmi) w liczbie wszystkich rodzin z dziećmi, którym udzielono pomocy.",2024,38.06,%,38.06%
powiat nowotarski,POMOC SPOŁECZNA - B,Rodziny wielodzietne objęte pomocą społeczną,"Wskaźnik pomocy społecznej udzielonej rodzinom wielodzietnym - udział rodzin wielodzietnych (3 dzieci i więcej) objętych pomocą w liczbie wszystkich rodzin z dziećmi, którym udzielono pomocy.",2024,47.74,%,47.74%
powiat nowotarski,POMOC SPOŁECZNA - B,Rodziny emerytów i rencistów objęte pomocą społeczną,"Wskaźnik pomocy społecznej udzielonej rodzinom emerytów i rencistów - udział rodzin emerytów i rencistów objętych pomocą w liczbie wszystkich rodzin, którym udzielono pomocy.",2024,21.30,%,21.30%
powiat nowotarski,POMOC SPOŁECZNA - B,Pensjonariusze DPS nieopuszczający łóżek,Odsetek pensjonariuszy Domów Pomocy Społecznej nieopuszczających łóżek. Dane na temat liczby mieszkańców Domów Pomocy Społecznej zebrano wg. stanu na dzień 31 grudnia. W statystykach uwzględniono mieszkańców Domów Pomocy Społecznej i podmiotów niepublicznych w roku sprawozdawczym.,2024,0.00,%,0.00%
powiat nowotarski,POMOC SPOŁECZNA - B,Pensjonariusze DPS do 18 roku życia,Odsetek pensjonariuszy Domów Pomocy Społecznej w wieku do18 roku życia. Dane na temat liczby mieszkańców Domów Pomocy Społecznej zebrano wg. stanu na dzień 31 grudnia. W statystykach uwzględniono mieszkańców Domów Pomocy Społecznej i podmiotów niepublicznych w roku sprawozdawczym.,2024,0.00,%,0.00%
powiat nowotarski,POMOC SPOŁECZNA - B,Pensjonariusze DPS w wieku 19-40 lat,Odsetek pensjonariuszy Domów Pomocy Społecznej wieku 19-40 lat. Dane na temat liczby mieszkańców Domów Pomocy Społecznej zebrano wg. stanu na dzień 31 grudnia. W statystykach uwzględniono mieszkańców Domów Pomocy Społecznej i podmiotów niepublicznych w roku sprawozdawczym.,2024,1.97,%,1.97%
powiat nowotarski,POMOC SPOŁECZNA - B,Pensjonariusze DPS w wieku 41-60 lat,Odsetek pensjonariuszy Domów Pomocy Społecznej wieku 41-60 lat. Dane na temat liczby mieszkańców Domów Pomocy Społecznej zebrano wg. stanu na dzień 31 grudnia. W statystykach uwzględniono mieszkańców Domów Pomocy Społecznej i podmiotów niepublicznych w roku sprawozdawczym.,2024,19.08,%,19.08%
powiat nowotarski,POMOC SPOŁECZNA - B,Pensjonariusze DPS w wieku 61-74 lat,Odsetek pensjonariuszy Domów Pomocy Społecznej wieku 60-74 lat. Dane na temat liczby mieszkańców Domów Pomocy Społecznej zebrano wg. stanu na dzień 31 grudnia. W statystykach uwzględniono mieszkańców Domów Pomocy Społecznej i podmiotów niepublicznych w roku sprawozdawczym.,2024,29.61,%,29.61%
powiat nowotarski,POMOC SPOŁECZNA - B,Pensjonariusze DPS w wieku powyżej 74 lat,Odsetek pensjonariuszy Domów Pomocy Społecznej wieku powyżej 74 lat. Dane na temat liczby mieszkańców Domów Pomocy Społecznej zebrano wg. stanu na dzień 31 grudnia. W statystykach uwzględniono mieszkańców Domów Pomocy Społecznej i podmiotów niepublicznych w roku sprawozdawczym.,2024,49.34,%,49.34%
powiat nowotarski,Sheet6,Świadczenia pieniężne z pomocy społecznej,Odsetek korzystających ze świadczeń pieniężnych w ogólnej liczbie świadczeniobiorców pomocy społecznej (liczba osób w rodzinach),2024,75.11,%,75.11%
powiat nowotarski,Sheet6,Świadczenia niepieniężne z pomocy społecznej,Odsetek korzystających ze świadczeń niepieniężnych w ogólnej liczbie świadczeniobiorców pomocy społecznej (liczba osób w rodzinach),2024,61.29,%,61.29%
powiat nowotarski,Sheet6,Osoby korzystające z usług opiekuńczych i specjalistycznych usług opiekuńczych,Liczba osób korzystających z usług opiekuńczych (w tym specjalistycznych usług opiekuńczych).,2024,257,,257
powiat nowotarski,Sheet6,Osoby korzystające ze specjalistycznych usług opiekuńczych dla osób z zaburzeniami psychicznymi,Liczba osób korzystających ze specjalistycznych usług opiekuńczych w miejscu zamieszkania dla osób z zaburzeniami psychicznymi.,2024,8,,8
powiat nowotarski,Sheet6,Osoby objęte kontraktami socjalnymi,Udział osób objętych kontraktami socjalnymi w ogólnej liczbie osób w rodzinach świadczeniobiorców pomocy społecznej.,2024,1.03,%,1.03%
powiat nowotarski,Sheet6,Osoby objęte dożywianiem na 1000 mieszkańców,Wskaźnik pomocy w zakresie dożywiania - liczba osób objętych pomocą państwa w zakresie dożywiania w przeliczeniu na 1000 mieszkańców.,2024,12,,12
powiat nowotarski,Sheet6,Udział dzieci w ogóle osób objętych dożywianiem,"Udział dzieci w liczbie wszystkich osób objętych pomocą państwa w zakresie dożywiania. Sprawozdanie z realizacji programu ""Pomoc Państwa w zakresie dożywiania"" do 2013 roku obejmowało dzieci do lat 7. Od 2014 roku w sprawozdaniu liczba dzieci jest określona na podstawie momentu rozpoczęcia nauki w szkole podstawowej.",2024,15,%,15%
powiat nowotarski,Sheet6,Udział uczniów w ogóle osób objętych dożywianiem,Udział dzieci w wieku szkolnym (uczniowie do czasu ukończenia szkoły ponadgimnazjalnej) w liczbie wszystkich osób objętych pomocą państwa w zakresie dożywiania.,2024,42,%,42%
powiat nowotarski,POMOC SPOŁECZNA I O,Centra integracji społecznej,Liczba centrów integracji społecznej działających na danym terenie. Stan na 31 XII.,2024,0,,0
powiat nowotarski,POMOC SPOŁECZNA I O,Domy pomocy społecznej,Liczba domów pomocy społecznej działających na danym terenie (bez podziału na typy).,2024,2,,2
powiat nowotarski,POMOC SPOŁECZNA I O,Dzienne domy pomocy,Liczba dziennych domów pomocy działających na danym terenie. Stan na 31 XII.,2024,0,,0
powiat nowotarski,POMOC SPOŁECZNA I O,Placówki specjalistycznego poradnictwa - jednostki  powiatowe,"Liczba jednostek specjalistycznego poradnictwa działających w powiatach. Stan na 31 XII. Wskaźnik zasilany od 2021 r. w związku ze zmianami monitorowania danych w sprawozdaniach resortowych. Zastąpił on wskaźnik ""Placówki specjalistycznego poradnictwa""",2024,0,,0
powiat nowotarski,POMOC SPOŁECZNA I O,Placówki specjalistycznego poradnictwa,Liczba jednostek specjalistycznego poradnictwa działających na danym terenie. Stan na 31 XII. Od 2021 roku ze względu na brak kontynuacji monitorowania danych w sprawozdaniach resortowych wskaźnik nie jest już aktualizowany.,2024,0,,0
powiat nowotarski,POMOC SPOŁECZNA I O,Kluby integracji społecznej,Liczba klubów integracji społecznej działających na danym terenie.,2024,2,,2
powiat nowotarski,POMOC SPOŁECZNA I O,Mieszkania treningowe oraz wspomagane,"Liczba mieszkań treningowe oraz wspomaganych działających na danym terenie. Stan na 31 XII. Do 2022 r. w systemie funkcjonowały mieszkania chronione, natomiast od 2023 r. funkcjonują mieszkania treningowe oraz wspomagane.",2024,3,,3
powiat nowotarski,POMOC SPOŁECZNA I O,"Noclegownie, schroniska i domy dla osób bezdomnych","Liczba noclegowni, schronisk i domów dla osób bezdomnych działających na danym terenie.",2024,1,,1
powiat nowotarski,POMOC SPOŁECZNA I O,Ośrodki interwencji kryzysowej,Liczba ośrodków interwencji kryzysowej działających na danym terenie. Stan na 31 XII.,2024,0,,0
powiat nowotarski,POMOC SPOŁECZNA I O,Placówki opiekuńczo-wychowawcze,Liczba placówek opiekuńczo-wychowawczych działających na danym terenie (bez podziału na typy). Stan na 31 XII.,2024,4,,4
powiat nowotarski,POMOC SPOŁECZNA I O,Placówki wsparcia dziennego,Liczba placówek wsparcia dziennego działających na danym terenie. Stan na 31 XII.,2024,8,,8
powiat nowotarski,POMOC SPOŁECZNA I O,"Placówki zapewniające całodobową opiekę osobom niepełnosprawnym, przewlekle chorym lub osobom w podeszłym wieku","Liczba placówek zapewniających całodobową opiekę osobom niepełnosprawnym, przewlekle chorym lub osobom w podeszłym wieku działających na danym terenie (w oparciu zarówno o działalność gospodarczą, jak i o działalność statutową). Stan na 31 XII.",2024,5,,5
powiat nowotarski,POMOC SPOŁECZNA I O,Środowiskowe domy samopomocy,Liczba środowiskowych domów samopomocy działających na danym terenie. Stan na 31 XII.,2024,5,,5
powiat nowotarski,POMOC SPOŁECZNA I O,Zakłady aktywności zawodowej,Liczba zakładów aktywności zawodowej działających na danym terenie.,2024,1,,1
powiat nowotarski,PIECZA ZASTĘPCZA,Stopień deinstytucjonalizacji pieczy zastępczej,"Stosunek liczby dzieci w rodzinnej pieczy zastępczej (dzieci przebywające w rodzinach zastępczych, rodzinnych domach dziecka i w placówkach opiekuńczo-wychowawczych typu rodzinnego) do liczby wszystkich dzieci w pieczy zastępczej. Do wskaźnika nie wliczono dzieci umieszczonych w rodzinach zastępczych spokrewnionych (definicja zaczerpnięta z raportu ""Postępy deinstytucjonalizacji pieczy zastępczej""; Warszawa 2018 r.). Dane zbierane przez MRiPS regularnie (co pół roku) w sprawozdaniach resortowych.",2024,78.47,%,78.47%
powiat nowotarski,PIECZA ZASTĘPCZA,Intensywność pieczy zastępczej,"Liczba dzieci poniżej 18. roku życia przebywających w pieczy zastępczej w stosunku do liczby wszystkich dzieci w wieku poniżej 18 roku życia na danym terenie w przeliczeniu na 1000 dzieci (definicja zaczerpnięta z raportu ""Postępy deinstytucjonalizacji pieczy zastępczej""; Warszawa 2018 r.). Dane zbierane przez MRiPS regularnie (co pół roku) w sprawozdaniach resortowych.",2024,5.55,,5.55
powiat nowotarski,PIECZA ZASTĘPCZA,Liczba rodzin zastępczych,"Liczba rodzin zastępczych funkcjonujących na danym obszarze. Rodzina zastępcza jest jedną z form rodzinnej pieczy zastępczej, sprawowanej w przypadku niemożności zapewnienia dziecku opieki i wychowania przez rodziców.",2024,121,,121
powiat nowotarski,PIECZA ZASTĘPCZA,Liczba dzieci w rodzinach zastępczych,"Liczba dzieci wychowujących się w rodzinach zastępczych na danym obszarze. Rodzina zastępcza jest jedną z form rodzinnej pieczy zastępczej, sprawowanej w przypadku niemożności zapewnienia dziecku opieki i wychowania przez rodziców. Do roku 2011 dane pochodzą ze sprawozdania MPiPS-03; od roku 2012 dane pochodzą ze sprawozdania Ocena Zasobów Pomocy Społecznej.",2024,193,,193
powiat nowotarski,ZDROWIE,Dostępność aptek,"Wskaźnik dostępności do aptek - liczba osób przypadająca na jedną aptekę ogólnodostępną. Apteka, zgodnie z Ustawą ""Prawo farmaceutyczne"" z dnia 6 września 2001 r. to placówka ochrony zdrowia publicznego, w której osoby uprawnione świadczą w szczególności usługi farmaceutyczne obejmujące zadania określone w ustawie.",2024,3654,,3654
powiat nowotarski,ZDROWIE,Zgony z powodu chorób nowotworowych,Wskaźnik umieralności z powodu choroby nowotworowej - udział zgonów z powodu choroby nowotworowej w liczbie zgonów ogółem. Dane do wskaźnika pochodzą z kart statystycznych do kart zgonów.,2024,27.10,%,27.10%
powiat nowotarski,ZDROWIE,Zgony z powodu chorób układu krążenia,Wskaźnik umieralności z powodu chorób układu krążenia - udział zgonów z powodu chorób układu krążenia w liczbie zgonów ogółem. Dane do wskaźnika pochodzą z kart statystycznych do kart zgonów.,2024,38.30,%,38.30%
powiat nowotarski,"WYNAGRODZENIA, EMERY",Przeciętne wynagrodzenie w relacji do śr. krajowej,Wskaźnik wysokości wynagrodzeń - przeciętne miesięczne wynagrodzenia brutto w gospodarce narodowej w relacji do średniej krajowej (Polska=100%). Wskaźnik pokazuje jaki procent średniej krajowej jest osiągany na danym terenie.,2024,79.80,,79.80
powiat nowotarski,KULTURA,Wskaźnik dostępności kin,"Wskaźnik dostępności kin - liczba osób przypadających na jedno miejsce na widowni kina. Przez ""miejsce na widowni"" rozumie się każde numerowane miejsce (zarejestrowane) wykorzystywane przez instytucję kultury do stałych prezentacji scenicznych (w stałej sali eksploatowanej przez instytucję artystyczną lub w kinie stałym do prezentacji filmów).",2024,287,,287
powiat nowotarski,KULTURA,Wskaźnik dostępności domów i ośrodków kultury,"Wskaźnik dostępności domów i ośrodków kultury oraz klubów, świetlic i kół - liczba osób przypadająca na jedną placówkę kultury.",2024,2184,,2184
powiat nowotarski,KULTURA,Wskaźnik dostępności muzeów,"Wskaźnik dostępności do muzeów - liczba ludności przypadająca na jedną placówkę muzealną. Dane wskaźnikowe bazują na sprawozdaniach z działalności muzeów i instytucji paramuzealnych. Przez placówkę muzealną (za ustawą z dnia 21 listopada 1996 r. o muzeach) rozumiemy jednostkę organizacyjną, nienastawioną na osiąganie zysku, której celem jest sprawowanie opieki nad zabytkami, informowanie o wartościach i treściach gromadzonych zbiorów, upowszechnianie podstawowych wartości historii, nauki i kultury polskiej oraz światowej, kształtowanie wrażliwości poznawczej i estetycznej oraz umożliwianie kontaktu ze zbiorami.",2024,37997,,37997
powiat nowotarski,KULTURA,Wskaźnik dostępności bibliotek,"Wskaźnik dostępności bibliotek - liczba ludności przydająca na jedną placówkę biblioteczną. W celu wyliczenia wskaźnika zliczono biblioteki, filie i punkty biblioteczne na danym ternie. Dane bazują na sprawozdaniach bibliotek ogólnych. Zgodnie z definicją przyjętą przez GUS przez placówkę biblioteczną rozumie się jednostkę organizacyjną lub jej część posiadającą uporządkowany (zinwentaryzowany) zbiór książek, czasopism i innych materiałów piśmienniczych liczący co najmniej 300 jednostek inwentarzowych, której głównymi celami są tworzenie i obsługa zbiorów oraz udostępnianie ich użytkownikom w sposób kontrolowany.",2024,3393,,3393
powiat nowotarski,KULTURA,Wskaźnik czytelnictwa,Wskaźnik czytelnictwa - ilość wypożyczeń z księgozbioru przez jednego czytelnika w ciągu roku. Przez księgozbiór rozumie się zbiór obejmujący wydawnictwa nieperiodyczne (książki i broszury) i wydawnictwa periodyczne (gazety i czasopisma).,2024,15,,15
powiat nowotarski,EDUKACJA,Edukacja przedszkolna,"Wskaźnik edukacji na poziomie przedszkolnym - odsetek dzieci w wieku od 3 do 5 lat uczęszczających do placówek wychowania przedszkolnego. Wskaźnik zbudowano na podstawie sprawozdań przedszkoli i innych form edukacji przedszkolnej. Uwzględniono ośrodki wychowania przedszkolnego prowadzone przez ograny samorządu terytorialnego, jednostki samorządu powiatowego oraz gminnego.",2024,89.60,,89.60
powiat nowotarski,EDUKACJA,Zdawalność egzaminu maturalnego w technikach,"Wskaźnik zdawalności matur w technikach - procent uczniów klas IV techników, którzy zdali egzamin maturalny.",2024,93.00,,93.00
powiat nowotarski,EDUKACJA,Zdawalność egzaminu maturalnego w liceach ogólnokształcących,"Wskaźnik zdawalności matur w liceach -procent uczniów klas III liceów ogólnokształcących, którzy zdali egzamin maturalny.",2024,90.00,,90.00
powiat nowotarski,EDUKACJA,Wyniki egzaminu ósmoklasisty – język polski,"Wyrażony w % średni wynik uczniów uzyskiwany na egzaminie ósmoklasisty w części z języka polskiego (wskaźnik aktualizowany od 2019 roku, w którym uczniowie szkół podstawowych po raz pierwszy przystąpili do egzaminu ósmoklasisty)",2024,63.75,,63.75
powiat nowotarski,EDUKACJA,Wyniki egzaminu ósmoklasisty – język angielski podstawowy,"Wyrażony w % średni wynik uczniów uzyskiwany na egzaminie ósmoklasisty w części podstawowej z języka angielskiego (wskaźnik aktualizowany od 2019 roku, w którym uczniowie szkół podstawowych po raz pierwszy przystąpili do egzaminu ósmoklasisty)",2024,61.01,,61.01
powiat nowotarski,EDUKACJA,Wyniki egzaminu ósmoklasisty – matematyka,"Wyrażony w % średni wynik uczniów uzyskiwany na egzaminie ósmoklasisty w części z matematyki (wskaźnik aktualizowany od 2019 roku, w którym uczniowie szkół podstawowych po raz pierwszy przystąpili do egzaminu ósmoklasisty)",2024,49.84,,49.84
powiat nowotarski,EDUKACJA,Wybory edukacyjne ósmoklasistów – technikum,"Wyrażony w % udział absolwentów szkół podstawowych, którzy wybrali technikum jako miejsce dalszego kształcenia. Wskaźnik obliczony na podstawie liczby uczniów w klasie pierwszej technikum. (wskaźnik aktualizowany od 2020 roku po ostatecznym wygaszeniu szkół gimnazjalnych)",2024,34.53,,34.53
powiat nowotarski,EDUKACJA,Wybory edukacyjne ósmoklasistów – liceum ogólnokształcące,"Wyrażony w % udział absolwentów szkół podstawowych, którzy wybrali liceum ogólnokształcące jako miejsce dalszego kształcenia. Wskaźnik obliczony na podstawie liczby uczniów w klasie pierwszej liceów ogólnokształcących. (wskaźnik aktualizowany od 2020 roku po ostatecznym wygaszeniu szkół gimnazjalnych)",2024,32.08,,32.08
powiat nowotarski,EDUKACJA,Wybory edukacyjne ósmoklasistów – szkoła branżowa I stopnia,"Wyrażony w % udział absolwentów szkół podstawowych, którzy wybrali szkołę branżową I stopnia jako miejsce dalszego kształcenia. Wskaźnik obliczony na podstawie liczby uczniów w klasie pierwszej szkół branżowych I stopnia. (wskaźnik aktualizowany od 2020 roku po ostatecznym wygaszeniu szkół gimnazjalnych)",2024,33.39,,33.39
powiat nowotarski,RYNEK PRACY,Stopa bezrobocia,"Stopa bezrobocia - procentowy udział liczby bezrobotnych w liczbie ludności aktywnej zawodowo (tzn. pracującej i bezrobotnej). Przez bezrobotnych ( za Ustawą z dnia 20 kwietnia 2004 r. o promocji zatrudnienia i instytucjach rynku pracy) rozumiemy osoby niezatrudnione i nie wykonujące innej pracy zarobkowej, zdolne i gotowe do podjęcia zatrudnienia w pełnym wymiarze czasu pracy (bądź jeśli są to osoby niepełnosprawne - zdolne i gotowe do podjęcia zatrudnienia co najmniej w połowie tego wymiaru czasu pracy), nieuczące się w szkole z wyjątkiem szkół dla dorosłych lub szkół wyższych w systemie wieczorowym albo zaocznym, zarejestrowane we właściwym dla miejsca zameldowania (stałego lub czasowego) powiatowym urzędzie pracy oraz poszukujące zatrudnienia lub innej pracy zarobkowej, jeżeli spełniają określone w Ustawie warunki.",2024,4.80,,4.80
powiat nowotarski,RYNEK PRACY,Bezrobocie kobiet,"Bezrobocie kobiet - Wyrażony w % udział bezrobotnych kobiet w liczbie bezrobotnych ogółem. Do kategorii osób bezrobotnych wlicza się wyłącznie osoby zarejestrowane w powiatowych urzędach pracy. Przez bezrobotnych ( za Ustawą z dnia 20 kwietnia 2004 r. o promocji zatrudnienia i instytucjach rynku pracy) rozumiemy osoby niezatrudnione i nie wykonujące innej pracy zarobkowej, zdolne i gotowe do podjęcia zatrudnienia w pełnym wymiarze czasu pracy (bądź jeśli są to osoby niepełnosprawne - zdolne i gotowe do podjęcia zatrudnienia co najmniej w połowie tego wymiaru czasu pracy), nieuczące się w szkole z wyjątkiem szkół dla dorosłych lub szkół wyższych w systemie wieczorowym albo zaocznym, zarejestrowane we właściwym dla miejsca zameldowania (stałego lub czasowego) powiatowym urzędzie pracy oraz poszukujące zatrudnienia lub innej pracy zarobkowej, jeżeli spełniają określone w Ustawie warunki.",2024,46.36,,46.36
powiat nowotarski,RYNEK PRACY,Bezrobocie rodzinne,"Odsetek osób bezrobotnych zamieszkujących gospodarstwo domowe, w którym dwie lub więcej osób pozostaje na bezrobociu. Dane dla powiatu tarnowskiego i Tarnowa przedstawione zostały łącznie. Dane obrazują stan na 31 XII danego roku.",2024,15.84,%,15.84%
powiat nowotarski,RYNEK PRACY,Bezrobotni dłużej niż 1 rok,"Wyrażony w % udział bezrobotnych dłużej niż 1 rok w liczbie bezrobotnych ogółem. Do kategorii osób bezrobotnych wlicza się wyłącznie osoby zarejestrowane w powiatowych urzędach pracy. Przez bezrobotnych ( za Ustawą z dnia 20 kwietnia 2004 r. o promocji zatrudnienia i instytucjach rynku pracy) rozumiemy osoby niezatrudnione i nie wykonujące innej pracy zarobkowej, zdolne i gotowe do podjęcia zatrudnienia w pełnym wymiarze czasu pracy (bądź jeśli są to osoby niepełnosprawne - zdolne i gotowe do podjęcia zatrudnienia co najmniej w połowie tego wymiaru czasu pracy), nieuczące się w szkole z wyjątkiem szkół dla dorosłych lub szkół wyższych w systemie wieczorowym albo zaocznym, zarejestrowane we właściwym dla miejsca zameldowania (stałego lub czasowego) powiatowym urzędzie pracy oraz poszukujące zatrudnienia lub innej pracy zarobkowej, jeżeli spełniają określone w Ustawie warunki.",2024,23.70,,23.70
powiat nowotarski,RYNEK PRACY,Bezrobotni z wykształceniem gimnazjalnym i niższym,"Wyrażony w % udział bezrobotnych z wykształceniem gimnazjalnym i niższym w liczbie bezrobotnych ogółem. Do kategorii osób bezrobotnych wlicza się wyłącznie osoby zarejestrowane w powiatowych urzędach pracy. Przez bezrobotnych ( za Ustawą z dnia 20 kwietnia 2004 r. o promocji zatrudnienia i instytucjach rynku pracy) rozumiemy osoby niezatrudnione i nie wykonujące innej pracy zarobkowej, zdolne i gotowe do podjęcia zatrudnienia w pełnym wymiarze czasu pracy (bądź jeśli są to osoby niepełnosprawne - zdolne i gotowe do podjęcia zatrudnienia co najmniej w połowie tego wymiaru czasu pracy), nieuczące się w szkole z wyjątkiem szkół dla dorosłych lub szkół wyższych w systemie wieczorowym albo zaocznym, zarejestrowane we właściwym dla miejsca zameldowania (stałego lub czasowego) powiatowym urzędzie pracy oraz poszukujące zatrudnienia lub innej pracy zarobkowej, jeżeli spełniają określone w Ustawie warunki.",2024,25.21,,25.21
powiat nowotarski,RYNEK PRACY,Bezrobotni w wieku poniżej 25 lat,"Wyrażony w % udział bezrobotnych poniżej 25. roku życia w liczbie bezrobotnych ogółem. Do kategorii osób bezrobotnych wlicza się wyłącznie osoby zarejestrowane w powiatowych urzędach pracy. Przez bezrobotnych ( za Ustawą z dnia 20 kwietnia 2004 r. o promocji zatrudnienia i instytucjach rynku pracy) rozumiemy osoby niezatrudnione i nie wykonujące innej pracy zarobkowej, zdolne i gotowe do podjęcia zatrudnienia w pełnym wymiarze czasu pracy (bądź jeśli są to osoby niepełnosprawne - zdolne i gotowe do podjęcia zatrudnienia co najmniej w połowie tego wymiaru czasu pracy), nieuczące się w szkole z wyjątkiem szkół dla dorosłych lub szkół wyższych w systemie wieczorowym albo zaocznym, zarejestrowane we właściwym dla miejsca zameldowania (stałego lub czasowego) powiatowym urzędzie pracy oraz poszukujące zatrudnienia lub innej pracy zarobkowej, jeżeli spełniają określone w Ustawie warunki.",2024,19.10,,19.10
powiat nowotarski,RYNEK PRACY,Bezrobotni w wieku 25-34 lata,"Wyrażony w % udział bezrobotnych w wieku 25-34 lata w liczbie bezrobotnych ogółem. Do kategorii osób bezrobotnych wlicza się wyłącznie osoby zarejestrowane w powiatowych urzędach pracy. Przez bezrobotnych ( za Ustawą z dnia 20 kwietnia 2004 r. o promocji zatrudnienia i instytucjach rynku pracy) rozumiemy osoby niezatrudnione i nie wykonujące innej pracy zarobkowej, zdolne i gotowe do podjęcia zatrudnienia w pełnym wymiarze czasu pracy (bądź jeśli są to osoby niepełnosprawne - zdolne i gotowe do podjęcia zatrudnienia co najmniej w połowie tego wymiaru czasu pracy), nieuczące się w szkole z wyjątkiem szkół dla dorosłych lub szkół wyższych w systemie wieczorowym albo zaocznym, zarejestrowane we właściwym dla miejsca zameldowania (stałego lub czasowego) powiatowym urzędzie pracy oraz poszukujące zatrudnienia lub innej pracy zarobkowej, jeżeli spełniają określone w Ustawie warunki.",2024,25.67,,25.67
powiat nowotarski,RYNEK PRACY,Bezrobotni w wieku 55 lat i więcej,"Wyrażony w % udział bezrobotnych powyżej 55. roku życia w liczbie bezrobotnych ogółem. Do kategorii osób bezrobotnych wlicza się wyłącznie osoby zarejestrowane w powiatowych urzędach pracy. Przez bezrobotnych ( za Ustawą z dnia 20 kwietnia 2004 r. o promocji zatrudnienia i instytucjach rynku pracy) rozumiemy osoby niezatrudnione i nie wykonujące innej pracy zarobkowej, zdolne i gotowe do podjęcia zatrudnienia w pełnym wymiarze czasu pracy (bądź jeśli są to osoby niepełnosprawne - zdolne i gotowe do podjęcia zatrudnienia co najmniej w połowie tego wymiaru czasu pracy), nieuczące się w szkole z wyjątkiem szkół dla dorosłych lub szkół wyższych w systemie wieczorowym albo zaocznym, zarejestrowane we właściwym dla miejsca zameldowania (stałego lub czasowego) powiatowym urzędzie pracy oraz poszukujące zatrudnienia lub innej pracy zarobkowej, jeżeli spełniają określone w Ustawie warunki.",2024,14.55,,14.55
powiat nowotarski,RYNEK PRACY,Prowadzący działalność gospodarczą,Osoby fizyczne prowadzące działalność gospodarczą na 100 osób w wieku produkcyjnym. Dane bez osób prowadzących gospodarstwa indywidualne w rolnictwie.,2024,15.62,,15.62
powiat nowotarski,RYNEK PRACY,Zatrudnienie w branży finansowej i nieruchomościach,"Wyrażony w % udział pracujących w branży finansowej i nieruchomościach w stosunku do ogółu pracujących. Dane do 2021 roku bez podmiotów gospodarczych o liczbie pracujących do 9 osób. Podział branż jest zgodny z PKD 2007. Dotyczy sekcji: ""Działalność finansowa i ubezpieczeniowa; obsługa rynku nieruchomości"". W związku z wprowadzonymi zmianami metodologicznymi w pozyskiwaniu danych dotyczących: pracujących, zatrudnionych oraz przeciętnego zatrudnienia według PKD, dane od 2022 roku nie mogą być porównywane z danymi dla lat poprzednich.",2024,1.28,,1.28
powiat nowotarski,RYNEK PRACY,Zatrudnienie w rolnictwie,"Wyrażony w % udział pracujących w rolnictwie w stosunku do ogółu pracujących. Dane łącznie z rolnictwem indywidualnym. Dane dotyczące pracujących w gospodarstwach indywidualnych w rolnictwie według stanu w dniu 31 XII w latach 2002-2009 wyszacowano na podstawie wyników Narodowego Spisu Powszechnego Ludności i Mieszkań oraz Powszechnego Spisu Rolnego 2002 oraz w 2010 r. na podstawie Powszechnego Spisu Rolnego 2010. Podział branż jest zgodny z PKD 2007. Dotyczy sekcji: ""Rolnictwo, leśnictwo, łowiectwo i rybactwo"". W związku z wprowadzonymi zmianami metodologicznymi w pozyskiwaniu danych dotyczących: pracujących, zatrudnionych oraz przeciętnego zatrudnienia według PKD, dane od 2022 roku nie mogą być porównywane z danymi dla lat poprzednich.",2024,27.28,,27.28
powiat nowotarski,RYNEK PRACY,Zatrudnienie w przemyśle i budownictwie,"Wyrażony w % udział pracujących w przemyśle i budownictwie w stosunku do ogółu pracujących. Dane do 2021 roku bez podmiotów gospodarczych o liczbie pracujących do 9 osób. Podział branż jest zgodny z PKD 2007. Pod pojęciem ""Przemysł i budownictwo"" rozumie się sekcje: ""Górnictwo i wydobywanie""; ""Przetwórstwo przemysłowe""; ""Wytwarzanie i zaopatrywanie w energię elektryczną, gaz, parę wodną i gorącą wodę""; ""Dostawa wody; gospodarowanie ściekami i odpadami; rekultywacja"" oraz ""Budownictwo"". W związku z wprowadzonymi zmianami metodologicznymi w pozyskiwaniu danych dotyczących: pracujących, zatrudnionych oraz przeciętnego zatrudnienia według PKD, dane od 2022 roku nie mogą być porównywane z danymi dla lat poprzednich.",2024,26.48,,26.48
powiat nowotarski,RYNEK PRACY,"Zatrudnienie w handlu, transporcie, turystyce, informacji i komunikacji","Wyrażony w % udział pracujących w handlu, transporcie, turystyce, informacji i komunikacji w stosunku do ogółu pracujących. Dane do 2021 roku bez podmiotów gospodarczych o liczbie pracujących do 9 osób. Podział branż jest zgodny z PKD 2007. Dotyczy sekcji: ""Handel""; ""Naprawa pojazdów samochodowych""; ""Transport i gospodarka magazynowa""; ""Zakwaterowanie i gastronomia"" oraz ""Informacja i komunikacja"". W związku z wprowadzonymi zmianami metodologicznymi w pozyskiwaniu danych dotyczących: pracujących, zatrudnionych oraz przeciętnego zatrudnienia według PKD, dane od 2022 roku nie mogą być porównywane z danymi dla lat poprzednich.",2024,20.66,,20.66
powiat nowotarski,RYNEK PRACY,Zatrudnienie w pozostałych usługach,"Wyrażony w % udział pracujących w pozostałych usługach w stosunku do ogółu pracujących. Dane do 2021 roku bez podmiotów gospodarczych o liczbie pracujących do 9 osób. Podział branż jest zgodny z PKD 2007. Pod pojęciem ""Pozostałe usługi"" rozumie się sekcje: ""Działalność profesjonalna, naukowa i techniczna""; ""Administrowanie i działalność wspierająca""; ""Administracja publiczna i obrona narodowa, obowiązkowe zabezpieczenia społeczne""; ""Edukacja""; ""Opieka zdrowotna i pomoc społeczna""; ""Działalność związana z kulturą rozrywką i rekreacją"" oraz ""Pozostała działalność usługowa"". W związku z wprowadzonymi zmianami metodologicznymi w pozyskiwaniu danych dotyczących: pracujących, zatrudnionych oraz przeciętnego zatrudnienia według PKD, dane od 2022 roku nie mogą być porównywane z danymi dla lat poprzednich.",2024,24.30,,24.30
powiat nowotarski,MOBILNOŚĆ,Saldo migracji stałych,"Wskaźnik migracji stałych - różnica między napływem a odpływem ludności z danego obszaru w danym czasie. Saldo migracji stałych uwzględnia zarazem dane ze stałych migracji zewnętrznych jak i wewnętrznych. Migracje stałe to takie, które wiążą się ze zmianą miejsca zamieszkania na pobyt stały. W świetle prawa polskiego, tego typu migracje związane są z dokonaniem w biurze ewidencji ludności zameldowania lub wymeldowania. W 2015 roku GUS zrezygnował z opublikowania danych dotyczących migracji zagranicznych z powodu braku ich kompletności. Dlatego niemożliwe było określenie poziomu migracji stałych za rok 2015.",2024,-107.00,,-107.00
powiat nowotarski,MOBILNOŚĆ,Saldo migracji zagranicznych,Wskaźnik migracji zagranicznych - różnica między odpływem zagranicę a napływem do kraju ludności w danym czasie.,2024,41.00,,41.00
powiat nowotarski,BUDŻETY GMIN,Wydatki budżetów gmin ogółem,"Wskaźnik wydatków gmin - wydatki budżetów gmin i miast na prawach powiatów w przeliczeniu na jednego mieszkańca. Dane stanowią sumę wydatków na rolnictwo, transport, gospodarkę komunalną, gosp. mieszkaniową, oświatę i wychowanie, kulturę i sztukę, ochronę zdrowia, kulturę fizyczną i sport, a także wydatki na administrację samorządową. Wydatki te są sklasyfikowane w rozporządzeniu Ministra Finansów z dnia 14 czerwca 2006 r. w sprawie szczegółowej klasyfikacji dochodów, wydatków, przychodów i rozchodów oraz środków pochodzących ze źródeł zagranicznych (Dz. U. 2006 r. Nr 107, poz.726, z późn. zm.). Wartości podawane są w złotówkach.",2024,7138.41,,7138.41
powiat nowotarski,BUDŻETY GMIN,Wydatki budżetów gmin - oświata i wychowanie,"Wskaźnik wydatków gmin na oświatę i wychowanie - wydatki budżetów gmin i miast na prawach powiatów na oświatę i wychowanie w przeliczeniu na jednego mieszkańca. Dane stanowią sumę wydatków sklasyfikowanych w dziale 801 rozporządzenia Ministra Finansów z dnia 14 czerwca 2006 r. w sprawie szczegółowej klasyfikacji dochodów, wydatków, przychodów i rozchodów oraz środków pochodzących ze źródeł zagranicznych (Dz. U. 2006 r. Nr 107, poz.726, z późn. zm.). Wartości podawane są w złotówkach.",2024,2806.26,,2806.26
powiat nowotarski,BUDŻETY GMIN,Wydatki budżetów gmin - kultura,"Wskaźnik wydatków gmin na kulturę i ochronę dziedzictwa narodowego - wydatki budżetów gmin i miast na prawach powiatów na kulturę i ochronę dziedzictwa narodowego w przeliczeniu na jednego mieszkańca. Dane stanowią sumę wydatków sklasyfikowanych w dziale 921 rozporządzenia Ministra Finansów z dnia 14 czerwca 2006 r. w sprawie szczegółowej klasyfikacji dochodów, wydatków, przychodów i rozchodów oraz środków pochodzących ze źródeł zagranicznych (Dz. U. 2006 r. Nr 107, poz.726, z późn. zm.). Wartości podawane są w złotówkach.",2024,233.46,,233.46
powiat nowotarski,BUDŻETY GMIN,Wydatki budżetów gmin - pomoc społeczna,"Wskaźnik wydatków gmin na pomoc społeczną - wydatki budżetów gmin i miast na prawach powiatów na pomoc społeczną i pozostałe zadania w zakresie polityki społecznej w przeliczeniu na jednego mieszkańca. Dane stanowią sumę wydatków sklasyfikowanych w działach 852 i 853 rozporządzenia Ministra Finansów z dnia 14 czerwca 2006 r. w sprawie szczegółowej klasyfikacji dochodów, wydatków, przychodów i rozchodów oraz środków pochodzących ze źródeł zagranicznych (Dz. U. 2006 r. Nr 107, poz.726, z późn. zm.). Dane podawane są w złotówkach.",2024,315.18,,315.18
powiat m. Nowy Sącz,LUDNOŚĆ,Ludność ogółem,Liczba ludności zamieszkałej na danym terenie (dane zgodnie z faktycznym miejscem zamieszkania wg podziału administracyjnego na dzień 31 XII).,2024,79821,,79821
powiat m. Nowy Sącz,LUDNOŚĆ,Ludność w wieku przedprodukcyjnym,Udział ludności w wieku przedprodukcyjnym w liczbie ludności ogółem. Przez ludność w wieku przedprodukcyjnym rozumie się ludność w wieku do 17 roku życia.,2024,18.75,%,18.75%
powiat m. Nowy Sącz,LUDNOŚĆ,Ludność w wieku produkcyjnym,"Udział ludności w wieku produkcyjnym w liczbie ludności ogółem. Przez ludność w wieku produkcyjnym rozumie się ludność w wieku zdolności do pracy. Dla mężczyzn przyjęto wiek 18-64 lata, dla kobiet 18-59 lat.",2024,56.72,%,56.72%
powiat m. Nowy Sącz,LUDNOŚĆ,Ludność w wieku poprodukcyjnym,Udział ludności w wieku emerytalnym w liczbie ludności ogółem. Przez ludność w wieku poprodukcyjnym rozumie się ludność w wieku od 64 lat - dla mężczyzn i od 59 lat - dla kobiet.,2024,24.53,%,24.53%
powiat m. Nowy Sącz,LUDNOŚĆ,Ludność w wieku 60+,Udział ludności w wieku 60 i więcej lat w liczbie ludności ogółem.,2024,27.38,%,27.38%
powiat m. Nowy Sącz,LUDNOŚĆ,Wskaźnik podwójnego starzenia,Udział osób w wieku 80 i więcej lat w grupie osób wieku 60 i więcej lat.,2024,16.99,%,16.99%
powiat m. Nowy Sącz,LUDNOŚĆ,Wskaźnik wsparcia osób najstarszych,Liczba osób w wieku 85 lat i więcej przypadająca na 100 osób w wieku 50–64 lata,2024,13,,13
powiat m. Nowy Sącz,LUDNOŚĆ,Potencjał pielęgnacyjny,Liczba kobiet w wieku 45-64 lata (potencjalnych opiekunów rodzinnych) przypadających na 100 osób w wieku 80 i więcej lat,2024,302,,302
powiat m. Nowy Sącz,LUDNOŚĆ,Wskaźnik obciążenia demograficznego,Wskaźnik obciążenia demograficznego - ludność w wieku nieprodukcyjnym przypadająca na 100 osób w wieku produkcyjnym. Przez ludność w wieku produkcyjnym rozumie się osoby w wieku zdolności do pracy tj. mężczyźni w wieku 18 - 64 lat oraz kobiety w wieku 18 - 59.,2024,76.30,,76.30
powiat m. Nowy Sącz,LUDNOŚĆ,Przyrost naturalny na 1 000 ludności,Różnica między liczbą urodzeń żywych a liczbą zgonów w danym roku (bez rozróżnienia na płeć).,2024,-2.99,,-2.99
powiat m. Nowy Sącz,LUDNOŚĆ,Wskaźnik feminizacji,Wskaźnik feminizacji - wielkość demograficzna określająca ile kobiet przypada na 100 mężczyzn na danym terenie.,2024,109.67,,109.67
powiat m. Nowy Sącz,LUDNOŚĆ,Wskaźnik maskulinizacji,Wskaźnik maskulinizacji - wielkość demograficzna określająca ilu mężczyzn przypada na 100 kobiet na danym terenie.,2024,91.18,,91.18
powiat m. Nowy Sącz,LUDNOŚĆ,Wskaźnik gęstości zaludnienia,Wskaźnik gęstości zaludnienia - liczba mieszkańców przypadająca na 1 km².,2024,1385.80,,1385.80
powiat m. Nowy Sącz,LUDNOŚĆ,Wskaźnik urbanizacji,"Wskaźnik urbanizacji - udział mieszkańców miast w liczbie mieszkańców ogółem. Do wyliczenia wskaźnika posłużono się danymi na temat ludności faktycznie zamieszkałej na dzień 31 XII każdego roku. Ludnośc faktycznie zamieszkała obejmuje: a) stałych mieszkańców, z wyjatkiem osób przebywających poza miejscem zamieszkania przez okres powyżej 3 miesięcy w kraju oraz obejmuje wszystkie osoby przebywajace za granicą (bez względu na okres ich nieobecności) b) osoby przebywające czasowo przez okres powyżej 3 miesięcy, przybyłe z innego miejsca w kraju. Dane za lata 2010 - 2021 bazują na wynikach Narodowego Spisu Powszechnego Ludności i Mieszkań 2011.",2024,100.00,%,100.00%
powiat m. Nowy Sącz,LUDNOŚĆ,Małżeństwa na 1000 mieszkańców,Liczba zawartych małżeństw w przeliczeniu na 1000 mieszkańców.,2024,3.20,,3.20
powiat m. Nowy Sącz,LUDNOŚĆ,Urodzenia na 1000 mieszkańców,Liczba urodzeń żywych w przeliczeniu na 1000 mieszkańców.,2024,7.25,,7.25
powiat m. Nowy Sącz,LUDNOŚĆ,Zgony na 1000 mieszkańców,Liczba zgonów w przeliczeniu na 1000 mieszkańców.,2024,10.24,,10.24
powiat m. Nowy Sącz,LUDNOŚĆ,Wskaźnik/ indeks starości,"Relacja pokoleniowa dziadków i wnuczków, tj. liczba osób w wieku 65 i więcej lat przypadająca na 100 osób w wieku 0-14 lat",2024,141,,141
powiat m. Nowy Sącz,LUDNOŚĆ,Ludność w wieku 65+/ Współczynnik starości demograficznej,Relacja liczby osób w starszym wieku (65 lat i więcej) do ogólnej liczby ludności.,2024,21.12,%,21.12%
powiat m. Nowy Sącz,LUDNOŚĆ,Wskaźnik potencjalnego wsparcia,Liczba osób w wieku 15-64 lata przypadająca na 100 osób w wieku 65 lat i więcej. Przedstawia tzw. obciążenie - ile osób hipotetycznie pozostających na rynku pracy przypada na 1 osobę (100 osób) będącą już poza rykiem pracy (odwrotność cząstkowego współczynnika obciążenia demograficznego osobami starszymi).,2024,302,,302
powiat m. Nowy Sącz,POMOC SPOŁECZNA - K,Liczba mieszkańców na 1 pracownika socjalnego,Liczba mieszkańców przypadająca na jednego pracownika socjalnego zatrudnionego w ośrodku pomocy społecznej.,2024,1698,,1698
powiat m. Nowy Sącz,POMOC SPOŁECZNA - K,Pracownicy socjalni OPS posiadający wyższe wykształcenie,Udział pracowników socjalnych posiadających wyższe wykształcenie w ogólnej licznie pracowników socjalnych.,2024,96.00,%,96.00%
powiat m. Nowy Sącz,POMOC SPOŁECZNA - K,Pracownicy socjalni OPS posiadający I stopień specjalizacji w zawodzie pracownik socjalny,Udział pracowników socjalnych OPS posiadających I stopień specjalizacji w zawodzie pracownik socjalny w ogólnej liczbie pracowników socjalnych.,2024,6.00,%,6.00%
powiat m. Nowy Sącz,POMOC SPOŁECZNA - K,Pracownicy socjalni OPS posiadający II stopień specjalizacji w zawodzie pracownik socjalny,Udział pracowników socjalnych posiadających II stopień specjalizacji w zawodzie pracownik socjalny w ogólnej liczbie pracowników socjalnych.,2024,2.00,%,2.00%
powiat m. Nowy Sącz,POMOC SPOŁECZNA - P,Alkoholizm,Odsetek klientów pomocy społecznej korzystających ze wsparcia z powodu alkoholizmu (na podstawie danych o rzeczywistej liczbie osób w rodzinach objętych pomocą społeczną).,2024,7.49,%,7.49%
powiat m. Nowy Sącz,POMOC SPOŁECZNA - P,Bezdomność,Odsetek klientów pomocy społecznej korzystających ze wsparcia z powodu bezdomności (na podstawie danych o rzeczywistej liczbie osób w rodzinach objętych pomocą społeczną).,2024,2.91,%,2.91%
powiat m. Nowy Sącz,POMOC SPOŁECZNA - P,Bezradność w sprawach opiekuńczo-wychowawczych i prowadzenia gosp. dom.,Odsetek klientów pomocy społecznej korzystających ze wsparcia z powodu bezradności w sprawach opiekuńczo-wychowawczych i prowadzenia gospodarstwa domowego (na podstawie danych o rzeczywistej liczbie osób w rodzinach objętych pomocą społeczną).,2024,43.19,%,43.19%
powiat m. Nowy Sącz,POMOC SPOŁECZNA - P,Bezrobocie,Odsetek klientów pomocy społecznej korzystających ze wsparcia z powodu bezrobocia (na podstawie danych o rzeczywistej liczbie osób w rodzinach objętych pomocą społeczną).,2024,47.73,%,47.73%
powiat m. Nowy Sącz,POMOC SPOŁECZNA - P,Długotrwała lub ciężka choroba,Odsetek klientów pomocy społecznej korzystających ze wsparcia z powodu długotrwałej bądź ciężkiej choroby (na podstawie danych o rzeczywistej liczbie osób w rodzinach objętych pomocą społeczną).,2024,65.50,%,65.50%
powiat m. Nowy Sącz,POMOC SPOŁECZNA - P,Narkomania,Odsetek klientów pomocy społecznej korzystających ze wsparcia z powodu narkomanii (na podstawie danych o rzeczywistej liczbie osób w rodzinach objętych pomocą społeczną).,2024,0.36,%,0.36%
powiat m. Nowy Sącz,POMOC SPOŁECZNA - P,Niepełnosprawność,Odsetek klientów pomocy społecznej korzystających ze wsparcia z powodu niepełnosprawności (na podstawie danych o rzeczywistej liczbie osób w rodzinach objętych pomocą społeczną).,2024,49.16,%,49.16%
powiat m. Nowy Sącz,POMOC SPOŁECZNA - P,Potrzeba ochrony macierzyństwa,Odsetek klientów pomocy społecznej korzystających ze wsparcia z powodu potrzeby ochrony macierzyństwa (na podstawie danych o rzeczywistej liczbie osób w rodzinach objętych pomocą społeczną).,2024,18.88,%,18.88%
powiat m. Nowy Sącz,POMOC SPOŁECZNA - P,Przemoc domowa,Odsetek klientów pomocy społecznej korzystających ze wsparcia z powodu przemocy domowej (na podstawie danych o rzeczywistej liczbie osób w rodzinach objętych pomocą społeczną).,2024,26.77,%,26.77%
powiat m. Nowy Sącz,POMOC SPOŁECZNA - P,Sieroctwo,Odsetek klientów pomocy społecznej korzystających ze wsparcia z powodu sieroctwa (na podstawie danych o rzeczywistej liczbie osób w rodzinach objętych pomocą społeczną).,2024,0.08,%,0.08%
powiat m. Nowy Sącz,POMOC SPOŁECZNA - P,Sytuacja kryzysowa,Odsetek klientów pomocy społecznej korzystających ze wsparcia z powodu sytuacji kryzysowej (na podstawie danych o rzeczywistej liczbie osób w rodzinach objętych pomocą społeczną).,2024,3.07,%,3.07%
powiat m. Nowy Sącz,POMOC SPOŁECZNA - P,Ubóstwo,Odsetek klientów pomocy społecznej korzystających ze wsparcia z powodu ubóstwa (na podstawie danych o rzeczywistej liczbie osób w rodzinach objętych pomocą społeczną).,2024,60.20,%,60.20%
powiat m. Nowy Sącz,POMOC SPOŁECZNA - P,Wielodzietność,Odsetek klientów pomocy społecznej korzystających ze wsparcia z powodu wielodzietności (na podstawie danych o rzeczywistej liczbie osób w rodzinach objętych pomocą społeczną).,2024,17.61,%,17.61%
powiat m. Nowy Sącz,POMOC SPOŁECZNA - P,Zdarzenie losowe,Odsetek klientów pomocy społecznej korzystających ze wsparcia z powodu zdarzenia losowego (na podstawie danych o rzeczywistej liczbie osób w rodzinach objętych pomocą społeczną).,2024,0.24,%,0.24%
powiat m. Nowy Sącz,POMOC SPOŁECZNA - B,Beneficjenci pomocy społecznej,"Udział osób korzystających z pomocy społecznej w liczbie ludności ogółem - na podstawie danych o rzeczywistej liczbie osób w rodzinach objętych pomocą społeczną (świadczenia przyznane w ramach zadań zleconych i własnych bez względu na rodzaj, formę, liczbę oraz źródło finansowania).",2024,3.14,%,3.14%
powiat m. Nowy Sącz,POMOC SPOŁECZNA - B,Rodziny niepełne objęte pomocą społeczną,"Wskaźnik pomocy społecznej udzielonej rodzinom niepełnym - udział rodzin niepełnych objętych pomocą (w której skład wchodzi jedno z rodziców z dzieckiem/ dziećmi) w liczbie wszystkich rodzin z dziećmi, którym udzielono pomocy.",2024,38.65,%,38.65%
powiat m. Nowy Sącz,POMOC SPOŁECZNA - B,Rodziny wielodzietne objęte pomocą społeczną,"Wskaźnik pomocy społecznej udzielonej rodzinom wielodzietnym - udział rodzin wielodzietnych (3 dzieci i więcej) objętych pomocą w liczbie wszystkich rodzin z dziećmi, którym udzielono pomocy.",2024,36.71,%,36.71%
powiat m. Nowy Sącz,POMOC SPOŁECZNA - B,Rodziny emerytów i rencistów objęte pomocą społeczną,"Wskaźnik pomocy społecznej udzielonej rodzinom emerytów i rencistów - udział rodzin emerytów i rencistów objętych pomocą w liczbie wszystkich rodzin, którym udzielono pomocy.",2024,27.07,%,27.07%
powiat m. Nowy Sącz,POMOC SPOŁECZNA - B,Pensjonariusze DPS nieopuszczający łóżek,Odsetek pensjonariuszy Domów Pomocy Społecznej nieopuszczających łóżek. Dane na temat liczby mieszkańców Domów Pomocy Społecznej zebrano wg. stanu na dzień 31 grudnia. W statystykach uwzględniono mieszkańców Domów Pomocy Społecznej i podmiotów niepublicznych w roku sprawozdawczym.,2024,13.23,%,13.23%
powiat m. Nowy Sącz,POMOC SPOŁECZNA - B,Pensjonariusze DPS do 18 roku życia,Odsetek pensjonariuszy Domów Pomocy Społecznej w wieku do18 roku życia. Dane na temat liczby mieszkańców Domów Pomocy Społecznej zebrano wg. stanu na dzień 31 grudnia. W statystykach uwzględniono mieszkańców Domów Pomocy Społecznej i podmiotów niepublicznych w roku sprawozdawczym.,2024,0.31,%,0.31%
powiat m. Nowy Sącz,POMOC SPOŁECZNA - B,Pensjonariusze DPS w wieku 19-40 lat,Odsetek pensjonariuszy Domów Pomocy Społecznej wieku 19-40 lat. Dane na temat liczby mieszkańców Domów Pomocy Społecznej zebrano wg. stanu na dzień 31 grudnia. W statystykach uwzględniono mieszkańców Domów Pomocy Społecznej i podmiotów niepublicznych w roku sprawozdawczym.,2024,6.77,%,6.77%
powiat m. Nowy Sącz,POMOC SPOŁECZNA - B,Pensjonariusze DPS w wieku 41-60 lat,Odsetek pensjonariuszy Domów Pomocy Społecznej wieku 41-60 lat. Dane na temat liczby mieszkańców Domów Pomocy Społecznej zebrano wg. stanu na dzień 31 grudnia. W statystykach uwzględniono mieszkańców Domów Pomocy Społecznej i podmiotów niepublicznych w roku sprawozdawczym.,2024,24.62,%,24.62%
powiat m. Nowy Sącz,POMOC SPOŁECZNA - B,Pensjonariusze DPS w wieku 61-74 lat,Odsetek pensjonariuszy Domów Pomocy Społecznej wieku 60-74 lat. Dane na temat liczby mieszkańców Domów Pomocy Społecznej zebrano wg. stanu na dzień 31 grudnia. W statystykach uwzględniono mieszkańców Domów Pomocy Społecznej i podmiotów niepublicznych w roku sprawozdawczym.,2024,36.31,%,36.31%
powiat m. Nowy Sącz,POMOC SPOŁECZNA - B,Pensjonariusze DPS w wieku powyżej 74 lat,Odsetek pensjonariuszy Domów Pomocy Społecznej wieku powyżej 74 lat. Dane na temat liczby mieszkańców Domów Pomocy Społecznej zebrano wg. stanu na dzień 31 grudnia. W statystykach uwzględniono mieszkańców Domów Pomocy Społecznej i podmiotów niepublicznych w roku sprawozdawczym.,2024,32.00,%,32.00%
powiat m. Nowy Sącz,Sheet6,Świadczenia pieniężne z pomocy społecznej,Odsetek korzystających ze świadczeń pieniężnych w ogólnej liczbie świadczeniobiorców pomocy społecznej (liczba osób w rodzinach),2024,85.98,%,85.98%
powiat m. Nowy Sącz,Sheet6,Świadczenia niepieniężne z pomocy społecznej,Odsetek korzystających ze świadczeń niepieniężnych w ogólnej liczbie świadczeniobiorców pomocy społecznej (liczba osób w rodzinach),2024,55.94,%,55.94%
powiat m. Nowy Sącz,Sheet6,Osoby korzystające z usług opiekuńczych i specjalistycznych usług opiekuńczych,Liczba osób korzystających z usług opiekuńczych (w tym specjalistycznych usług opiekuńczych).,2024,294,,294
powiat m. Nowy Sącz,Sheet6,Osoby korzystające ze specjalistycznych usług opiekuńczych dla osób z zaburzeniami psychicznymi,Liczba osób korzystających ze specjalistycznych usług opiekuńczych w miejscu zamieszkania dla osób z zaburzeniami psychicznymi.,2024,22,,22
powiat m. Nowy Sącz,Sheet6,Osoby objęte kontraktami socjalnymi,Udział osób objętych kontraktami socjalnymi w ogólnej liczbie osób w rodzinach świadczeniobiorców pomocy społecznej.,2024,3.71,%,3.71%
powiat m. Nowy Sącz,Sheet6,Osoby objęte dożywianiem na 1000 mieszkańców,Wskaźnik pomocy w zakresie dożywiania - liczba osób objętych pomocą państwa w zakresie dożywiania w przeliczeniu na 1000 mieszkańców.,2024,14,,14
powiat m. Nowy Sącz,Sheet6,Udział dzieci w ogóle osób objętych dożywianiem,"Udział dzieci w liczbie wszystkich osób objętych pomocą państwa w zakresie dożywiania. Sprawozdanie z realizacji programu ""Pomoc Państwa w zakresie dożywiania"" do 2013 roku obejmowało dzieci do lat 7. Od 2014 roku w sprawozdaniu liczba dzieci jest określona na podstawie momentu rozpoczęcia nauki w szkole podstawowej.",2024,15,%,15%
powiat m. Nowy Sącz,Sheet6,Udział uczniów w ogóle osób objętych dożywianiem,Udział dzieci w wieku szkolnym (uczniowie do czasu ukończenia szkoły ponadgimnazjalnej) w liczbie wszystkich osób objętych pomocą państwa w zakresie dożywiania.,2024,23,%,23%
powiat m. Nowy Sącz,POMOC SPOŁECZNA I O,Centra integracji społecznej,Liczba centrów integracji społecznej działających na danym terenie. Stan na 31 XII.,2024,1,,1
powiat m. Nowy Sącz,POMOC SPOŁECZNA I O,Domy pomocy społecznej,Liczba domów pomocy społecznej działających na danym terenie (bez podziału na typy).,2024,3,,3
powiat m. Nowy Sącz,POMOC SPOŁECZNA I O,Dzienne domy pomocy,Liczba dziennych domów pomocy działających na danym terenie. Stan na 31 XII.,2024,1,,1
powiat m. Nowy Sącz,POMOC SPOŁECZNA I O,Placówki specjalistycznego poradnictwa - jednostki  powiatowe,"Liczba jednostek specjalistycznego poradnictwa działających w powiatach. Stan na 31 XII. Wskaźnik zasilany od 2021 r. w związku ze zmianami monitorowania danych w sprawozdaniach resortowych. Zastąpił on wskaźnik ""Placówki specjalistycznego poradnictwa""",2024,0,,0
powiat m. Nowy Sącz,POMOC SPOŁECZNA I O,Placówki specjalistycznego poradnictwa,Liczba jednostek specjalistycznego poradnictwa działających na danym terenie. Stan na 31 XII. Od 2021 roku ze względu na brak kontynuacji monitorowania danych w sprawozdaniach resortowych wskaźnik nie jest już aktualizowany.,2024,0,,0
powiat m. Nowy Sącz,POMOC SPOŁECZNA I O,Kluby integracji społecznej,Liczba klubów integracji społecznej działających na danym terenie.,2024,2,,2
powiat m. Nowy Sącz,POMOC SPOŁECZNA I O,Mieszkania treningowe oraz wspomagane,"Liczba mieszkań treningowe oraz wspomaganych działających na danym terenie. Stan na 31 XII. Do 2022 r. w systemie funkcjonowały mieszkania chronione, natomiast od 2023 r. funkcjonują mieszkania treningowe oraz wspomagane.",2024,4,,4
powiat m. Nowy Sącz,POMOC SPOŁECZNA I O,"Noclegownie, schroniska i domy dla osób bezdomnych","Liczba noclegowni, schronisk i domów dla osób bezdomnych działających na danym terenie.",2024,1,,1
powiat m. Nowy Sącz,POMOC SPOŁECZNA I O,Ośrodki interwencji kryzysowej,Liczba ośrodków interwencji kryzysowej działających na danym terenie. Stan na 31 XII.,2024,1,,1
powiat m. Nowy Sącz,POMOC SPOŁECZNA I O,Placówki opiekuńczo-wychowawcze,Liczba placówek opiekuńczo-wychowawczych działających na danym terenie (bez podziału na typy). Stan na 31 XII.,2024,6,,6
powiat m. Nowy Sącz,POMOC SPOŁECZNA I O,Placówki wsparcia dziennego,Liczba placówek wsparcia dziennego działających na danym terenie. Stan na 31 XII.,2024,14,,14
powiat m. Nowy Sącz,POMOC SPOŁECZNA I O,"Placówki zapewniające całodobową opiekę osobom niepełnosprawnym, przewlekle chorym lub osobom w podeszłym wieku","Liczba placówek zapewniających całodobową opiekę osobom niepełnosprawnym, przewlekle chorym lub osobom w podeszłym wieku działających na danym terenie (w oparciu zarówno o działalność gospodarczą, jak i o działalność statutową). Stan na 31 XII.",2024,0,,0
powiat m. Nowy Sącz,POMOC SPOŁECZNA I O,Środowiskowe domy samopomocy,Liczba środowiskowych domów samopomocy działających na danym terenie. Stan na 31 XII.,2024,1,,1
powiat m. Nowy Sącz,POMOC SPOŁECZNA I O,Zakłady aktywności zawodowej,Liczba zakładów aktywności zawodowej działających na danym terenie.,2024,0,,0
powiat m. Nowy Sącz,PIECZA ZASTĘPCZA,Stopień deinstytucjonalizacji pieczy zastępczej,"Stosunek liczby dzieci w rodzinnej pieczy zastępczej (dzieci przebywające w rodzinach zastępczych, rodzinnych domach dziecka i w placówkach opiekuńczo-wychowawczych typu rodzinnego) do liczby wszystkich dzieci w pieczy zastępczej. Do wskaźnika nie wliczono dzieci umieszczonych w rodzinach zastępczych spokrewnionych (definicja zaczerpnięta z raportu ""Postępy deinstytucjonalizacji pieczy zastępczej""; Warszawa 2018 r.). Dane zbierane przez MRiPS regularnie (co pół roku) w sprawozdaniach resortowych.",2024,68.38,%,68.38%
powiat m. Nowy Sącz,PIECZA ZASTĘPCZA,Intensywność pieczy zastępczej,"Liczba dzieci poniżej 18. roku życia przebywających w pieczy zastępczej w stosunku do liczby wszystkich dzieci w wieku poniżej 18 roku życia na danym terenie w przeliczeniu na 1000 dzieci (definicja zaczerpnięta z raportu ""Postępy deinstytucjonalizacji pieczy zastępczej""; Warszawa 2018 r.). Dane zbierane przez MRiPS regularnie (co pół roku) w sprawozdaniach resortowych.",2024,11.49,,11.49
powiat m. Nowy Sącz,PIECZA ZASTĘPCZA,Liczba rodzin zastępczych,"Liczba rodzin zastępczych funkcjonujących na danym obszarze. Rodzina zastępcza jest jedną z form rodzinnej pieczy zastępczej, sprawowanej w przypadku niemożności zapewnienia dziecku opieki i wychowania przez rodziców.",2024,56,,56
powiat m. Nowy Sącz,PIECZA ZASTĘPCZA,Liczba dzieci w rodzinach zastępczych,"Liczba dzieci wychowujących się w rodzinach zastępczych na danym obszarze. Rodzina zastępcza jest jedną z form rodzinnej pieczy zastępczej, sprawowanej w przypadku niemożności zapewnienia dziecku opieki i wychowania przez rodziców. Do roku 2011 dane pochodzą ze sprawozdania MPiPS-03; od roku 2012 dane pochodzą ze sprawozdania Ocena Zasobów Pomocy Społecznej.",2024,85,,85
powiat m. Nowy Sącz,ZDROWIE,Dostępność aptek,"Wskaźnik dostępności do aptek - liczba osób przypadająca na jedną aptekę ogólnodostępną. Apteka, zgodnie z Ustawą ""Prawo farmaceutyczne"" z dnia 6 września 2001 r. to placówka ochrony zdrowia publicznego, w której osoby uprawnione świadczą w szczególności usługi farmaceutyczne obejmujące zadania określone w ustawie.",2024,2348,,2348
powiat m. Nowy Sącz,ZDROWIE,Zgony z powodu chorób nowotworowych,Wskaźnik umieralności z powodu choroby nowotworowej - udział zgonów z powodu choroby nowotworowej w liczbie zgonów ogółem. Dane do wskaźnika pochodzą z kart statystycznych do kart zgonów.,2024,29.70,%,29.70%
powiat m. Nowy Sącz,ZDROWIE,Zgony z powodu chorób układu krążenia,Wskaźnik umieralności z powodu chorób układu krążenia - udział zgonów z powodu chorób układu krążenia w liczbie zgonów ogółem. Dane do wskaźnika pochodzą z kart statystycznych do kart zgonów.,2024,37.90,%,37.90%
powiat m. Nowy Sącz,"WYNAGRODZENIA, EMERY",Przeciętne wynagrodzenie w relacji do śr. krajowej,Wskaźnik wysokości wynagrodzeń - przeciętne miesięczne wynagrodzenia brutto w gospodarce narodowej w relacji do średniej krajowej (Polska=100%). Wskaźnik pokazuje jaki procent średniej krajowej jest osiągany na danym terenie.,2024,84.40,,84.40
powiat m. Nowy Sącz,KULTURA,Wskaźnik dostępności kin,"Wskaźnik dostępności kin - liczba osób przypadających na jedno miejsce na widowni kina. Przez ""miejsce na widowni"" rozumie się każde numerowane miejsce (zarejestrowane) wykorzystywane przez instytucję kultury do stałych prezentacji scenicznych (w stałej sali eksploatowanej przez instytucję artystyczną lub w kinie stałym do prezentacji filmów).",2024,45,,45
powiat m. Nowy Sącz,KULTURA,Wskaźnik dostępności domów i ośrodków kultury,"Wskaźnik dostępności domów i ośrodków kultury oraz klubów, świetlic i kół - liczba osób przypadająca na jedną placówkę kultury.",2024,7982,,7982
powiat m. Nowy Sącz,KULTURA,Wskaźnik dostępności muzeów,"Wskaźnik dostępności do muzeów - liczba ludności przypadająca na jedną placówkę muzealną. Dane wskaźnikowe bazują na sprawozdaniach z działalności muzeów i instytucji paramuzealnych. Przez placówkę muzealną (za ustawą z dnia 21 listopada 1996 r. o muzeach) rozumiemy jednostkę organizacyjną, nienastawioną na osiąganie zysku, której celem jest sprawowanie opieki nad zabytkami, informowanie o wartościach i treściach gromadzonych zbiorów, upowszechnianie podstawowych wartości historii, nauki i kultury polskiej oraz światowej, kształtowanie wrażliwości poznawczej i estetycznej oraz umożliwianie kontaktu ze zbiorami.",2024,26607,,26607
powiat m. Nowy Sącz,KULTURA,Wskaźnik dostępności bibliotek,"Wskaźnik dostępności bibliotek - liczba ludności przydająca na jedną placówkę biblioteczną. W celu wyliczenia wskaźnika zliczono biblioteki, filie i punkty biblioteczne na danym ternie. Dane bazują na sprawozdaniach bibliotek ogólnych. Zgodnie z definicją przyjętą przez GUS przez placówkę biblioteczną rozumie się jednostkę organizacyjną lub jej część posiadającą uporządkowany (zinwentaryzowany) zbiór książek, czasopism i innych materiałów piśmienniczych liczący co najmniej 300 jednostek inwentarzowych, której głównymi celami są tworzenie i obsługa zbiorów oraz udostępnianie ich użytkownikom w sposób kontrolowany.",2024,9978,,9978
powiat m. Nowy Sącz,KULTURA,Wskaźnik czytelnictwa,Wskaźnik czytelnictwa - ilość wypożyczeń z księgozbioru przez jednego czytelnika w ciągu roku. Przez księgozbiór rozumie się zbiór obejmujący wydawnictwa nieperiodyczne (książki i broszury) i wydawnictwa periodyczne (gazety i czasopisma).,2024,20,,20
powiat m. Nowy Sącz,EDUKACJA,Edukacja przedszkolna,"Wskaźnik edukacji na poziomie przedszkolnym - odsetek dzieci w wieku od 3 do 5 lat uczęszczających do placówek wychowania przedszkolnego. Wskaźnik zbudowano na podstawie sprawozdań przedszkoli i innych form edukacji przedszkolnej. Uwzględniono ośrodki wychowania przedszkolnego prowadzone przez ograny samorządu terytorialnego, jednostki samorządu powiatowego oraz gminnego.",2024,121.30,,121.30
powiat m. Nowy Sącz,EDUKACJA,Zdawalność egzaminu maturalnego w technikach,"Wskaźnik zdawalności matur w technikach - procent uczniów klas IV techników, którzy zdali egzamin maturalny.",2024,90.00,,90.00
powiat m. Nowy Sącz,EDUKACJA,Zdawalność egzaminu maturalnego w liceach ogólnokształcących,"Wskaźnik zdawalności matur w liceach -procent uczniów klas III liceów ogólnokształcących, którzy zdali egzamin maturalny.",2024,95.00,,95.00
powiat m. Nowy Sącz,EDUKACJA,Wyniki egzaminu ósmoklasisty – język polski,"Wyrażony w % średni wynik uczniów uzyskiwany na egzaminie ósmoklasisty w części z języka polskiego (wskaźnik aktualizowany od 2019 roku, w którym uczniowie szkół podstawowych po raz pierwszy przystąpili do egzaminu ósmoklasisty)",2024,65.70,,65.70
powiat m. Nowy Sącz,EDUKACJA,Wyniki egzaminu ósmoklasisty – język angielski podstawowy,"Wyrażony w % średni wynik uczniów uzyskiwany na egzaminie ósmoklasisty w części podstawowej z języka angielskiego (wskaźnik aktualizowany od 2019 roku, w którym uczniowie szkół podstawowych po raz pierwszy przystąpili do egzaminu ósmoklasisty)",2024,71.27,,71.27
powiat m. Nowy Sącz,EDUKACJA,Wyniki egzaminu ósmoklasisty – matematyka,"Wyrażony w % średni wynik uczniów uzyskiwany na egzaminie ósmoklasisty w części z matematyki (wskaźnik aktualizowany od 2019 roku, w którym uczniowie szkół podstawowych po raz pierwszy przystąpili do egzaminu ósmoklasisty)",2024,55.06,,55.06
powiat m. Nowy Sącz,EDUKACJA,Wybory edukacyjne ósmoklasistów – technikum,"Wyrażony w % udział absolwentów szkół podstawowych, którzy wybrali technikum jako miejsce dalszego kształcenia. Wskaźnik obliczony na podstawie liczby uczniów w klasie pierwszej technikum. (wskaźnik aktualizowany od 2020 roku po ostatecznym wygaszeniu szkół gimnazjalnych)",2024,39.35,,39.35
powiat m. Nowy Sącz,EDUKACJA,Wybory edukacyjne ósmoklasistów – liceum ogólnokształcące,"Wyrażony w % udział absolwentów szkół podstawowych, którzy wybrali liceum ogólnokształcące jako miejsce dalszego kształcenia. Wskaźnik obliczony na podstawie liczby uczniów w klasie pierwszej liceów ogólnokształcących. (wskaźnik aktualizowany od 2020 roku po ostatecznym wygaszeniu szkół gimnazjalnych)",2024,46.76,,46.76
powiat m. Nowy Sącz,EDUKACJA,Wybory edukacyjne ósmoklasistów – szkoła branżowa I stopnia,"Wyrażony w % udział absolwentów szkół podstawowych, którzy wybrali szkołę branżową I stopnia jako miejsce dalszego kształcenia. Wskaźnik obliczony na podstawie liczby uczniów w klasie pierwszej szkół branżowych I stopnia. (wskaźnik aktualizowany od 2020 roku po ostatecznym wygaszeniu szkół gimnazjalnych)",2024,13.89,,13.89
powiat m. Nowy Sącz,RYNEK PRACY,Stopa bezrobocia,"Stopa bezrobocia - procentowy udział liczby bezrobotnych w liczbie ludności aktywnej zawodowo (tzn. pracującej i bezrobotnej). Przez bezrobotnych ( za Ustawą z dnia 20 kwietnia 2004 r. o promocji zatrudnienia i instytucjach rynku pracy) rozumiemy osoby niezatrudnione i nie wykonujące innej pracy zarobkowej, zdolne i gotowe do podjęcia zatrudnienia w pełnym wymiarze czasu pracy (bądź jeśli są to osoby niepełnosprawne - zdolne i gotowe do podjęcia zatrudnienia co najmniej w połowie tego wymiaru czasu pracy), nieuczące się w szkole z wyjątkiem szkół dla dorosłych lub szkół wyższych w systemie wieczorowym albo zaocznym, zarejestrowane we właściwym dla miejsca zameldowania (stałego lub czasowego) powiatowym urzędzie pracy oraz poszukujące zatrudnienia lub innej pracy zarobkowej, jeżeli spełniają określone w Ustawie warunki.",2024,3.50,,3.50
powiat m. Nowy Sącz,RYNEK PRACY,Bezrobocie kobiet,"Bezrobocie kobiet - Wyrażony w % udział bezrobotnych kobiet w liczbie bezrobotnych ogółem. Do kategorii osób bezrobotnych wlicza się wyłącznie osoby zarejestrowane w powiatowych urzędach pracy. Przez bezrobotnych ( za Ustawą z dnia 20 kwietnia 2004 r. o promocji zatrudnienia i instytucjach rynku pracy) rozumiemy osoby niezatrudnione i nie wykonujące innej pracy zarobkowej, zdolne i gotowe do podjęcia zatrudnienia w pełnym wymiarze czasu pracy (bądź jeśli są to osoby niepełnosprawne - zdolne i gotowe do podjęcia zatrudnienia co najmniej w połowie tego wymiaru czasu pracy), nieuczące się w szkole z wyjątkiem szkół dla dorosłych lub szkół wyższych w systemie wieczorowym albo zaocznym, zarejestrowane we właściwym dla miejsca zameldowania (stałego lub czasowego) powiatowym urzędzie pracy oraz poszukujące zatrudnienia lub innej pracy zarobkowej, jeżeli spełniają określone w Ustawie warunki.",2024,54.74,,54.74
powiat m. Nowy Sącz,RYNEK PRACY,Bezrobocie rodzinne,"Odsetek osób bezrobotnych zamieszkujących gospodarstwo domowe, w którym dwie lub więcej osób pozostaje na bezrobociu. Dane dla powiatu tarnowskiego i Tarnowa przedstawione zostały łącznie. Dane obrazują stan na 31 XII danego roku.",2024,16.20,%,16.20%
powiat m. Nowy Sącz,RYNEK PRACY,Bezrobotni dłużej niż 1 rok,"Wyrażony w % udział bezrobotnych dłużej niż 1 rok w liczbie bezrobotnych ogółem. Do kategorii osób bezrobotnych wlicza się wyłącznie osoby zarejestrowane w powiatowych urzędach pracy. Przez bezrobotnych ( za Ustawą z dnia 20 kwietnia 2004 r. o promocji zatrudnienia i instytucjach rynku pracy) rozumiemy osoby niezatrudnione i nie wykonujące innej pracy zarobkowej, zdolne i gotowe do podjęcia zatrudnienia w pełnym wymiarze czasu pracy (bądź jeśli są to osoby niepełnosprawne - zdolne i gotowe do podjęcia zatrudnienia co najmniej w połowie tego wymiaru czasu pracy), nieuczące się w szkole z wyjątkiem szkół dla dorosłych lub szkół wyższych w systemie wieczorowym albo zaocznym, zarejestrowane we właściwym dla miejsca zameldowania (stałego lub czasowego) powiatowym urzędzie pracy oraz poszukujące zatrudnienia lub innej pracy zarobkowej, jeżeli spełniają określone w Ustawie warunki.",2024,26.90,,26.90
powiat m. Nowy Sącz,RYNEK PRACY,Bezrobotni z wykształceniem gimnazjalnym i niższym,"Wyrażony w % udział bezrobotnych z wykształceniem gimnazjalnym i niższym w liczbie bezrobotnych ogółem. Do kategorii osób bezrobotnych wlicza się wyłącznie osoby zarejestrowane w powiatowych urzędach pracy. Przez bezrobotnych ( za Ustawą z dnia 20 kwietnia 2004 r. o promocji zatrudnienia i instytucjach rynku pracy) rozumiemy osoby niezatrudnione i nie wykonujące innej pracy zarobkowej, zdolne i gotowe do podjęcia zatrudnienia w pełnym wymiarze czasu pracy (bądź jeśli są to osoby niepełnosprawne - zdolne i gotowe do podjęcia zatrudnienia co najmniej w połowie tego wymiaru czasu pracy), nieuczące się w szkole z wyjątkiem szkół dla dorosłych lub szkół wyższych w systemie wieczorowym albo zaocznym, zarejestrowane we właściwym dla miejsca zameldowania (stałego lub czasowego) powiatowym urzędzie pracy oraz poszukujące zatrudnienia lub innej pracy zarobkowej, jeżeli spełniają określone w Ustawie warunki.",2024,20.55,,20.55
powiat m. Nowy Sącz,RYNEK PRACY,Bezrobotni w wieku poniżej 25 lat,"Wyrażony w % udział bezrobotnych poniżej 25. roku życia w liczbie bezrobotnych ogółem. Do kategorii osób bezrobotnych wlicza się wyłącznie osoby zarejestrowane w powiatowych urzędach pracy. Przez bezrobotnych ( za Ustawą z dnia 20 kwietnia 2004 r. o promocji zatrudnienia i instytucjach rynku pracy) rozumiemy osoby niezatrudnione i nie wykonujące innej pracy zarobkowej, zdolne i gotowe do podjęcia zatrudnienia w pełnym wymiarze czasu pracy (bądź jeśli są to osoby niepełnosprawne - zdolne i gotowe do podjęcia zatrudnienia co najmniej w połowie tego wymiaru czasu pracy), nieuczące się w szkole z wyjątkiem szkół dla dorosłych lub szkół wyższych w systemie wieczorowym albo zaocznym, zarejestrowane we właściwym dla miejsca zameldowania (stałego lub czasowego) powiatowym urzędzie pracy oraz poszukujące zatrudnienia lub innej pracy zarobkowej, jeżeli spełniają określone w Ustawie warunki.",2024,13.57,,13.57
powiat m. Nowy Sącz,RYNEK PRACY,Bezrobotni w wieku 25-34 lata,"Wyrażony w % udział bezrobotnych w wieku 25-34 lata w liczbie bezrobotnych ogółem. Do kategorii osób bezrobotnych wlicza się wyłącznie osoby zarejestrowane w powiatowych urzędach pracy. Przez bezrobotnych ( za Ustawą z dnia 20 kwietnia 2004 r. o promocji zatrudnienia i instytucjach rynku pracy) rozumiemy osoby niezatrudnione i nie wykonujące innej pracy zarobkowej, zdolne i gotowe do podjęcia zatrudnienia w pełnym wymiarze czasu pracy (bądź jeśli są to osoby niepełnosprawne - zdolne i gotowe do podjęcia zatrudnienia co najmniej w połowie tego wymiaru czasu pracy), nieuczące się w szkole z wyjątkiem szkół dla dorosłych lub szkół wyższych w systemie wieczorowym albo zaocznym, zarejestrowane we właściwym dla miejsca zameldowania (stałego lub czasowego) powiatowym urzędzie pracy oraz poszukujące zatrudnienia lub innej pracy zarobkowej, jeżeli spełniają określone w Ustawie warunki.",2024,22.28,,22.28
powiat m. Nowy Sącz,RYNEK PRACY,Bezrobotni w wieku 55 lat i więcej,"Wyrażony w % udział bezrobotnych powyżej 55. roku życia w liczbie bezrobotnych ogółem. Do kategorii osób bezrobotnych wlicza się wyłącznie osoby zarejestrowane w powiatowych urzędach pracy. Przez bezrobotnych ( za Ustawą z dnia 20 kwietnia 2004 r. o promocji zatrudnienia i instytucjach rynku pracy) rozumiemy osoby niezatrudnione i nie wykonujące innej pracy zarobkowej, zdolne i gotowe do podjęcia zatrudnienia w pełnym wymiarze czasu pracy (bądź jeśli są to osoby niepełnosprawne - zdolne i gotowe do podjęcia zatrudnienia co najmniej w połowie tego wymiaru czasu pracy), nieuczące się w szkole z wyjątkiem szkół dla dorosłych lub szkół wyższych w systemie wieczorowym albo zaocznym, zarejestrowane we właściwym dla miejsca zameldowania (stałego lub czasowego) powiatowym urzędzie pracy oraz poszukujące zatrudnienia lub innej pracy zarobkowej, jeżeli spełniają określone w Ustawie warunki.",2024,17.48,,17.48
powiat m. Nowy Sącz,RYNEK PRACY,Prowadzący działalność gospodarczą,Osoby fizyczne prowadzące działalność gospodarczą na 100 osób w wieku produkcyjnym. Dane bez osób prowadzących gospodarstwa indywidualne w rolnictwie.,2024,17.73,,17.73
powiat m. Nowy Sącz,RYNEK PRACY,Zatrudnienie w branży finansowej i nieruchomościach,"Wyrażony w % udział pracujących w branży finansowej i nieruchomościach w stosunku do ogółu pracujących. Dane do 2021 roku bez podmiotów gospodarczych o liczbie pracujących do 9 osób. Podział branż jest zgodny z PKD 2007. Dotyczy sekcji: ""Działalność finansowa i ubezpieczeniowa; obsługa rynku nieruchomości"". W związku z wprowadzonymi zmianami metodologicznymi w pozyskiwaniu danych dotyczących: pracujących, zatrudnionych oraz przeciętnego zatrudnienia według PKD, dane od 2022 roku nie mogą być porównywane z danymi dla lat poprzednich.",2024,2.31,,2.31
powiat m. Nowy Sącz,RYNEK PRACY,Zatrudnienie w rolnictwie,"Wyrażony w % udział pracujących w rolnictwie w stosunku do ogółu pracujących. Dane łącznie z rolnictwem indywidualnym. Dane dotyczące pracujących w gospodarstwach indywidualnych w rolnictwie według stanu w dniu 31 XII w latach 2002-2009 wyszacowano na podstawie wyników Narodowego Spisu Powszechnego Ludności i Mieszkań oraz Powszechnego Spisu Rolnego 2002 oraz w 2010 r. na podstawie Powszechnego Spisu Rolnego 2010. Podział branż jest zgodny z PKD 2007. Dotyczy sekcji: ""Rolnictwo, leśnictwo, łowiectwo i rybactwo"". W związku z wprowadzonymi zmianami metodologicznymi w pozyskiwaniu danych dotyczących: pracujących, zatrudnionych oraz przeciętnego zatrudnienia według PKD, dane od 2022 roku nie mogą być porównywane z danymi dla lat poprzednich.",2024,0.58,,0.58
powiat m. Nowy Sącz,RYNEK PRACY,Zatrudnienie w przemyśle i budownictwie,"Wyrażony w % udział pracujących w przemyśle i budownictwie w stosunku do ogółu pracujących. Dane do 2021 roku bez podmiotów gospodarczych o liczbie pracujących do 9 osób. Podział branż jest zgodny z PKD 2007. Pod pojęciem ""Przemysł i budownictwo"" rozumie się sekcje: ""Górnictwo i wydobywanie""; ""Przetwórstwo przemysłowe""; ""Wytwarzanie i zaopatrywanie w energię elektryczną, gaz, parę wodną i gorącą wodę""; ""Dostawa wody; gospodarowanie ściekami i odpadami; rekultywacja"" oraz ""Budownictwo"". W związku z wprowadzonymi zmianami metodologicznymi w pozyskiwaniu danych dotyczących: pracujących, zatrudnionych oraz przeciętnego zatrudnienia według PKD, dane od 2022 roku nie mogą być porównywane z danymi dla lat poprzednich.",2024,34.76,,34.76
powiat m. Nowy Sącz,RYNEK PRACY,"Zatrudnienie w handlu, transporcie, turystyce, informacji i komunikacji","Wyrażony w % udział pracujących w handlu, transporcie, turystyce, informacji i komunikacji w stosunku do ogółu pracujących. Dane do 2021 roku bez podmiotów gospodarczych o liczbie pracujących do 9 osób. Podział branż jest zgodny z PKD 2007. Dotyczy sekcji: ""Handel""; ""Naprawa pojazdów samochodowych""; ""Transport i gospodarka magazynowa""; ""Zakwaterowanie i gastronomia"" oraz ""Informacja i komunikacja"". W związku z wprowadzonymi zmianami metodologicznymi w pozyskiwaniu danych dotyczących: pracujących, zatrudnionych oraz przeciętnego zatrudnienia według PKD, dane od 2022 roku nie mogą być porównywane z danymi dla lat poprzednich.",2024,25.90,,25.90
powiat m. Nowy Sącz,RYNEK PRACY,Zatrudnienie w pozostałych usługach,"Wyrażony w % udział pracujących w pozostałych usługach w stosunku do ogółu pracujących. Dane do 2021 roku bez podmiotów gospodarczych o liczbie pracujących do 9 osób. Podział branż jest zgodny z PKD 2007. Pod pojęciem ""Pozostałe usługi"" rozumie się sekcje: ""Działalność profesjonalna, naukowa i techniczna""; ""Administrowanie i działalność wspierająca""; ""Administracja publiczna i obrona narodowa, obowiązkowe zabezpieczenia społeczne""; ""Edukacja""; ""Opieka zdrowotna i pomoc społeczna""; ""Działalność związana z kulturą rozrywką i rekreacją"" oraz ""Pozostała działalność usługowa"". W związku z wprowadzonymi zmianami metodologicznymi w pozyskiwaniu danych dotyczących: pracujących, zatrudnionych oraz przeciętnego zatrudnienia według PKD, dane od 2022 roku nie mogą być porównywane z danymi dla lat poprzednich.",2024,36.45,,36.45
powiat m. Nowy Sącz,MOBILNOŚĆ,Saldo migracji stałych,"Wskaźnik migracji stałych - różnica między napływem a odpływem ludności z danego obszaru w danym czasie. Saldo migracji stałych uwzględnia zarazem dane ze stałych migracji zewnętrznych jak i wewnętrznych. Migracje stałe to takie, które wiążą się ze zmianą miejsca zamieszkania na pobyt stały. W świetle prawa polskiego, tego typu migracje związane są z dokonaniem w biurze ewidencji ludności zameldowania lub wymeldowania. W 2015 roku GUS zrezygnował z opublikowania danych dotyczących migracji zagranicznych z powodu braku ich kompletności. Dlatego niemożliwe było określenie poziomu migracji stałych za rok 2015.",2024,-293.00,,-293.00
powiat m. Nowy Sącz,MOBILNOŚĆ,Saldo migracji zagranicznych,Wskaźnik migracji zagranicznych - różnica między odpływem zagranicę a napływem do kraju ludności w danym czasie.,2024,30.00,,30.00
powiat m. Nowy Sącz,BUDŻETY GMIN,Wydatki budżetów gmin ogółem,"Wskaźnik wydatków gmin - wydatki budżetów gmin i miast na prawach powiatów w przeliczeniu na jednego mieszkańca. Dane stanowią sumę wydatków na rolnictwo, transport, gospodarkę komunalną, gosp. mieszkaniową, oświatę i wychowanie, kulturę i sztukę, ochronę zdrowia, kulturę fizyczną i sport, a także wydatki na administrację samorządową. Wydatki te są sklasyfikowane w rozporządzeniu Ministra Finansów z dnia 14 czerwca 2006 r. w sprawie szczegółowej klasyfikacji dochodów, wydatków, przychodów i rozchodów oraz środków pochodzących ze źródeł zagranicznych (Dz. U. 2006 r. Nr 107, poz.726, z późn. zm.). Wartości podawane są w złotówkach.",2024,10949.81,,10949.81
powiat m. Nowy Sącz,BUDŻETY GMIN,Wydatki budżetów gmin - oświata i wychowanie,"Wskaźnik wydatków gmin na oświatę i wychowanie - wydatki budżetów gmin i miast na prawach powiatów na oświatę i wychowanie w przeliczeniu na jednego mieszkańca. Dane stanowią sumę wydatków sklasyfikowanych w dziale 801 rozporządzenia Ministra Finansów z dnia 14 czerwca 2006 r. w sprawie szczegółowej klasyfikacji dochodów, wydatków, przychodów i rozchodów oraz środków pochodzących ze źródeł zagranicznych (Dz. U. 2006 r. Nr 107, poz.726, z późn. zm.). Wartości podawane są w złotówkach.",2024,5018.74,,5018.74
powiat m. Nowy Sącz,BUDŻETY GMIN,Wydatki budżetów gmin - kultura,"Wskaźnik wydatków gmin na kulturę i ochronę dziedzictwa narodowego - wydatki budżetów gmin i miast na prawach powiatów na kulturę i ochronę dziedzictwa narodowego w przeliczeniu na jednego mieszkańca. Dane stanowią sumę wydatków sklasyfikowanych w dziale 921 rozporządzenia Ministra Finansów z dnia 14 czerwca 2006 r. w sprawie szczegółowej klasyfikacji dochodów, wydatków, przychodów i rozchodów oraz środków pochodzących ze źródeł zagranicznych (Dz. U. 2006 r. Nr 107, poz.726, z późn. zm.). Wartości podawane są w złotówkach.",2024,181.95,,181.95
powiat m. Nowy Sącz,BUDŻETY GMIN,Wydatki budżetów gmin - pomoc społeczna,"Wskaźnik wydatków gmin na pomoc społeczną - wydatki budżetów gmin i miast na prawach powiatów na pomoc społeczną i pozostałe zadania w zakresie polityki społecznej w przeliczeniu na jednego mieszkańca. Dane stanowią sumę wydatków sklasyfikowanych w działach 852 i 853 rozporządzenia Ministra Finansów z dnia 14 czerwca 2006 r. w sprawie szczegółowej klasyfikacji dochodów, wydatków, przychodów i rozchodów oraz środków pochodzących ze źródeł zagranicznych (Dz. U. 2006 r. Nr 107, poz.726, z późn. zm.). Dane podawane są w złotówkach.",2024,1033.38,,1033.38
powiat olkuski,LUDNOŚĆ,Ludność ogółem,Liczba ludności zamieszkałej na danym terenie (dane zgodnie z faktycznym miejscem zamieszkania wg podziału administracyjnego na dzień 31 XII).,2024,105000,,105000
powiat olkuski,LUDNOŚĆ,Ludność w wieku przedprodukcyjnym,Udział ludności w wieku przedprodukcyjnym w liczbie ludności ogółem. Przez ludność w wieku przedprodukcyjnym rozumie się ludność w wieku do 17 roku życia.,2024,16.49,%,16.49%
powiat olkuski,LUDNOŚĆ,Ludność w wieku produkcyjnym,"Udział ludności w wieku produkcyjnym w liczbie ludności ogółem. Przez ludność w wieku produkcyjnym rozumie się ludność w wieku zdolności do pracy. Dla mężczyzn przyjęto wiek 18-64 lata, dla kobiet 18-59 lat.",2024,56.47,%,56.47%
powiat olkuski,LUDNOŚĆ,Ludność w wieku poprodukcyjnym,Udział ludności w wieku emerytalnym w liczbie ludności ogółem. Przez ludność w wieku poprodukcyjnym rozumie się ludność w wieku od 64 lat - dla mężczyzn i od 59 lat - dla kobiet.,2024,27.04,%,27.04%
powiat olkuski,LUDNOŚĆ,Ludność w wieku 60+,Udział ludności w wieku 60 i więcej lat w liczbie ludności ogółem.,2024,30.10,%,30.10%
powiat olkuski,LUDNOŚĆ,Wskaźnik podwójnego starzenia,Udział osób w wieku 80 i więcej lat w grupie osób wieku 60 i więcej lat.,2024,16.11,%,16.11%
powiat olkuski,LUDNOŚĆ,Wskaźnik wsparcia osób najstarszych,Liczba osób w wieku 85 lat i więcej przypadająca na 100 osób w wieku 50–64 lata,2024,13,,13
powiat olkuski,LUDNOŚĆ,Potencjał pielęgnacyjny,Liczba kobiet w wieku 45-64 lata (potencjalnych opiekunów rodzinnych) przypadających na 100 osób w wieku 80 i więcej lat,2024,292,,292
powiat olkuski,LUDNOŚĆ,Wskaźnik obciążenia demograficznego,Wskaźnik obciążenia demograficznego - ludność w wieku nieprodukcyjnym przypadająca na 100 osób w wieku produkcyjnym. Przez ludność w wieku produkcyjnym rozumie się osoby w wieku zdolności do pracy tj. mężczyźni w wieku 18 - 64 lat oraz kobiety w wieku 18 - 59.,2024,77.10,,77.10
powiat olkuski,LUDNOŚĆ,Przyrost naturalny na 1 000 ludności,Różnica między liczbą urodzeń żywych a liczbą zgonów w danym roku (bez rozróżnienia na płeć).,2024,-6.59,,-6.59
powiat olkuski,LUDNOŚĆ,Wskaźnik feminizacji,Wskaźnik feminizacji - wielkość demograficzna określająca ile kobiet przypada na 100 mężczyzn na danym terenie.,2024,106.27,,106.27
powiat olkuski,LUDNOŚĆ,Wskaźnik maskulinizacji,Wskaźnik maskulinizacji - wielkość demograficzna określająca ilu mężczyzn przypada na 100 kobiet na danym terenie.,2024,94.10,,94.10
powiat olkuski,LUDNOŚĆ,Wskaźnik gęstości zaludnienia,Wskaźnik gęstości zaludnienia - liczba mieszkańców przypadająca na 1 km².,2024,169.90,,169.90
powiat olkuski,LUDNOŚĆ,Wskaźnik urbanizacji,"Wskaźnik urbanizacji - udział mieszkańców miast w liczbie mieszkańców ogółem. Do wyliczenia wskaźnika posłużono się danymi na temat ludności faktycznie zamieszkałej na dzień 31 XII każdego roku. Ludnośc faktycznie zamieszkała obejmuje: a) stałych mieszkańców, z wyjatkiem osób przebywających poza miejscem zamieszkania przez okres powyżej 3 miesięcy w kraju oraz obejmuje wszystkie osoby przebywajace za granicą (bez względu na okres ich nieobecności) b) osoby przebywające czasowo przez okres powyżej 3 miesięcy, przybyłe z innego miejsca w kraju. Dane za lata 2010 - 2021 bazują na wynikach Narodowego Spisu Powszechnego Ludności i Mieszkań 2011.",2024,46.85,%,46.85%
powiat olkuski,LUDNOŚĆ,Małżeństwa na 1000 mieszkańców,Liczba zawartych małżeństw w przeliczeniu na 1000 mieszkańców.,2024,3.30,,3.30
powiat olkuski,LUDNOŚĆ,Urodzenia na 1000 mieszkańców,Liczba urodzeń żywych w przeliczeniu na 1000 mieszkańców.,2024,5.94,,5.94
powiat olkuski,LUDNOŚĆ,Zgony na 1000 mieszkańców,Liczba zgonów w przeliczeniu na 1000 mieszkańców.,2024,12.53,,12.53
powiat olkuski,LUDNOŚĆ,Wskaźnik/ indeks starości,"Relacja pokoleniowa dziadków i wnuczków, tj. liczba osób w wieku 65 i więcej lat przypadająca na 100 osób w wieku 0-14 lat",2024,177,,177
powiat olkuski,LUDNOŚĆ,Ludność w wieku 65+/ Współczynnik starości demograficznej,Relacja liczby osób w starszym wieku (65 lat i więcej) do ogólnej liczby ludności.,2024,23.56,%,23.56%
powiat olkuski,LUDNOŚĆ,Wskaźnik potencjalnego wsparcia,Liczba osób w wieku 15-64 lata przypadająca na 100 osób w wieku 65 lat i więcej. Przedstawia tzw. obciążenie - ile osób hipotetycznie pozostających na rynku pracy przypada na 1 osobę (100 osób) będącą już poza rykiem pracy (odwrotność cząstkowego współczynnika obciążenia demograficznego osobami starszymi).,2024,268,,268
powiat olkuski,POMOC SPOŁECZNA - K,Liczba mieszkańców na 1 pracownika socjalnego,Liczba mieszkańców przypadająca na jednego pracownika socjalnego zatrudnionego w ośrodku pomocy społecznej.,2024,1981,,1981
powiat olkuski,POMOC SPOŁECZNA - K,Pracownicy socjalni OPS posiadający wyższe wykształcenie,Udział pracowników socjalnych posiadających wyższe wykształcenie w ogólnej licznie pracowników socjalnych.,2024,88.68,%,88.68%
powiat olkuski,POMOC SPOŁECZNA - K,Pracownicy socjalni OPS posiadający I stopień specjalizacji w zawodzie pracownik socjalny,Udział pracowników socjalnych OPS posiadających I stopień specjalizacji w zawodzie pracownik socjalny w ogólnej liczbie pracowników socjalnych.,2024,13.21,%,13.21%
powiat olkuski,POMOC SPOŁECZNA - K,Pracownicy socjalni OPS posiadający II stopień specjalizacji w zawodzie pracownik socjalny,Udział pracowników socjalnych posiadających II stopień specjalizacji w zawodzie pracownik socjalny w ogólnej liczbie pracowników socjalnych.,2024,13.21,%,13.21%
powiat olkuski,POMOC SPOŁECZNA - P,Alkoholizm,Odsetek klientów pomocy społecznej korzystających ze wsparcia z powodu alkoholizmu (na podstawie danych o rzeczywistej liczbie osób w rodzinach objętych pomocą społeczną).,2024,4.79,%,4.79%
powiat olkuski,POMOC SPOŁECZNA - P,Bezdomność,Odsetek klientów pomocy społecznej korzystających ze wsparcia z powodu bezdomności (na podstawie danych o rzeczywistej liczbie osób w rodzinach objętych pomocą społeczną).,2024,2.96,%,2.96%
powiat olkuski,POMOC SPOŁECZNA - P,Bezradność w sprawach opiekuńczo-wychowawczych i prowadzenia gosp. dom.,Odsetek klientów pomocy społecznej korzystających ze wsparcia z powodu bezradności w sprawach opiekuńczo-wychowawczych i prowadzenia gospodarstwa domowego (na podstawie danych o rzeczywistej liczbie osób w rodzinach objętych pomocą społeczną).,2024,16.58,%,16.58%
powiat olkuski,POMOC SPOŁECZNA - P,Bezrobocie,Odsetek klientów pomocy społecznej korzystających ze wsparcia z powodu bezrobocia (na podstawie danych o rzeczywistej liczbie osób w rodzinach objętych pomocą społeczną).,2024,33.20,%,33.20%
powiat olkuski,POMOC SPOŁECZNA - P,Długotrwała lub ciężka choroba,Odsetek klientów pomocy społecznej korzystających ze wsparcia z powodu długotrwałej bądź ciężkiej choroby (na podstawie danych o rzeczywistej liczbie osób w rodzinach objętych pomocą społeczną).,2024,35.22,%,35.22%
powiat olkuski,POMOC SPOŁECZNA - P,Narkomania,Odsetek klientów pomocy społecznej korzystających ze wsparcia z powodu narkomanii (na podstawie danych o rzeczywistej liczbie osób w rodzinach objętych pomocą społeczną).,2024,0.36,%,0.36%
powiat olkuski,POMOC SPOŁECZNA - P,Niepełnosprawność,Odsetek klientów pomocy społecznej korzystających ze wsparcia z powodu niepełnosprawności (na podstawie danych o rzeczywistej liczbie osób w rodzinach objętych pomocą społeczną).,2024,29.09,%,29.09%
powiat olkuski,POMOC SPOŁECZNA - P,Potrzeba ochrony macierzyństwa,Odsetek klientów pomocy społecznej korzystających ze wsparcia z powodu potrzeby ochrony macierzyństwa (na podstawie danych o rzeczywistej liczbie osób w rodzinach objętych pomocą społeczną).,2024,12.15,%,12.15%
powiat olkuski,POMOC SPOŁECZNA - P,Przemoc domowa,Odsetek klientów pomocy społecznej korzystających ze wsparcia z powodu przemocy domowej (na podstawie danych o rzeczywistej liczbie osób w rodzinach objętych pomocą społeczną).,2024,1.69,%,1.69%
powiat olkuski,POMOC SPOŁECZNA - P,Sieroctwo,Odsetek klientów pomocy społecznej korzystających ze wsparcia z powodu sieroctwa (na podstawie danych o rzeczywistej liczbie osób w rodzinach objętych pomocą społeczną).,2024,0.11,%,0.11%
powiat olkuski,POMOC SPOŁECZNA - P,Sytuacja kryzysowa,Odsetek klientów pomocy społecznej korzystających ze wsparcia z powodu sytuacji kryzysowej (na podstawie danych o rzeczywistej liczbie osób w rodzinach objętych pomocą społeczną).,2024,0.04,%,0.04%
powiat olkuski,POMOC SPOŁECZNA - P,Ubóstwo,Odsetek klientów pomocy społecznej korzystających ze wsparcia z powodu ubóstwa (na podstawie danych o rzeczywistej liczbie osób w rodzinach objętych pomocą społeczną).,2024,41.67,%,41.67%
powiat olkuski,POMOC SPOŁECZNA - P,Wielodzietność,Odsetek klientów pomocy społecznej korzystających ze wsparcia z powodu wielodzietności (na podstawie danych o rzeczywistej liczbie osób w rodzinach objętych pomocą społeczną).,2024,9.77,%,9.77%
powiat olkuski,POMOC SPOŁECZNA - P,Zdarzenie losowe,Odsetek klientów pomocy społecznej korzystających ze wsparcia z powodu zdarzenia losowego (na podstawie danych o rzeczywistej liczbie osób w rodzinach objętych pomocą społeczną).,2024,0.72,%,0.72%
powiat olkuski,POMOC SPOŁECZNA - B,Beneficjenci pomocy społecznej,"Udział osób korzystających z pomocy społecznej w liczbie ludności ogółem - na podstawie danych o rzeczywistej liczbie osób w rodzinach objętych pomocą społeczną (świadczenia przyznane w ramach zadań zleconych i własnych bez względu na rodzaj, formę, liczbę oraz źródło finansowania).",2024,2.64,%,2.64%
powiat olkuski,POMOC SPOŁECZNA - B,Rodziny niepełne objęte pomocą społeczną,"Wskaźnik pomocy społecznej udzielonej rodzinom niepełnym - udział rodzin niepełnych objętych pomocą (w której skład wchodzi jedno z rodziców z dzieckiem/ dziećmi) w liczbie wszystkich rodzin z dziećmi, którym udzielono pomocy.",2024,73.17,%,73.17%
powiat olkuski,POMOC SPOŁECZNA - B,Rodziny wielodzietne objęte pomocą społeczną,"Wskaźnik pomocy społecznej udzielonej rodzinom wielodzietnym - udział rodzin wielodzietnych (3 dzieci i więcej) objętych pomocą w liczbie wszystkich rodzin z dziećmi, którym udzielono pomocy.",2024,28.05,%,28.05%
powiat olkuski,POMOC SPOŁECZNA - B,Rodziny emerytów i rencistów objęte pomocą społeczną,"Wskaźnik pomocy społecznej udzielonej rodzinom emerytów i rencistów - udział rodzin emerytów i rencistów objętych pomocą w liczbie wszystkich rodzin, którym udzielono pomocy.",2024,24.04,%,24.04%
powiat olkuski,POMOC SPOŁECZNA - B,Pensjonariusze DPS nieopuszczający łóżek,Odsetek pensjonariuszy Domów Pomocy Społecznej nieopuszczających łóżek. Dane na temat liczby mieszkańców Domów Pomocy Społecznej zebrano wg. stanu na dzień 31 grudnia. W statystykach uwzględniono mieszkańców Domów Pomocy Społecznej i podmiotów niepublicznych w roku sprawozdawczym.,2024,20.41,%,20.41%
powiat olkuski,POMOC SPOŁECZNA - B,Pensjonariusze DPS do 18 roku życia,Odsetek pensjonariuszy Domów Pomocy Społecznej w wieku do18 roku życia. Dane na temat liczby mieszkańców Domów Pomocy Społecznej zebrano wg. stanu na dzień 31 grudnia. W statystykach uwzględniono mieszkańców Domów Pomocy Społecznej i podmiotów niepublicznych w roku sprawozdawczym.,2024,0.00,%,0.00%
powiat olkuski,POMOC SPOŁECZNA - B,Pensjonariusze DPS w wieku 19-40 lat,Odsetek pensjonariuszy Domów Pomocy Społecznej wieku 19-40 lat. Dane na temat liczby mieszkańców Domów Pomocy Społecznej zebrano wg. stanu na dzień 31 grudnia. W statystykach uwzględniono mieszkańców Domów Pomocy Społecznej i podmiotów niepublicznych w roku sprawozdawczym.,2024,4.08,%,4.08%
powiat olkuski,POMOC SPOŁECZNA - B,Pensjonariusze DPS w wieku 41-60 lat,Odsetek pensjonariuszy Domów Pomocy Społecznej wieku 41-60 lat. Dane na temat liczby mieszkańców Domów Pomocy Społecznej zebrano wg. stanu na dzień 31 grudnia. W statystykach uwzględniono mieszkańców Domów Pomocy Społecznej i podmiotów niepublicznych w roku sprawozdawczym.,2024,20.41,%,20.41%
powiat olkuski,POMOC SPOŁECZNA - B,Pensjonariusze DPS w wieku 61-74 lat,Odsetek pensjonariuszy Domów Pomocy Społecznej wieku 60-74 lat. Dane na temat liczby mieszkańców Domów Pomocy Społecznej zebrano wg. stanu na dzień 31 grudnia. W statystykach uwzględniono mieszkańców Domów Pomocy Społecznej i podmiotów niepublicznych w roku sprawozdawczym.,2024,47.96,%,47.96%
powiat olkuski,POMOC SPOŁECZNA - B,Pensjonariusze DPS w wieku powyżej 74 lat,Odsetek pensjonariuszy Domów Pomocy Społecznej wieku powyżej 74 lat. Dane na temat liczby mieszkańców Domów Pomocy Społecznej zebrano wg. stanu na dzień 31 grudnia. W statystykach uwzględniono mieszkańców Domów Pomocy Społecznej i podmiotów niepublicznych w roku sprawozdawczym.,2024,27.55,%,27.55%
powiat olkuski,Sheet6,Świadczenia pieniężne z pomocy społecznej,Odsetek korzystających ze świadczeń pieniężnych w ogólnej liczbie świadczeniobiorców pomocy społecznej (liczba osób w rodzinach),2024,75.16,%,75.16%
powiat olkuski,Sheet6,Świadczenia niepieniężne z pomocy społecznej,Odsetek korzystających ze świadczeń niepieniężnych w ogólnej liczbie świadczeniobiorców pomocy społecznej (liczba osób w rodzinach),2024,39.29,%,39.29%
powiat olkuski,Sheet6,Osoby korzystające z usług opiekuńczych i specjalistycznych usług opiekuńczych,Liczba osób korzystających z usług opiekuńczych (w tym specjalistycznych usług opiekuńczych).,2024,297,,297
powiat olkuski,Sheet6,Osoby korzystające ze specjalistycznych usług opiekuńczych dla osób z zaburzeniami psychicznymi,Liczba osób korzystających ze specjalistycznych usług opiekuńczych w miejscu zamieszkania dla osób z zaburzeniami psychicznymi.,2024,2,,2
powiat olkuski,Sheet6,Osoby objęte kontraktami socjalnymi,Udział osób objętych kontraktami socjalnymi w ogólnej liczbie osób w rodzinach świadczeniobiorców pomocy społecznej.,2024,7.50,%,7.50%
powiat olkuski,Sheet6,Osoby objęte dożywianiem na 1000 mieszkańców,Wskaźnik pomocy w zakresie dożywiania - liczba osób objętych pomocą państwa w zakresie dożywiania w przeliczeniu na 1000 mieszkańców.,2024,11,,11
powiat olkuski,Sheet6,Udział dzieci w ogóle osób objętych dożywianiem,"Udział dzieci w liczbie wszystkich osób objętych pomocą państwa w zakresie dożywiania. Sprawozdanie z realizacji programu ""Pomoc Państwa w zakresie dożywiania"" do 2013 roku obejmowało dzieci do lat 7. Od 2014 roku w sprawozdaniu liczba dzieci jest określona na podstawie momentu rozpoczęcia nauki w szkole podstawowej.",2024,20,%,20%
powiat olkuski,Sheet6,Udział uczniów w ogóle osób objętych dożywianiem,Udział dzieci w wieku szkolnym (uczniowie do czasu ukończenia szkoły ponadgimnazjalnej) w liczbie wszystkich osób objętych pomocą państwa w zakresie dożywiania.,2024,25,%,25%
powiat olkuski,POMOC SPOŁECZNA I O,Centra integracji społecznej,Liczba centrów integracji społecznej działających na danym terenie. Stan na 31 XII.,2024,1,,1
powiat olkuski,POMOC SPOŁECZNA I O,Domy pomocy społecznej,Liczba domów pomocy społecznej działających na danym terenie (bez podziału na typy).,2024,1,,1
powiat olkuski,POMOC SPOŁECZNA I O,Dzienne domy pomocy,Liczba dziennych domów pomocy działających na danym terenie. Stan na 31 XII.,2024,3,,3
powiat olkuski,POMOC SPOŁECZNA I O,Placówki specjalistycznego poradnictwa - jednostki  powiatowe,"Liczba jednostek specjalistycznego poradnictwa działających w powiatach. Stan na 31 XII. Wskaźnik zasilany od 2021 r. w związku ze zmianami monitorowania danych w sprawozdaniach resortowych. Zastąpił on wskaźnik ""Placówki specjalistycznego poradnictwa""",2024,0,,0
powiat olkuski,POMOC SPOŁECZNA I O,Placówki specjalistycznego poradnictwa,Liczba jednostek specjalistycznego poradnictwa działających na danym terenie. Stan na 31 XII. Od 2021 roku ze względu na brak kontynuacji monitorowania danych w sprawozdaniach resortowych wskaźnik nie jest już aktualizowany.,2024,0,,0
powiat olkuski,POMOC SPOŁECZNA I O,Kluby integracji społecznej,Liczba klubów integracji społecznej działających na danym terenie.,2024,2,,2
powiat olkuski,POMOC SPOŁECZNA I O,Mieszkania treningowe oraz wspomagane,"Liczba mieszkań treningowe oraz wspomaganych działających na danym terenie. Stan na 31 XII. Do 2022 r. w systemie funkcjonowały mieszkania chronione, natomiast od 2023 r. funkcjonują mieszkania treningowe oraz wspomagane.",2024,7,,7
powiat olkuski,POMOC SPOŁECZNA I O,"Noclegownie, schroniska i domy dla osób bezdomnych","Liczba noclegowni, schronisk i domów dla osób bezdomnych działających na danym terenie.",2024,2,,2
powiat olkuski,POMOC SPOŁECZNA I O,Ośrodki interwencji kryzysowej,Liczba ośrodków interwencji kryzysowej działających na danym terenie. Stan na 31 XII.,2024,0,,0
powiat olkuski,POMOC SPOŁECZNA I O,Placówki opiekuńczo-wychowawcze,Liczba placówek opiekuńczo-wychowawczych działających na danym terenie (bez podziału na typy). Stan na 31 XII.,2024,2,,2
powiat olkuski,POMOC SPOŁECZNA I O,Placówki wsparcia dziennego,Liczba placówek wsparcia dziennego działających na danym terenie. Stan na 31 XII.,2024,4,,4
powiat olkuski,POMOC SPOŁECZNA I O,"Placówki zapewniające całodobową opiekę osobom niepełnosprawnym, przewlekle chorym lub osobom w podeszłym wieku","Liczba placówek zapewniających całodobową opiekę osobom niepełnosprawnym, przewlekle chorym lub osobom w podeszłym wieku działających na danym terenie (w oparciu zarówno o działalność gospodarczą, jak i o działalność statutową). Stan na 31 XII.",2024,5,,5
powiat olkuski,POMOC SPOŁECZNA I O,Środowiskowe domy samopomocy,Liczba środowiskowych domów samopomocy działających na danym terenie. Stan na 31 XII.,2024,4,,4
powiat olkuski,POMOC SPOŁECZNA I O,Zakłady aktywności zawodowej,Liczba zakładów aktywności zawodowej działających na danym terenie.,2024,1,,1
powiat olkuski,PIECZA ZASTĘPCZA,Stopień deinstytucjonalizacji pieczy zastępczej,"Stosunek liczby dzieci w rodzinnej pieczy zastępczej (dzieci przebywające w rodzinach zastępczych, rodzinnych domach dziecka i w placówkach opiekuńczo-wychowawczych typu rodzinnego) do liczby wszystkich dzieci w pieczy zastępczej. Do wskaźnika nie wliczono dzieci umieszczonych w rodzinach zastępczych spokrewnionych (definicja zaczerpnięta z raportu ""Postępy deinstytucjonalizacji pieczy zastępczej""; Warszawa 2018 r.). Dane zbierane przez MRiPS regularnie (co pół roku) w sprawozdaniach resortowych.",2024,57.89,%,57.89%
powiat olkuski,PIECZA ZASTĘPCZA,Intensywność pieczy zastępczej,"Liczba dzieci poniżej 18. roku życia przebywających w pieczy zastępczej w stosunku do liczby wszystkich dzieci w wieku poniżej 18 roku życia na danym terenie w przeliczeniu na 1000 dzieci (definicja zaczerpnięta z raportu ""Postępy deinstytucjonalizacji pieczy zastępczej""; Warszawa 2018 r.). Dane zbierane przez MRiPS regularnie (co pół roku) w sprawozdaniach resortowych.",2024,6.70,,6.70
powiat olkuski,PIECZA ZASTĘPCZA,Liczba rodzin zastępczych,"Liczba rodzin zastępczych funkcjonujących na danym obszarze. Rodzina zastępcza jest jedną z form rodzinnej pieczy zastępczej, sprawowanej w przypadku niemożności zapewnienia dziecku opieki i wychowania przez rodziców.",2024,84,,84
powiat olkuski,PIECZA ZASTĘPCZA,Liczba dzieci w rodzinach zastępczych,"Liczba dzieci wychowujących się w rodzinach zastępczych na danym obszarze. Rodzina zastępcza jest jedną z form rodzinnej pieczy zastępczej, sprawowanej w przypadku niemożności zapewnienia dziecku opieki i wychowania przez rodziców. Do roku 2011 dane pochodzą ze sprawozdania MPiPS-03; od roku 2012 dane pochodzą ze sprawozdania Ocena Zasobów Pomocy Społecznej.",2024,98,,98
powiat olkuski,ZDROWIE,Dostępność aptek,"Wskaźnik dostępności do aptek - liczba osób przypadająca na jedną aptekę ogólnodostępną. Apteka, zgodnie z Ustawą ""Prawo farmaceutyczne"" z dnia 6 września 2001 r. to placówka ochrony zdrowia publicznego, w której osoby uprawnione świadczą w szczególności usługi farmaceutyczne obejmujące zadania określone w ustawie.",2024,3281,,3281
powiat olkuski,ZDROWIE,Zgony z powodu chorób nowotworowych,Wskaźnik umieralności z powodu choroby nowotworowej - udział zgonów z powodu choroby nowotworowej w liczbie zgonów ogółem. Dane do wskaźnika pochodzą z kart statystycznych do kart zgonów.,2024,25.90,%,25.90%
powiat olkuski,ZDROWIE,Zgony z powodu chorób układu krążenia,Wskaźnik umieralności z powodu chorób układu krążenia - udział zgonów z powodu chorób układu krążenia w liczbie zgonów ogółem. Dane do wskaźnika pochodzą z kart statystycznych do kart zgonów.,2024,39.60,%,39.60%
powiat olkuski,"WYNAGRODZENIA, EMERY",Przeciętne wynagrodzenie w relacji do śr. krajowej,Wskaźnik wysokości wynagrodzeń - przeciętne miesięczne wynagrodzenia brutto w gospodarce narodowej w relacji do średniej krajowej (Polska=100%). Wskaźnik pokazuje jaki procent średniej krajowej jest osiągany na danym terenie.,2024,86.80,,86.80
powiat olkuski,KULTURA,Wskaźnik dostępności kin,"Wskaźnik dostępności kin - liczba osób przypadających na jedno miejsce na widowni kina. Przez ""miejsce na widowni"" rozumie się każde numerowane miejsce (zarejestrowane) wykorzystywane przez instytucję kultury do stałych prezentacji scenicznych (w stałej sali eksploatowanej przez instytucję artystyczną lub w kinie stałym do prezentacji filmów).",2024,144,,144
powiat olkuski,KULTURA,Wskaźnik dostępności domów i ośrodków kultury,"Wskaźnik dostępności domów i ośrodków kultury oraz klubów, świetlic i kół - liczba osób przypadająca na jedną placówkę kultury.",2024,1082,,1082
powiat olkuski,KULTURA,Wskaźnik dostępności muzeów,"Wskaźnik dostępności do muzeów - liczba ludności przypadająca na jedną placówkę muzealną. Dane wskaźnikowe bazują na sprawozdaniach z działalności muzeów i instytucji paramuzealnych. Przez placówkę muzealną (za ustawą z dnia 21 listopada 1996 r. o muzeach) rozumiemy jednostkę organizacyjną, nienastawioną na osiąganie zysku, której celem jest sprawowanie opieki nad zabytkami, informowanie o wartościach i treściach gromadzonych zbiorów, upowszechnianie podstawowych wartości historii, nauki i kultury polskiej oraz światowej, kształtowanie wrażliwości poznawczej i estetycznej oraz umożliwianie kontaktu ze zbiorami.",2024,105000,,105000
powiat olkuski,KULTURA,Wskaźnik dostępności bibliotek,"Wskaźnik dostępności bibliotek - liczba ludności przydająca na jedną placówkę biblioteczną. W celu wyliczenia wskaźnika zliczono biblioteki, filie i punkty biblioteczne na danym ternie. Dane bazują na sprawozdaniach bibliotek ogólnych. Zgodnie z definicją przyjętą przez GUS przez placówkę biblioteczną rozumie się jednostkę organizacyjną lub jej część posiadającą uporządkowany (zinwentaryzowany) zbiór książek, czasopism i innych materiałów piśmienniczych liczący co najmniej 300 jednostek inwentarzowych, której głównymi celami są tworzenie i obsługa zbiorów oraz udostępnianie ich użytkownikom w sposób kontrolowany.",2024,4375,,4375
powiat olkuski,KULTURA,Wskaźnik czytelnictwa,Wskaźnik czytelnictwa - ilość wypożyczeń z księgozbioru przez jednego czytelnika w ciągu roku. Przez księgozbiór rozumie się zbiór obejmujący wydawnictwa nieperiodyczne (książki i broszury) i wydawnictwa periodyczne (gazety i czasopisma).,2024,21,,21
powiat olkuski,EDUKACJA,Edukacja przedszkolna,"Wskaźnik edukacji na poziomie przedszkolnym - odsetek dzieci w wieku od 3 do 5 lat uczęszczających do placówek wychowania przedszkolnego. Wskaźnik zbudowano na podstawie sprawozdań przedszkoli i innych form edukacji przedszkolnej. Uwzględniono ośrodki wychowania przedszkolnego prowadzone przez ograny samorządu terytorialnego, jednostki samorządu powiatowego oraz gminnego.",2024,96.40,,96.40
powiat olkuski,EDUKACJA,Zdawalność egzaminu maturalnego w technikach,"Wskaźnik zdawalności matur w technikach - procent uczniów klas IV techników, którzy zdali egzamin maturalny.",2024,93.00,,93.00
powiat olkuski,EDUKACJA,Zdawalność egzaminu maturalnego w liceach ogólnokształcących,"Wskaźnik zdawalności matur w liceach -procent uczniów klas III liceów ogólnokształcących, którzy zdali egzamin maturalny.",2024,96.00,,96.00
powiat olkuski,EDUKACJA,Wyniki egzaminu ósmoklasisty – język polski,"Wyrażony w % średni wynik uczniów uzyskiwany na egzaminie ósmoklasisty w części z języka polskiego (wskaźnik aktualizowany od 2019 roku, w którym uczniowie szkół podstawowych po raz pierwszy przystąpili do egzaminu ósmoklasisty)",2024,64.35,,64.35
powiat olkuski,EDUKACJA,Wyniki egzaminu ósmoklasisty – język angielski podstawowy,"Wyrażony w % średni wynik uczniów uzyskiwany na egzaminie ósmoklasisty w części podstawowej z języka angielskiego (wskaźnik aktualizowany od 2019 roku, w którym uczniowie szkół podstawowych po raz pierwszy przystąpili do egzaminu ósmoklasisty)",2024,69.16,,69.16
powiat olkuski,EDUKACJA,Wyniki egzaminu ósmoklasisty – matematyka,"Wyrażony w % średni wynik uczniów uzyskiwany na egzaminie ósmoklasisty w części z matematyki (wskaźnik aktualizowany od 2019 roku, w którym uczniowie szkół podstawowych po raz pierwszy przystąpili do egzaminu ósmoklasisty)",2024,54.65,,54.65
powiat olkuski,EDUKACJA,Wybory edukacyjne ósmoklasistów – technikum,"Wyrażony w % udział absolwentów szkół podstawowych, którzy wybrali technikum jako miejsce dalszego kształcenia. Wskaźnik obliczony na podstawie liczby uczniów w klasie pierwszej technikum. (wskaźnik aktualizowany od 2020 roku po ostatecznym wygaszeniu szkół gimnazjalnych)",2024,32.99,,32.99
powiat olkuski,EDUKACJA,Wybory edukacyjne ósmoklasistów – liceum ogólnokształcące,"Wyrażony w % udział absolwentów szkół podstawowych, którzy wybrali liceum ogólnokształcące jako miejsce dalszego kształcenia. Wskaźnik obliczony na podstawie liczby uczniów w klasie pierwszej liceów ogólnokształcących. (wskaźnik aktualizowany od 2020 roku po ostatecznym wygaszeniu szkół gimnazjalnych)",2024,43.71,,43.71
powiat olkuski,EDUKACJA,Wybory edukacyjne ósmoklasistów – szkoła branżowa I stopnia,"Wyrażony w % udział absolwentów szkół podstawowych, którzy wybrali szkołę branżową I stopnia jako miejsce dalszego kształcenia. Wskaźnik obliczony na podstawie liczby uczniów w klasie pierwszej szkół branżowych I stopnia. (wskaźnik aktualizowany od 2020 roku po ostatecznym wygaszeniu szkół gimnazjalnych)",2024,23.30,,23.30
powiat olkuski,RYNEK PRACY,Stopa bezrobocia,"Stopa bezrobocia - procentowy udział liczby bezrobotnych w liczbie ludności aktywnej zawodowo (tzn. pracującej i bezrobotnej). Przez bezrobotnych ( za Ustawą z dnia 20 kwietnia 2004 r. o promocji zatrudnienia i instytucjach rynku pracy) rozumiemy osoby niezatrudnione i nie wykonujące innej pracy zarobkowej, zdolne i gotowe do podjęcia zatrudnienia w pełnym wymiarze czasu pracy (bądź jeśli są to osoby niepełnosprawne - zdolne i gotowe do podjęcia zatrudnienia co najmniej w połowie tego wymiaru czasu pracy), nieuczące się w szkole z wyjątkiem szkół dla dorosłych lub szkół wyższych w systemie wieczorowym albo zaocznym, zarejestrowane we właściwym dla miejsca zameldowania (stałego lub czasowego) powiatowym urzędzie pracy oraz poszukujące zatrudnienia lub innej pracy zarobkowej, jeżeli spełniają określone w Ustawie warunki.",2024,6.70,,6.70
powiat olkuski,RYNEK PRACY,Bezrobocie kobiet,"Bezrobocie kobiet - Wyrażony w % udział bezrobotnych kobiet w liczbie bezrobotnych ogółem. Do kategorii osób bezrobotnych wlicza się wyłącznie osoby zarejestrowane w powiatowych urzędach pracy. Przez bezrobotnych ( za Ustawą z dnia 20 kwietnia 2004 r. o promocji zatrudnienia i instytucjach rynku pracy) rozumiemy osoby niezatrudnione i nie wykonujące innej pracy zarobkowej, zdolne i gotowe do podjęcia zatrudnienia w pełnym wymiarze czasu pracy (bądź jeśli są to osoby niepełnosprawne - zdolne i gotowe do podjęcia zatrudnienia co najmniej w połowie tego wymiaru czasu pracy), nieuczące się w szkole z wyjątkiem szkół dla dorosłych lub szkół wyższych w systemie wieczorowym albo zaocznym, zarejestrowane we właściwym dla miejsca zameldowania (stałego lub czasowego) powiatowym urzędzie pracy oraz poszukujące zatrudnienia lub innej pracy zarobkowej, jeżeli spełniają określone w Ustawie warunki.",2024,47.54,,47.54
powiat olkuski,RYNEK PRACY,Bezrobocie rodzinne,"Odsetek osób bezrobotnych zamieszkujących gospodarstwo domowe, w którym dwie lub więcej osób pozostaje na bezrobociu. Dane dla powiatu tarnowskiego i Tarnowa przedstawione zostały łącznie. Dane obrazują stan na 31 XII danego roku.",2024,10.06,%,10.06%
powiat olkuski,RYNEK PRACY,Bezrobotni dłużej niż 1 rok,"Wyrażony w % udział bezrobotnych dłużej niż 1 rok w liczbie bezrobotnych ogółem. Do kategorii osób bezrobotnych wlicza się wyłącznie osoby zarejestrowane w powiatowych urzędach pracy. Przez bezrobotnych ( za Ustawą z dnia 20 kwietnia 2004 r. o promocji zatrudnienia i instytucjach rynku pracy) rozumiemy osoby niezatrudnione i nie wykonujące innej pracy zarobkowej, zdolne i gotowe do podjęcia zatrudnienia w pełnym wymiarze czasu pracy (bądź jeśli są to osoby niepełnosprawne - zdolne i gotowe do podjęcia zatrudnienia co najmniej w połowie tego wymiaru czasu pracy), nieuczące się w szkole z wyjątkiem szkół dla dorosłych lub szkół wyższych w systemie wieczorowym albo zaocznym, zarejestrowane we właściwym dla miejsca zameldowania (stałego lub czasowego) powiatowym urzędzie pracy oraz poszukujące zatrudnienia lub innej pracy zarobkowej, jeżeli spełniają określone w Ustawie warunki.",2024,43.50,,43.50
powiat olkuski,RYNEK PRACY,Bezrobotni z wykształceniem gimnazjalnym i niższym,"Wyrażony w % udział bezrobotnych z wykształceniem gimnazjalnym i niższym w liczbie bezrobotnych ogółem. Do kategorii osób bezrobotnych wlicza się wyłącznie osoby zarejestrowane w powiatowych urzędach pracy. Przez bezrobotnych ( za Ustawą z dnia 20 kwietnia 2004 r. o promocji zatrudnienia i instytucjach rynku pracy) rozumiemy osoby niezatrudnione i nie wykonujące innej pracy zarobkowej, zdolne i gotowe do podjęcia zatrudnienia w pełnym wymiarze czasu pracy (bądź jeśli są to osoby niepełnosprawne - zdolne i gotowe do podjęcia zatrudnienia co najmniej w połowie tego wymiaru czasu pracy), nieuczące się w szkole z wyjątkiem szkół dla dorosłych lub szkół wyższych w systemie wieczorowym albo zaocznym, zarejestrowane we właściwym dla miejsca zameldowania (stałego lub czasowego) powiatowym urzędzie pracy oraz poszukujące zatrudnienia lub innej pracy zarobkowej, jeżeli spełniają określone w Ustawie warunki.",2024,20.41,,20.41
powiat olkuski,RYNEK PRACY,Bezrobotni w wieku poniżej 25 lat,"Wyrażony w % udział bezrobotnych poniżej 25. roku życia w liczbie bezrobotnych ogółem. Do kategorii osób bezrobotnych wlicza się wyłącznie osoby zarejestrowane w powiatowych urzędach pracy. Przez bezrobotnych ( za Ustawą z dnia 20 kwietnia 2004 r. o promocji zatrudnienia i instytucjach rynku pracy) rozumiemy osoby niezatrudnione i nie wykonujące innej pracy zarobkowej, zdolne i gotowe do podjęcia zatrudnienia w pełnym wymiarze czasu pracy (bądź jeśli są to osoby niepełnosprawne - zdolne i gotowe do podjęcia zatrudnienia co najmniej w połowie tego wymiaru czasu pracy), nieuczące się w szkole z wyjątkiem szkół dla dorosłych lub szkół wyższych w systemie wieczorowym albo zaocznym, zarejestrowane we właściwym dla miejsca zameldowania (stałego lub czasowego) powiatowym urzędzie pracy oraz poszukujące zatrudnienia lub innej pracy zarobkowej, jeżeli spełniają określone w Ustawie warunki.",2024,12.61,,12.61
powiat olkuski,RYNEK PRACY,Bezrobotni w wieku 25-34 lata,"Wyrażony w % udział bezrobotnych w wieku 25-34 lata w liczbie bezrobotnych ogółem. Do kategorii osób bezrobotnych wlicza się wyłącznie osoby zarejestrowane w powiatowych urzędach pracy. Przez bezrobotnych ( za Ustawą z dnia 20 kwietnia 2004 r. o promocji zatrudnienia i instytucjach rynku pracy) rozumiemy osoby niezatrudnione i nie wykonujące innej pracy zarobkowej, zdolne i gotowe do podjęcia zatrudnienia w pełnym wymiarze czasu pracy (bądź jeśli są to osoby niepełnosprawne - zdolne i gotowe do podjęcia zatrudnienia co najmniej w połowie tego wymiaru czasu pracy), nieuczące się w szkole z wyjątkiem szkół dla dorosłych lub szkół wyższych w systemie wieczorowym albo zaocznym, zarejestrowane we właściwym dla miejsca zameldowania (stałego lub czasowego) powiatowym urzędzie pracy oraz poszukujące zatrudnienia lub innej pracy zarobkowej, jeżeli spełniają określone w Ustawie warunki.",2024,21.76,,21.76
powiat olkuski,RYNEK PRACY,Bezrobotni w wieku 55 lat i więcej,"Wyrażony w % udział bezrobotnych powyżej 55. roku życia w liczbie bezrobotnych ogółem. Do kategorii osób bezrobotnych wlicza się wyłącznie osoby zarejestrowane w powiatowych urzędach pracy. Przez bezrobotnych ( za Ustawą z dnia 20 kwietnia 2004 r. o promocji zatrudnienia i instytucjach rynku pracy) rozumiemy osoby niezatrudnione i nie wykonujące innej pracy zarobkowej, zdolne i gotowe do podjęcia zatrudnienia w pełnym wymiarze czasu pracy (bądź jeśli są to osoby niepełnosprawne - zdolne i gotowe do podjęcia zatrudnienia co najmniej w połowie tego wymiaru czasu pracy), nieuczące się w szkole z wyjątkiem szkół dla dorosłych lub szkół wyższych w systemie wieczorowym albo zaocznym, zarejestrowane we właściwym dla miejsca zameldowania (stałego lub czasowego) powiatowym urzędzie pracy oraz poszukujące zatrudnienia lub innej pracy zarobkowej, jeżeli spełniają określone w Ustawie warunki.",2024,15.05,,15.05
powiat olkuski,RYNEK PRACY,Prowadzący działalność gospodarczą,Osoby fizyczne prowadzące działalność gospodarczą na 100 osób w wieku produkcyjnym. Dane bez osób prowadzących gospodarstwa indywidualne w rolnictwie.,2024,18.19,,18.19
powiat olkuski,RYNEK PRACY,Zatrudnienie w branży finansowej i nieruchomościach,"Wyrażony w % udział pracujących w branży finansowej i nieruchomościach w stosunku do ogółu pracujących. Dane do 2021 roku bez podmiotów gospodarczych o liczbie pracujących do 9 osób. Podział branż jest zgodny z PKD 2007. Dotyczy sekcji: ""Działalność finansowa i ubezpieczeniowa; obsługa rynku nieruchomości"". W związku z wprowadzonymi zmianami metodologicznymi w pozyskiwaniu danych dotyczących: pracujących, zatrudnionych oraz przeciętnego zatrudnienia według PKD, dane od 2022 roku nie mogą być porównywane z danymi dla lat poprzednich.",2024,2.15,,2.15
powiat olkuski,RYNEK PRACY,Zatrudnienie w rolnictwie,"Wyrażony w % udział pracujących w rolnictwie w stosunku do ogółu pracujących. Dane łącznie z rolnictwem indywidualnym. Dane dotyczące pracujących w gospodarstwach indywidualnych w rolnictwie według stanu w dniu 31 XII w latach 2002-2009 wyszacowano na podstawie wyników Narodowego Spisu Powszechnego Ludności i Mieszkań oraz Powszechnego Spisu Rolnego 2002 oraz w 2010 r. na podstawie Powszechnego Spisu Rolnego 2010. Podział branż jest zgodny z PKD 2007. Dotyczy sekcji: ""Rolnictwo, leśnictwo, łowiectwo i rybactwo"". W związku z wprowadzonymi zmianami metodologicznymi w pozyskiwaniu danych dotyczących: pracujących, zatrudnionych oraz przeciętnego zatrudnienia według PKD, dane od 2022 roku nie mogą być porównywane z danymi dla lat poprzednich.",2024,6.91,,6.91
powiat olkuski,RYNEK PRACY,Zatrudnienie w przemyśle i budownictwie,"Wyrażony w % udział pracujących w przemyśle i budownictwie w stosunku do ogółu pracujących. Dane do 2021 roku bez podmiotów gospodarczych o liczbie pracujących do 9 osób. Podział branż jest zgodny z PKD 2007. Pod pojęciem ""Przemysł i budownictwo"" rozumie się sekcje: ""Górnictwo i wydobywanie""; ""Przetwórstwo przemysłowe""; ""Wytwarzanie i zaopatrywanie w energię elektryczną, gaz, parę wodną i gorącą wodę""; ""Dostawa wody; gospodarowanie ściekami i odpadami; rekultywacja"" oraz ""Budownictwo"". W związku z wprowadzonymi zmianami metodologicznymi w pozyskiwaniu danych dotyczących: pracujących, zatrudnionych oraz przeciętnego zatrudnienia według PKD, dane od 2022 roku nie mogą być porównywane z danymi dla lat poprzednich.",2024,41.86,,41.86
powiat olkuski,RYNEK PRACY,"Zatrudnienie w handlu, transporcie, turystyce, informacji i komunikacji","Wyrażony w % udział pracujących w handlu, transporcie, turystyce, informacji i komunikacji w stosunku do ogółu pracujących. Dane do 2021 roku bez podmiotów gospodarczych o liczbie pracujących do 9 osób. Podział branż jest zgodny z PKD 2007. Dotyczy sekcji: ""Handel""; ""Naprawa pojazdów samochodowych""; ""Transport i gospodarka magazynowa""; ""Zakwaterowanie i gastronomia"" oraz ""Informacja i komunikacja"". W związku z wprowadzonymi zmianami metodologicznymi w pozyskiwaniu danych dotyczących: pracujących, zatrudnionych oraz przeciętnego zatrudnienia według PKD, dane od 2022 roku nie mogą być porównywane z danymi dla lat poprzednich.",2024,23.82,,23.82
powiat olkuski,RYNEK PRACY,Zatrudnienie w pozostałych usługach,"Wyrażony w % udział pracujących w pozostałych usługach w stosunku do ogółu pracujących. Dane do 2021 roku bez podmiotów gospodarczych o liczbie pracujących do 9 osób. Podział branż jest zgodny z PKD 2007. Pod pojęciem ""Pozostałe usługi"" rozumie się sekcje: ""Działalność profesjonalna, naukowa i techniczna""; ""Administrowanie i działalność wspierająca""; ""Administracja publiczna i obrona narodowa, obowiązkowe zabezpieczenia społeczne""; ""Edukacja""; ""Opieka zdrowotna i pomoc społeczna""; ""Działalność związana z kulturą rozrywką i rekreacją"" oraz ""Pozostała działalność usługowa"". W związku z wprowadzonymi zmianami metodologicznymi w pozyskiwaniu danych dotyczących: pracujących, zatrudnionych oraz przeciętnego zatrudnienia według PKD, dane od 2022 roku nie mogą być porównywane z danymi dla lat poprzednich.",2024,25.05,,25.05
powiat olkuski,MOBILNOŚĆ,Saldo migracji stałych,"Wskaźnik migracji stałych - różnica między napływem a odpływem ludności z danego obszaru w danym czasie. Saldo migracji stałych uwzględnia zarazem dane ze stałych migracji zewnętrznych jak i wewnętrznych. Migracje stałe to takie, które wiążą się ze zmianą miejsca zamieszkania na pobyt stały. W świetle prawa polskiego, tego typu migracje związane są z dokonaniem w biurze ewidencji ludności zameldowania lub wymeldowania. W 2015 roku GUS zrezygnował z opublikowania danych dotyczących migracji zagranicznych z powodu braku ich kompletności. Dlatego niemożliwe było określenie poziomu migracji stałych za rok 2015.",2024,-202.00,,-202.00
powiat olkuski,MOBILNOŚĆ,Saldo migracji zagranicznych,Wskaźnik migracji zagranicznych - różnica między odpływem zagranicę a napływem do kraju ludności w danym czasie.,2024,22.00,,22.00
powiat olkuski,BUDŻETY GMIN,Wydatki budżetów gmin ogółem,"Wskaźnik wydatków gmin - wydatki budżetów gmin i miast na prawach powiatów w przeliczeniu na jednego mieszkańca. Dane stanowią sumę wydatków na rolnictwo, transport, gospodarkę komunalną, gosp. mieszkaniową, oświatę i wychowanie, kulturę i sztukę, ochronę zdrowia, kulturę fizyczną i sport, a także wydatki na administrację samorządową. Wydatki te są sklasyfikowane w rozporządzeniu Ministra Finansów z dnia 14 czerwca 2006 r. w sprawie szczegółowej klasyfikacji dochodów, wydatków, przychodów i rozchodów oraz środków pochodzących ze źródeł zagranicznych (Dz. U. 2006 r. Nr 107, poz.726, z późn. zm.). Wartości podawane są w złotówkach.",2024,7229.09,,7229.09
powiat olkuski,BUDŻETY GMIN,Wydatki budżetów gmin - oświata i wychowanie,"Wskaźnik wydatków gmin na oświatę i wychowanie - wydatki budżetów gmin i miast na prawach powiatów na oświatę i wychowanie w przeliczeniu na jednego mieszkańca. Dane stanowią sumę wydatków sklasyfikowanych w dziale 801 rozporządzenia Ministra Finansów z dnia 14 czerwca 2006 r. w sprawie szczegółowej klasyfikacji dochodów, wydatków, przychodów i rozchodów oraz środków pochodzących ze źródeł zagranicznych (Dz. U. 2006 r. Nr 107, poz.726, z późn. zm.). Wartości podawane są w złotówkach.",2024,2636.95,,2636.95
powiat olkuski,BUDŻETY GMIN,Wydatki budżetów gmin - kultura,"Wskaźnik wydatków gmin na kulturę i ochronę dziedzictwa narodowego - wydatki budżetów gmin i miast na prawach powiatów na kulturę i ochronę dziedzictwa narodowego w przeliczeniu na jednego mieszkańca. Dane stanowią sumę wydatków sklasyfikowanych w dziale 921 rozporządzenia Ministra Finansów z dnia 14 czerwca 2006 r. w sprawie szczegółowej klasyfikacji dochodów, wydatków, przychodów i rozchodów oraz środków pochodzących ze źródeł zagranicznych (Dz. U. 2006 r. Nr 107, poz.726, z późn. zm.). Wartości podawane są w złotówkach.",2024,292.24,,292.24
powiat olkuski,BUDŻETY GMIN,Wydatki budżetów gmin - pomoc społeczna,"Wskaźnik wydatków gmin na pomoc społeczną - wydatki budżetów gmin i miast na prawach powiatów na pomoc społeczną i pozostałe zadania w zakresie polityki społecznej w przeliczeniu na jednego mieszkańca. Dane stanowią sumę wydatków sklasyfikowanych w działach 852 i 853 rozporządzenia Ministra Finansów z dnia 14 czerwca 2006 r. w sprawie szczegółowej klasyfikacji dochodów, wydatków, przychodów i rozchodów oraz środków pochodzących ze źródeł zagranicznych (Dz. U. 2006 r. Nr 107, poz.726, z późn. zm.). Dane podawane są w złotówkach.",2024,439.30,,439.30
powiat oświęcimski,LUDNOŚĆ,Ludność ogółem,Liczba ludności zamieszkałej na danym terenie (dane zgodnie z faktycznym miejscem zamieszkania wg podziału administracyjnego na dzień 31 XII).,2024,147678,,147678
powiat oświęcimski,LUDNOŚĆ,Ludność w wieku przedprodukcyjnym,Udział ludności w wieku przedprodukcyjnym w liczbie ludności ogółem. Przez ludność w wieku przedprodukcyjnym rozumie się ludność w wieku do 17 roku życia.,2024,17.69,%,17.69%
powiat oświęcimski,LUDNOŚĆ,Ludność w wieku produkcyjnym,"Udział ludności w wieku produkcyjnym w liczbie ludności ogółem. Przez ludność w wieku produkcyjnym rozumie się ludność w wieku zdolności do pracy. Dla mężczyzn przyjęto wiek 18-64 lata, dla kobiet 18-59 lat.",2024,57.39,%,57.39%
powiat oświęcimski,LUDNOŚĆ,Ludność w wieku poprodukcyjnym,Udział ludności w wieku emerytalnym w liczbie ludności ogółem. Przez ludność w wieku poprodukcyjnym rozumie się ludność w wieku od 64 lat - dla mężczyzn i od 59 lat - dla kobiet.,2024,24.92,%,24.92%
powiat oświęcimski,LUDNOŚĆ,Ludność w wieku 60+,Udział ludności w wieku 60 i więcej lat w liczbie ludności ogółem.,2024,28.08,%,28.08%
powiat oświęcimski,LUDNOŚĆ,Wskaźnik podwójnego starzenia,Udział osób w wieku 80 i więcej lat w grupie osób wieku 60 i więcej lat.,2024,17.51,%,17.51%
powiat oświęcimski,LUDNOŚĆ,Wskaźnik wsparcia osób najstarszych,Liczba osób w wieku 85 lat i więcej przypadająca na 100 osób w wieku 50–64 lata,2024,13,,13
powiat oświęcimski,LUDNOŚĆ,Potencjał pielęgnacyjny,Liczba kobiet w wieku 45-64 lata (potencjalnych opiekunów rodzinnych) przypadających na 100 osób w wieku 80 i więcej lat,2024,285,,285
powiat oświęcimski,LUDNOŚĆ,Wskaźnik obciążenia demograficznego,Wskaźnik obciążenia demograficznego - ludność w wieku nieprodukcyjnym przypadająca na 100 osób w wieku produkcyjnym. Przez ludność w wieku produkcyjnym rozumie się osoby w wieku zdolności do pracy tj. mężczyźni w wieku 18 - 64 lat oraz kobiety w wieku 18 - 59.,2024,74.20,,74.20
powiat oświęcimski,LUDNOŚĆ,Przyrost naturalny na 1 000 ludności,Różnica między liczbą urodzeń żywych a liczbą zgonów w danym roku (bez rozróżnienia na płeć).,2024,-4.76,,-4.76
powiat oświęcimski,LUDNOŚĆ,Wskaźnik feminizacji,Wskaźnik feminizacji - wielkość demograficzna określająca ile kobiet przypada na 100 mężczyzn na danym terenie.,2024,106.59,,106.59
powiat oświęcimski,LUDNOŚĆ,Wskaźnik maskulinizacji,Wskaźnik maskulinizacji - wielkość demograficzna określająca ilu mężczyzn przypada na 100 kobiet na danym terenie.,2024,93.82,,93.82
powiat oświęcimski,LUDNOŚĆ,Wskaźnik gęstości zaludnienia,Wskaźnik gęstości zaludnienia - liczba mieszkańców przypadająca na 1 km².,2024,363.60,,363.60
powiat oświęcimski,LUDNOŚĆ,Wskaźnik urbanizacji,"Wskaźnik urbanizacji - udział mieszkańców miast w liczbie mieszkańców ogółem. Do wyliczenia wskaźnika posłużono się danymi na temat ludności faktycznie zamieszkałej na dzień 31 XII każdego roku. Ludnośc faktycznie zamieszkała obejmuje: a) stałych mieszkańców, z wyjatkiem osób przebywających poza miejscem zamieszkania przez okres powyżej 3 miesięcy w kraju oraz obejmuje wszystkie osoby przebywajace za granicą (bez względu na okres ich nieobecności) b) osoby przebywające czasowo przez okres powyżej 3 miesięcy, przybyłe z innego miejsca w kraju. Dane za lata 2010 - 2021 bazują na wynikach Narodowego Spisu Powszechnego Ludności i Mieszkań 2011.",2024,50.97,%,50.97%
powiat oświęcimski,LUDNOŚĆ,Małżeństwa na 1000 mieszkańców,Liczba zawartych małżeństw w przeliczeniu na 1000 mieszkańców.,2024,3.50,,3.50
powiat oświęcimski,LUDNOŚĆ,Urodzenia na 1000 mieszkańców,Liczba urodzeń żywych w przeliczeniu na 1000 mieszkańców.,2024,6.21,,6.21
powiat oświęcimski,LUDNOŚĆ,Zgony na 1000 mieszkańców,Liczba zgonów w przeliczeniu na 1000 mieszkańców.,2024,10.97,,10.97
powiat oświęcimski,LUDNOŚĆ,Wskaźnik/ indeks starości,"Relacja pokoleniowa dziadków i wnuczków, tj. liczba osób w wieku 65 i więcej lat przypadająca na 100 osób w wieku 0-14 lat",2024,150,,150
powiat oświęcimski,LUDNOŚĆ,Ludność w wieku 65+/ Współczynnik starości demograficznej,Relacja liczby osób w starszym wieku (65 lat i więcej) do ogólnej liczby ludności.,2024,21.44,%,21.44%
powiat oświęcimski,LUDNOŚĆ,Wskaźnik potencjalnego wsparcia,Liczba osób w wieku 15-64 lata przypadająca na 100 osób w wieku 65 lat i więcej. Przedstawia tzw. obciążenie - ile osób hipotetycznie pozostających na rynku pracy przypada na 1 osobę (100 osób) będącą już poza rykiem pracy (odwrotność cząstkowego współczynnika obciążenia demograficznego osobami starszymi).,2024,300,,300
powiat oświęcimski,POMOC SPOŁECZNA - K,Liczba mieszkańców na 1 pracownika socjalnego,Liczba mieszkańców przypadająca na jednego pracownika socjalnego zatrudnionego w ośrodku pomocy społecznej.,2024,1893,,1893
powiat oświęcimski,POMOC SPOŁECZNA - K,Pracownicy socjalni OPS posiadający wyższe wykształcenie,Udział pracowników socjalnych posiadających wyższe wykształcenie w ogólnej licznie pracowników socjalnych.,2024,93.83,%,93.83%
powiat oświęcimski,POMOC SPOŁECZNA - K,Pracownicy socjalni OPS posiadający I stopień specjalizacji w zawodzie pracownik socjalny,Udział pracowników socjalnych OPS posiadających I stopień specjalizacji w zawodzie pracownik socjalny w ogólnej liczbie pracowników socjalnych.,2024,35.80,%,35.80%
powiat oświęcimski,POMOC SPOŁECZNA - K,Pracownicy socjalni OPS posiadający II stopień specjalizacji w zawodzie pracownik socjalny,Udział pracowników socjalnych posiadających II stopień specjalizacji w zawodzie pracownik socjalny w ogólnej liczbie pracowników socjalnych.,2024,12.35,%,12.35%
powiat oświęcimski,POMOC SPOŁECZNA - P,Alkoholizm,Odsetek klientów pomocy społecznej korzystających ze wsparcia z powodu alkoholizmu (na podstawie danych o rzeczywistej liczbie osób w rodzinach objętych pomocą społeczną).,2024,9.27,%,9.27%
powiat oświęcimski,POMOC SPOŁECZNA - P,Bezdomność,Odsetek klientów pomocy społecznej korzystających ze wsparcia z powodu bezdomności (na podstawie danych o rzeczywistej liczbie osób w rodzinach objętych pomocą społeczną).,2024,5.62,%,5.62%
powiat oświęcimski,POMOC SPOŁECZNA - P,Bezradność w sprawach opiekuńczo-wychowawczych i prowadzenia gosp. dom.,Odsetek klientów pomocy społecznej korzystających ze wsparcia z powodu bezradności w sprawach opiekuńczo-wychowawczych i prowadzenia gospodarstwa domowego (na podstawie danych o rzeczywistej liczbie osób w rodzinach objętych pomocą społeczną).,2024,30.68,%,30.68%
powiat oświęcimski,POMOC SPOŁECZNA - P,Bezrobocie,Odsetek klientów pomocy społecznej korzystających ze wsparcia z powodu bezrobocia (na podstawie danych o rzeczywistej liczbie osób w rodzinach objętych pomocą społeczną).,2024,34.09,%,34.09%
powiat oświęcimski,POMOC SPOŁECZNA - P,Długotrwała lub ciężka choroba,Odsetek klientów pomocy społecznej korzystających ze wsparcia z powodu długotrwałej bądź ciężkiej choroby (na podstawie danych o rzeczywistej liczbie osób w rodzinach objętych pomocą społeczną).,2024,64.70,%,64.70%
powiat oświęcimski,POMOC SPOŁECZNA - P,Narkomania,Odsetek klientów pomocy społecznej korzystających ze wsparcia z powodu narkomanii (na podstawie danych o rzeczywistej liczbie osób w rodzinach objętych pomocą społeczną).,2024,0.77,%,0.77%
powiat oświęcimski,POMOC SPOŁECZNA - P,Niepełnosprawność,Odsetek klientów pomocy społecznej korzystających ze wsparcia z powodu niepełnosprawności (na podstawie danych o rzeczywistej liczbie osób w rodzinach objętych pomocą społeczną).,2024,48.71,%,48.71%
powiat oświęcimski,POMOC SPOŁECZNA - P,Potrzeba ochrony macierzyństwa,Odsetek klientów pomocy społecznej korzystających ze wsparcia z powodu potrzeby ochrony macierzyństwa (na podstawie danych o rzeczywistej liczbie osób w rodzinach objętych pomocą społeczną).,2024,7.63,%,7.63%
powiat oświęcimski,POMOC SPOŁECZNA - P,Przemoc domowa,Odsetek klientów pomocy społecznej korzystających ze wsparcia z powodu przemocy domowej (na podstawie danych o rzeczywistej liczbie osób w rodzinach objętych pomocą społeczną).,2024,2.84,%,2.84%
powiat oświęcimski,POMOC SPOŁECZNA - P,Sieroctwo,Odsetek klientów pomocy społecznej korzystających ze wsparcia z powodu sieroctwa (na podstawie danych o rzeczywistej liczbie osób w rodzinach objętych pomocą społeczną).,2024,0.07,%,0.07%
powiat oświęcimski,POMOC SPOŁECZNA - P,Sytuacja kryzysowa,Odsetek klientów pomocy społecznej korzystających ze wsparcia z powodu sytuacji kryzysowej (na podstawie danych o rzeczywistej liczbie osób w rodzinach objętych pomocą społeczną).,2024,0.60,%,0.60%
powiat oświęcimski,POMOC SPOŁECZNA - P,Ubóstwo,Odsetek klientów pomocy społecznej korzystających ze wsparcia z powodu ubóstwa (na podstawie danych o rzeczywistej liczbie osób w rodzinach objętych pomocą społeczną).,2024,45.40,%,45.40%
powiat oświęcimski,POMOC SPOŁECZNA - P,Wielodzietność,Odsetek klientów pomocy społecznej korzystających ze wsparcia z powodu wielodzietności (na podstawie danych o rzeczywistej liczbie osób w rodzinach objętych pomocą społeczną).,2024,5.79,%,5.79%
powiat oświęcimski,POMOC SPOŁECZNA - P,Zdarzenie losowe,Odsetek klientów pomocy społecznej korzystających ze wsparcia z powodu zdarzenia losowego (na podstawie danych o rzeczywistej liczbie osób w rodzinach objętych pomocą społeczną).,2024,1.64,%,1.64%
powiat oświęcimski,POMOC SPOŁECZNA - B,Beneficjenci pomocy społecznej,"Udział osób korzystających z pomocy społecznej w liczbie ludności ogółem - na podstawie danych o rzeczywistej liczbie osób w rodzinach objętych pomocą społeczną (świadczenia przyznane w ramach zadań zleconych i własnych bez względu na rodzaj, formę, liczbę oraz źródło finansowania).",2024,2.02,%,2.02%
powiat oświęcimski,POMOC SPOŁECZNA - B,Rodziny niepełne objęte pomocą społeczną,"Wskaźnik pomocy społecznej udzielonej rodzinom niepełnym - udział rodzin niepełnych objętych pomocą (w której skład wchodzi jedno z rodziców z dzieckiem/ dziećmi) w liczbie wszystkich rodzin z dziećmi, którym udzielono pomocy.",2024,37.28,%,37.28%
powiat oświęcimski,POMOC SPOŁECZNA - B,Rodziny wielodzietne objęte pomocą społeczną,"Wskaźnik pomocy społecznej udzielonej rodzinom wielodzietnym - udział rodzin wielodzietnych (3 dzieci i więcej) objętych pomocą w liczbie wszystkich rodzin z dziećmi, którym udzielono pomocy.",2024,25.22,%,25.22%
powiat oświęcimski,POMOC SPOŁECZNA - B,Rodziny emerytów i rencistów objęte pomocą społeczną,"Wskaźnik pomocy społecznej udzielonej rodzinom emerytów i rencistów - udział rodzin emerytów i rencistów objętych pomocą w liczbie wszystkich rodzin, którym udzielono pomocy.",2024,27.38,%,27.38%
powiat oświęcimski,POMOC SPOŁECZNA - B,Pensjonariusze DPS nieopuszczający łóżek,Odsetek pensjonariuszy Domów Pomocy Społecznej nieopuszczających łóżek. Dane na temat liczby mieszkańców Domów Pomocy Społecznej zebrano wg. stanu na dzień 31 grudnia. W statystykach uwzględniono mieszkańców Domów Pomocy Społecznej i podmiotów niepublicznych w roku sprawozdawczym.,2024,7.76,%,7.76%
powiat oświęcimski,POMOC SPOŁECZNA - B,Pensjonariusze DPS do 18 roku życia,Odsetek pensjonariuszy Domów Pomocy Społecznej w wieku do18 roku życia. Dane na temat liczby mieszkańców Domów Pomocy Społecznej zebrano wg. stanu na dzień 31 grudnia. W statystykach uwzględniono mieszkańców Domów Pomocy Społecznej i podmiotów niepublicznych w roku sprawozdawczym.,2024,0.31,%,0.31%
powiat oświęcimski,POMOC SPOŁECZNA - B,Pensjonariusze DPS w wieku 19-40 lat,Odsetek pensjonariuszy Domów Pomocy Społecznej wieku 19-40 lat. Dane na temat liczby mieszkańców Domów Pomocy Społecznej zebrano wg. stanu na dzień 31 grudnia. W statystykach uwzględniono mieszkańców Domów Pomocy Społecznej i podmiotów niepublicznych w roku sprawozdawczym.,2024,18.94,%,18.94%
powiat oświęcimski,POMOC SPOŁECZNA - B,Pensjonariusze DPS w wieku 41-60 lat,Odsetek pensjonariuszy Domów Pomocy Społecznej wieku 41-60 lat. Dane na temat liczby mieszkańców Domów Pomocy Społecznej zebrano wg. stanu na dzień 31 grudnia. W statystykach uwzględniono mieszkańców Domów Pomocy Społecznej i podmiotów niepublicznych w roku sprawozdawczym.,2024,44.10,%,44.10%
powiat oświęcimski,POMOC SPOŁECZNA - B,Pensjonariusze DPS w wieku 61-74 lat,Odsetek pensjonariuszy Domów Pomocy Społecznej wieku 60-74 lat. Dane na temat liczby mieszkańców Domów Pomocy Społecznej zebrano wg. stanu na dzień 31 grudnia. W statystykach uwzględniono mieszkańców Domów Pomocy Społecznej i podmiotów niepublicznych w roku sprawozdawczym.,2024,31.99,%,31.99%
powiat oświęcimski,POMOC SPOŁECZNA - B,Pensjonariusze DPS w wieku powyżej 74 lat,Odsetek pensjonariuszy Domów Pomocy Społecznej wieku powyżej 74 lat. Dane na temat liczby mieszkańców Domów Pomocy Społecznej zebrano wg. stanu na dzień 31 grudnia. W statystykach uwzględniono mieszkańców Domów Pomocy Społecznej i podmiotów niepublicznych w roku sprawozdawczym.,2024,4.66,%,4.66%
powiat oświęcimski,Sheet6,Świadczenia pieniężne z pomocy społecznej,Odsetek korzystających ze świadczeń pieniężnych w ogólnej liczbie świadczeniobiorców pomocy społecznej (liczba osób w rodzinach),2024,79.56,%,79.56%
powiat oświęcimski,Sheet6,Świadczenia niepieniężne z pomocy społecznej,Odsetek korzystających ze świadczeń niepieniężnych w ogólnej liczbie świadczeniobiorców pomocy społecznej (liczba osób w rodzinach),2024,47.11,%,47.11%
powiat oświęcimski,Sheet6,Osoby korzystające z usług opiekuńczych i specjalistycznych usług opiekuńczych,Liczba osób korzystających z usług opiekuńczych (w tym specjalistycznych usług opiekuńczych).,2024,483,,483
powiat oświęcimski,Sheet6,Osoby korzystające ze specjalistycznych usług opiekuńczych dla osób z zaburzeniami psychicznymi,Liczba osób korzystających ze specjalistycznych usług opiekuńczych w miejscu zamieszkania dla osób z zaburzeniami psychicznymi.,2024,8,,8
powiat oświęcimski,Sheet6,Osoby objęte kontraktami socjalnymi,Udział osób objętych kontraktami socjalnymi w ogólnej liczbie osób w rodzinach świadczeniobiorców pomocy społecznej.,2024,4.65,%,4.65%
powiat oświęcimski,Sheet6,Osoby objęte dożywianiem na 1000 mieszkańców,Wskaźnik pomocy w zakresie dożywiania - liczba osób objętych pomocą państwa w zakresie dożywiania w przeliczeniu na 1000 mieszkańców.,2024,13,,13
powiat oświęcimski,Sheet6,Udział dzieci w ogóle osób objętych dożywianiem,"Udział dzieci w liczbie wszystkich osób objętych pomocą państwa w zakresie dożywiania. Sprawozdanie z realizacji programu ""Pomoc Państwa w zakresie dożywiania"" do 2013 roku obejmowało dzieci do lat 7. Od 2014 roku w sprawozdaniu liczba dzieci jest określona na podstawie momentu rozpoczęcia nauki w szkole podstawowej.",2024,11,%,11%
powiat oświęcimski,Sheet6,Udział uczniów w ogóle osób objętych dożywianiem,Udział dzieci w wieku szkolnym (uczniowie do czasu ukończenia szkoły ponadgimnazjalnej) w liczbie wszystkich osób objętych pomocą państwa w zakresie dożywiania.,2024,20,%,20%
powiat oświęcimski,POMOC SPOŁECZNA I O,Centra integracji społecznej,Liczba centrów integracji społecznej działających na danym terenie. Stan na 31 XII.,2024,1,,1
powiat oświęcimski,POMOC SPOŁECZNA I O,Domy pomocy społecznej,Liczba domów pomocy społecznej działających na danym terenie (bez podziału na typy).,2024,3,,3
powiat oświęcimski,POMOC SPOŁECZNA I O,Dzienne domy pomocy,Liczba dziennych domów pomocy działających na danym terenie. Stan na 31 XII.,2024,3,,3
powiat oświęcimski,POMOC SPOŁECZNA I O,Placówki specjalistycznego poradnictwa - jednostki  powiatowe,"Liczba jednostek specjalistycznego poradnictwa działających w powiatach. Stan na 31 XII. Wskaźnik zasilany od 2021 r. w związku ze zmianami monitorowania danych w sprawozdaniach resortowych. Zastąpił on wskaźnik ""Placówki specjalistycznego poradnictwa""",2024,0,,0
powiat oświęcimski,POMOC SPOŁECZNA I O,Placówki specjalistycznego poradnictwa,Liczba jednostek specjalistycznego poradnictwa działających na danym terenie. Stan na 31 XII. Od 2021 roku ze względu na brak kontynuacji monitorowania danych w sprawozdaniach resortowych wskaźnik nie jest już aktualizowany.,2024,0,,0
powiat oświęcimski,POMOC SPOŁECZNA I O,Kluby integracji społecznej,Liczba klubów integracji społecznej działających na danym terenie.,2024,2,,2
powiat oświęcimski,POMOC SPOŁECZNA I O,Mieszkania treningowe oraz wspomagane,"Liczba mieszkań treningowe oraz wspomaganych działających na danym terenie. Stan na 31 XII. Do 2022 r. w systemie funkcjonowały mieszkania chronione, natomiast od 2023 r. funkcjonują mieszkania treningowe oraz wspomagane.",2024,6,,6
powiat oświęcimski,POMOC SPOŁECZNA I O,"Noclegownie, schroniska i domy dla osób bezdomnych","Liczba noclegowni, schronisk i domów dla osób bezdomnych działających na danym terenie.",2024,4,,4
powiat oświęcimski,POMOC SPOŁECZNA I O,Ośrodki interwencji kryzysowej,Liczba ośrodków interwencji kryzysowej działających na danym terenie. Stan na 31 XII.,2024,1,,1
powiat oświęcimski,POMOC SPOŁECZNA I O,Placówki opiekuńczo-wychowawcze,Liczba placówek opiekuńczo-wychowawczych działających na danym terenie (bez podziału na typy). Stan na 31 XII.,2024,8,,8
powiat oświęcimski,POMOC SPOŁECZNA I O,Placówki wsparcia dziennego,Liczba placówek wsparcia dziennego działających na danym terenie. Stan na 31 XII.,2024,5,,5
powiat oświęcimski,POMOC SPOŁECZNA I O,"Placówki zapewniające całodobową opiekę osobom niepełnosprawnym, przewlekle chorym lub osobom w podeszłym wieku","Liczba placówek zapewniających całodobową opiekę osobom niepełnosprawnym, przewlekle chorym lub osobom w podeszłym wieku działających na danym terenie (w oparciu zarówno o działalność gospodarczą, jak i o działalność statutową). Stan na 31 XII.",2024,1,,1
powiat oświęcimski,POMOC SPOŁECZNA I O,Środowiskowe domy samopomocy,Liczba środowiskowych domów samopomocy działających na danym terenie. Stan na 31 XII.,2024,4,,4
powiat oświęcimski,POMOC SPOŁECZNA I O,Zakłady aktywności zawodowej,Liczba zakładów aktywności zawodowej działających na danym terenie.,2024,0,,0
powiat oświęcimski,PIECZA ZASTĘPCZA,Stopień deinstytucjonalizacji pieczy zastępczej,"Stosunek liczby dzieci w rodzinnej pieczy zastępczej (dzieci przebywające w rodzinach zastępczych, rodzinnych domach dziecka i w placówkach opiekuńczo-wychowawczych typu rodzinnego) do liczby wszystkich dzieci w pieczy zastępczej. Do wskaźnika nie wliczono dzieci umieszczonych w rodzinach zastępczych spokrewnionych (definicja zaczerpnięta z raportu ""Postępy deinstytucjonalizacji pieczy zastępczej""; Warszawa 2018 r.). Dane zbierane przez MRiPS regularnie (co pół roku) w sprawozdaniach resortowych.",2024,67.65,%,67.65%
powiat oświęcimski,PIECZA ZASTĘPCZA,Intensywność pieczy zastępczej,"Liczba dzieci poniżej 18. roku życia przebywających w pieczy zastępczej w stosunku do liczby wszystkich dzieci w wieku poniżej 18 roku życia na danym terenie w przeliczeniu na 1000 dzieci (definicja zaczerpnięta z raportu ""Postępy deinstytucjonalizacji pieczy zastępczej""; Warszawa 2018 r.). Dane zbierane przez MRiPS regularnie (co pół roku) w sprawozdaniach resortowych.",2024,7.85,,7.85
powiat oświęcimski,PIECZA ZASTĘPCZA,Liczba rodzin zastępczych,"Liczba rodzin zastępczych funkcjonujących na danym obszarze. Rodzina zastępcza jest jedną z form rodzinnej pieczy zastępczej, sprawowanej w przypadku niemożności zapewnienia dziecku opieki i wychowania przez rodziców.",2024,125,,125
powiat oświęcimski,PIECZA ZASTĘPCZA,Liczba dzieci w rodzinach zastępczych,"Liczba dzieci wychowujących się w rodzinach zastępczych na danym obszarze. Rodzina zastępcza jest jedną z form rodzinnej pieczy zastępczej, sprawowanej w przypadku niemożności zapewnienia dziecku opieki i wychowania przez rodziców. Do roku 2011 dane pochodzą ze sprawozdania MPiPS-03; od roku 2012 dane pochodzą ze sprawozdania Ocena Zasobów Pomocy Społecznej.",2024,169,,169
powiat oświęcimski,ZDROWIE,Dostępność aptek,"Wskaźnik dostępności do aptek - liczba osób przypadająca na jedną aptekę ogólnodostępną. Apteka, zgodnie z Ustawą ""Prawo farmaceutyczne"" z dnia 6 września 2001 r. to placówka ochrony zdrowia publicznego, w której osoby uprawnione świadczą w szczególności usługi farmaceutyczne obejmujące zadania określone w ustawie.",2024,3282,,3282
powiat oświęcimski,ZDROWIE,Zgony z powodu chorób nowotworowych,Wskaźnik umieralności z powodu choroby nowotworowej - udział zgonów z powodu choroby nowotworowej w liczbie zgonów ogółem. Dane do wskaźnika pochodzą z kart statystycznych do kart zgonów.,2024,26.90,%,26.90%
powiat oświęcimski,ZDROWIE,Zgony z powodu chorób układu krążenia,Wskaźnik umieralności z powodu chorób układu krążenia - udział zgonów z powodu chorób układu krążenia w liczbie zgonów ogółem. Dane do wskaźnika pochodzą z kart statystycznych do kart zgonów.,2024,42.70,%,42.70%
powiat oświęcimski,"WYNAGRODZENIA, EMERY",Przeciętne wynagrodzenie w relacji do śr. krajowej,Wskaźnik wysokości wynagrodzeń - przeciętne miesięczne wynagrodzenia brutto w gospodarce narodowej w relacji do średniej krajowej (Polska=100%). Wskaźnik pokazuje jaki procent średniej krajowej jest osiągany na danym terenie.,2024,86.80,,86.80
powiat oświęcimski,KULTURA,Wskaźnik dostępności kin,"Wskaźnik dostępności kin - liczba osób przypadających na jedno miejsce na widowni kina. Przez ""miejsce na widowni"" rozumie się każde numerowane miejsce (zarejestrowane) wykorzystywane przez instytucję kultury do stałych prezentacji scenicznych (w stałej sali eksploatowanej przez instytucję artystyczną lub w kinie stałym do prezentacji filmów).",2024,77,,77
powiat oświęcimski,KULTURA,Wskaźnik dostępności domów i ośrodków kultury,"Wskaźnik dostępności domów i ośrodków kultury oraz klubów, świetlic i kół - liczba osób przypadająca na jedną placówkę kultury.",2024,947,,947
powiat oświęcimski,KULTURA,Wskaźnik dostępności muzeów,"Wskaźnik dostępności do muzeów - liczba ludności przypadająca na jedną placówkę muzealną. Dane wskaźnikowe bazują na sprawozdaniach z działalności muzeów i instytucji paramuzealnych. Przez placówkę muzealną (za ustawą z dnia 21 listopada 1996 r. o muzeach) rozumiemy jednostkę organizacyjną, nienastawioną na osiąganie zysku, której celem jest sprawowanie opieki nad zabytkami, informowanie o wartościach i treściach gromadzonych zbiorów, upowszechnianie podstawowych wartości historii, nauki i kultury polskiej oraz światowej, kształtowanie wrażliwości poznawczej i estetycznej oraz umożliwianie kontaktu ze zbiorami.",2024,36920,,36920
powiat oświęcimski,KULTURA,Wskaźnik dostępności bibliotek,"Wskaźnik dostępności bibliotek - liczba ludności przydająca na jedną placówkę biblioteczną. W celu wyliczenia wskaźnika zliczono biblioteki, filie i punkty biblioteczne na danym ternie. Dane bazują na sprawozdaniach bibliotek ogólnych. Zgodnie z definicją przyjętą przez GUS przez placówkę biblioteczną rozumie się jednostkę organizacyjną lub jej część posiadającą uporządkowany (zinwentaryzowany) zbiór książek, czasopism i innych materiałów piśmienniczych liczący co najmniej 300 jednostek inwentarzowych, której głównymi celami są tworzenie i obsługa zbiorów oraz udostępnianie ich użytkownikom w sposób kontrolowany.",2024,5092,,5092
powiat oświęcimski,KULTURA,Wskaźnik czytelnictwa,Wskaźnik czytelnictwa - ilość wypożyczeń z księgozbioru przez jednego czytelnika w ciągu roku. Przez księgozbiór rozumie się zbiór obejmujący wydawnictwa nieperiodyczne (książki i broszury) i wydawnictwa periodyczne (gazety i czasopisma).,2024,17,,17
powiat oświęcimski,EDUKACJA,Edukacja przedszkolna,"Wskaźnik edukacji na poziomie przedszkolnym - odsetek dzieci w wieku od 3 do 5 lat uczęszczających do placówek wychowania przedszkolnego. Wskaźnik zbudowano na podstawie sprawozdań przedszkoli i innych form edukacji przedszkolnej. Uwzględniono ośrodki wychowania przedszkolnego prowadzone przez ograny samorządu terytorialnego, jednostki samorządu powiatowego oraz gminnego.",2024,99.10,,99.10
powiat oświęcimski,EDUKACJA,Zdawalność egzaminu maturalnego w technikach,"Wskaźnik zdawalności matur w technikach - procent uczniów klas IV techników, którzy zdali egzamin maturalny.",2024,93.00,,93.00
powiat oświęcimski,EDUKACJA,Zdawalność egzaminu maturalnego w liceach ogólnokształcących,"Wskaźnik zdawalności matur w liceach -procent uczniów klas III liceów ogólnokształcących, którzy zdali egzamin maturalny.",2024,90.00,,90.00
powiat oświęcimski,EDUKACJA,Wyniki egzaminu ósmoklasisty – język polski,"Wyrażony w % średni wynik uczniów uzyskiwany na egzaminie ósmoklasisty w części z języka polskiego (wskaźnik aktualizowany od 2019 roku, w którym uczniowie szkół podstawowych po raz pierwszy przystąpili do egzaminu ósmoklasisty)",2024,62.70,,62.70
powiat oświęcimski,EDUKACJA,Wyniki egzaminu ósmoklasisty – język angielski podstawowy,"Wyrażony w % średni wynik uczniów uzyskiwany na egzaminie ósmoklasisty w części podstawowej z języka angielskiego (wskaźnik aktualizowany od 2019 roku, w którym uczniowie szkół podstawowych po raz pierwszy przystąpili do egzaminu ósmoklasisty)",2024,67.63,,67.63
powiat oświęcimski,EDUKACJA,Wyniki egzaminu ósmoklasisty – matematyka,"Wyrażony w % średni wynik uczniów uzyskiwany na egzaminie ósmoklasisty w części z matematyki (wskaźnik aktualizowany od 2019 roku, w którym uczniowie szkół podstawowych po raz pierwszy przystąpili do egzaminu ósmoklasisty)",2024,54.61,,54.61
powiat oświęcimski,EDUKACJA,Wybory edukacyjne ósmoklasistów – technikum,"Wyrażony w % udział absolwentów szkół podstawowych, którzy wybrali technikum jako miejsce dalszego kształcenia. Wskaźnik obliczony na podstawie liczby uczniów w klasie pierwszej technikum. (wskaźnik aktualizowany od 2020 roku po ostatecznym wygaszeniu szkół gimnazjalnych)",2024,27.62,,27.62
powiat oświęcimski,EDUKACJA,Wybory edukacyjne ósmoklasistów – liceum ogólnokształcące,"Wyrażony w % udział absolwentów szkół podstawowych, którzy wybrali liceum ogólnokształcące jako miejsce dalszego kształcenia. Wskaźnik obliczony na podstawie liczby uczniów w klasie pierwszej liceów ogólnokształcących. (wskaźnik aktualizowany od 2020 roku po ostatecznym wygaszeniu szkół gimnazjalnych)",2024,44.65,,44.65
powiat oświęcimski,EDUKACJA,Wybory edukacyjne ósmoklasistów – szkoła branżowa I stopnia,"Wyrażony w % udział absolwentów szkół podstawowych, którzy wybrali szkołę branżową I stopnia jako miejsce dalszego kształcenia. Wskaźnik obliczony na podstawie liczby uczniów w klasie pierwszej szkół branżowych I stopnia. (wskaźnik aktualizowany od 2020 roku po ostatecznym wygaszeniu szkół gimnazjalnych)",2024,27.73,,27.73
powiat oświęcimski,RYNEK PRACY,Stopa bezrobocia,"Stopa bezrobocia - procentowy udział liczby bezrobotnych w liczbie ludności aktywnej zawodowo (tzn. pracującej i bezrobotnej). Przez bezrobotnych ( za Ustawą z dnia 20 kwietnia 2004 r. o promocji zatrudnienia i instytucjach rynku pracy) rozumiemy osoby niezatrudnione i nie wykonujące innej pracy zarobkowej, zdolne i gotowe do podjęcia zatrudnienia w pełnym wymiarze czasu pracy (bądź jeśli są to osoby niepełnosprawne - zdolne i gotowe do podjęcia zatrudnienia co najmniej w połowie tego wymiaru czasu pracy), nieuczące się w szkole z wyjątkiem szkół dla dorosłych lub szkół wyższych w systemie wieczorowym albo zaocznym, zarejestrowane we właściwym dla miejsca zameldowania (stałego lub czasowego) powiatowym urzędzie pracy oraz poszukujące zatrudnienia lub innej pracy zarobkowej, jeżeli spełniają określone w Ustawie warunki.",2024,4.70,,4.70
powiat oświęcimski,RYNEK PRACY,Bezrobocie kobiet,"Bezrobocie kobiet - Wyrażony w % udział bezrobotnych kobiet w liczbie bezrobotnych ogółem. Do kategorii osób bezrobotnych wlicza się wyłącznie osoby zarejestrowane w powiatowych urzędach pracy. Przez bezrobotnych ( za Ustawą z dnia 20 kwietnia 2004 r. o promocji zatrudnienia i instytucjach rynku pracy) rozumiemy osoby niezatrudnione i nie wykonujące innej pracy zarobkowej, zdolne i gotowe do podjęcia zatrudnienia w pełnym wymiarze czasu pracy (bądź jeśli są to osoby niepełnosprawne - zdolne i gotowe do podjęcia zatrudnienia co najmniej w połowie tego wymiaru czasu pracy), nieuczące się w szkole z wyjątkiem szkół dla dorosłych lub szkół wyższych w systemie wieczorowym albo zaocznym, zarejestrowane we właściwym dla miejsca zameldowania (stałego lub czasowego) powiatowym urzędzie pracy oraz poszukujące zatrudnienia lub innej pracy zarobkowej, jeżeli spełniają określone w Ustawie warunki.",2024,53.66,,53.66
powiat oświęcimski,RYNEK PRACY,Bezrobocie rodzinne,"Odsetek osób bezrobotnych zamieszkujących gospodarstwo domowe, w którym dwie lub więcej osób pozostaje na bezrobociu. Dane dla powiatu tarnowskiego i Tarnowa przedstawione zostały łącznie. Dane obrazują stan na 31 XII danego roku.",2024,9.38,%,9.38%
powiat oświęcimski,RYNEK PRACY,Bezrobotni dłużej niż 1 rok,"Wyrażony w % udział bezrobotnych dłużej niż 1 rok w liczbie bezrobotnych ogółem. Do kategorii osób bezrobotnych wlicza się wyłącznie osoby zarejestrowane w powiatowych urzędach pracy. Przez bezrobotnych ( za Ustawą z dnia 20 kwietnia 2004 r. o promocji zatrudnienia i instytucjach rynku pracy) rozumiemy osoby niezatrudnione i nie wykonujące innej pracy zarobkowej, zdolne i gotowe do podjęcia zatrudnienia w pełnym wymiarze czasu pracy (bądź jeśli są to osoby niepełnosprawne - zdolne i gotowe do podjęcia zatrudnienia co najmniej w połowie tego wymiaru czasu pracy), nieuczące się w szkole z wyjątkiem szkół dla dorosłych lub szkół wyższych w systemie wieczorowym albo zaocznym, zarejestrowane we właściwym dla miejsca zameldowania (stałego lub czasowego) powiatowym urzędzie pracy oraz poszukujące zatrudnienia lub innej pracy zarobkowej, jeżeli spełniają określone w Ustawie warunki.",2024,26.90,,26.90
powiat oświęcimski,RYNEK PRACY,Bezrobotni z wykształceniem gimnazjalnym i niższym,"Wyrażony w % udział bezrobotnych z wykształceniem gimnazjalnym i niższym w liczbie bezrobotnych ogółem. Do kategorii osób bezrobotnych wlicza się wyłącznie osoby zarejestrowane w powiatowych urzędach pracy. Przez bezrobotnych ( za Ustawą z dnia 20 kwietnia 2004 r. o promocji zatrudnienia i instytucjach rynku pracy) rozumiemy osoby niezatrudnione i nie wykonujące innej pracy zarobkowej, zdolne i gotowe do podjęcia zatrudnienia w pełnym wymiarze czasu pracy (bądź jeśli są to osoby niepełnosprawne - zdolne i gotowe do podjęcia zatrudnienia co najmniej w połowie tego wymiaru czasu pracy), nieuczące się w szkole z wyjątkiem szkół dla dorosłych lub szkół wyższych w systemie wieczorowym albo zaocznym, zarejestrowane we właściwym dla miejsca zameldowania (stałego lub czasowego) powiatowym urzędzie pracy oraz poszukujące zatrudnienia lub innej pracy zarobkowej, jeżeli spełniają określone w Ustawie warunki.",2024,17.99,,17.99
powiat oświęcimski,RYNEK PRACY,Bezrobotni w wieku poniżej 25 lat,"Wyrażony w % udział bezrobotnych poniżej 25. roku życia w liczbie bezrobotnych ogółem. Do kategorii osób bezrobotnych wlicza się wyłącznie osoby zarejestrowane w powiatowych urzędach pracy. Przez bezrobotnych ( za Ustawą z dnia 20 kwietnia 2004 r. o promocji zatrudnienia i instytucjach rynku pracy) rozumiemy osoby niezatrudnione i nie wykonujące innej pracy zarobkowej, zdolne i gotowe do podjęcia zatrudnienia w pełnym wymiarze czasu pracy (bądź jeśli są to osoby niepełnosprawne - zdolne i gotowe do podjęcia zatrudnienia co najmniej w połowie tego wymiaru czasu pracy), nieuczące się w szkole z wyjątkiem szkół dla dorosłych lub szkół wyższych w systemie wieczorowym albo zaocznym, zarejestrowane we właściwym dla miejsca zameldowania (stałego lub czasowego) powiatowym urzędzie pracy oraz poszukujące zatrudnienia lub innej pracy zarobkowej, jeżeli spełniają określone w Ustawie warunki.",2024,13.41,,13.41
powiat oświęcimski,RYNEK PRACY,Bezrobotni w wieku 25-34 lata,"Wyrażony w % udział bezrobotnych w wieku 25-34 lata w liczbie bezrobotnych ogółem. Do kategorii osób bezrobotnych wlicza się wyłącznie osoby zarejestrowane w powiatowych urzędach pracy. Przez bezrobotnych ( za Ustawą z dnia 20 kwietnia 2004 r. o promocji zatrudnienia i instytucjach rynku pracy) rozumiemy osoby niezatrudnione i nie wykonujące innej pracy zarobkowej, zdolne i gotowe do podjęcia zatrudnienia w pełnym wymiarze czasu pracy (bądź jeśli są to osoby niepełnosprawne - zdolne i gotowe do podjęcia zatrudnienia co najmniej w połowie tego wymiaru czasu pracy), nieuczące się w szkole z wyjątkiem szkół dla dorosłych lub szkół wyższych w systemie wieczorowym albo zaocznym, zarejestrowane we właściwym dla miejsca zameldowania (stałego lub czasowego) powiatowym urzędzie pracy oraz poszukujące zatrudnienia lub innej pracy zarobkowej, jeżeli spełniają określone w Ustawie warunki.",2024,21.13,,21.13
powiat oświęcimski,RYNEK PRACY,Bezrobotni w wieku 55 lat i więcej,"Wyrażony w % udział bezrobotnych powyżej 55. roku życia w liczbie bezrobotnych ogółem. Do kategorii osób bezrobotnych wlicza się wyłącznie osoby zarejestrowane w powiatowych urzędach pracy. Przez bezrobotnych ( za Ustawą z dnia 20 kwietnia 2004 r. o promocji zatrudnienia i instytucjach rynku pracy) rozumiemy osoby niezatrudnione i nie wykonujące innej pracy zarobkowej, zdolne i gotowe do podjęcia zatrudnienia w pełnym wymiarze czasu pracy (bądź jeśli są to osoby niepełnosprawne - zdolne i gotowe do podjęcia zatrudnienia co najmniej w połowie tego wymiaru czasu pracy), nieuczące się w szkole z wyjątkiem szkół dla dorosłych lub szkół wyższych w systemie wieczorowym albo zaocznym, zarejestrowane we właściwym dla miejsca zameldowania (stałego lub czasowego) powiatowym urzędzie pracy oraz poszukujące zatrudnienia lub innej pracy zarobkowej, jeżeli spełniają określone w Ustawie warunki.",2024,15.16,,15.16
powiat oświęcimski,RYNEK PRACY,Prowadzący działalność gospodarczą,Osoby fizyczne prowadzące działalność gospodarczą na 100 osób w wieku produkcyjnym. Dane bez osób prowadzących gospodarstwa indywidualne w rolnictwie.,2024,14.71,,14.71
powiat oświęcimski,RYNEK PRACY,Zatrudnienie w branży finansowej i nieruchomościach,"Wyrażony w % udział pracujących w branży finansowej i nieruchomościach w stosunku do ogółu pracujących. Dane do 2021 roku bez podmiotów gospodarczych o liczbie pracujących do 9 osób. Podział branż jest zgodny z PKD 2007. Dotyczy sekcji: ""Działalność finansowa i ubezpieczeniowa; obsługa rynku nieruchomości"". W związku z wprowadzonymi zmianami metodologicznymi w pozyskiwaniu danych dotyczących: pracujących, zatrudnionych oraz przeciętnego zatrudnienia według PKD, dane od 2022 roku nie mogą być porównywane z danymi dla lat poprzednich.",2024,1.65,,1.65
powiat oświęcimski,RYNEK PRACY,Zatrudnienie w rolnictwie,"Wyrażony w % udział pracujących w rolnictwie w stosunku do ogółu pracujących. Dane łącznie z rolnictwem indywidualnym. Dane dotyczące pracujących w gospodarstwach indywidualnych w rolnictwie według stanu w dniu 31 XII w latach 2002-2009 wyszacowano na podstawie wyników Narodowego Spisu Powszechnego Ludności i Mieszkań oraz Powszechnego Spisu Rolnego 2002 oraz w 2010 r. na podstawie Powszechnego Spisu Rolnego 2010. Podział branż jest zgodny z PKD 2007. Dotyczy sekcji: ""Rolnictwo, leśnictwo, łowiectwo i rybactwo"". W związku z wprowadzonymi zmianami metodologicznymi w pozyskiwaniu danych dotyczących: pracujących, zatrudnionych oraz przeciętnego zatrudnienia według PKD, dane od 2022 roku nie mogą być porównywane z danymi dla lat poprzednich.",2024,3.70,,3.70
powiat oświęcimski,RYNEK PRACY,Zatrudnienie w przemyśle i budownictwie,"Wyrażony w % udział pracujących w przemyśle i budownictwie w stosunku do ogółu pracujących. Dane do 2021 roku bez podmiotów gospodarczych o liczbie pracujących do 9 osób. Podział branż jest zgodny z PKD 2007. Pod pojęciem ""Przemysł i budownictwo"" rozumie się sekcje: ""Górnictwo i wydobywanie""; ""Przetwórstwo przemysłowe""; ""Wytwarzanie i zaopatrywanie w energię elektryczną, gaz, parę wodną i gorącą wodę""; ""Dostawa wody; gospodarowanie ściekami i odpadami; rekultywacja"" oraz ""Budownictwo"". W związku z wprowadzonymi zmianami metodologicznymi w pozyskiwaniu danych dotyczących: pracujących, zatrudnionych oraz przeciętnego zatrudnienia według PKD, dane od 2022 roku nie mogą być porównywane z danymi dla lat poprzednich.",2024,39.49,,39.49
powiat oświęcimski,RYNEK PRACY,"Zatrudnienie w handlu, transporcie, turystyce, informacji i komunikacji","Wyrażony w % udział pracujących w handlu, transporcie, turystyce, informacji i komunikacji w stosunku do ogółu pracujących. Dane do 2021 roku bez podmiotów gospodarczych o liczbie pracujących do 9 osób. Podział branż jest zgodny z PKD 2007. Dotyczy sekcji: ""Handel""; ""Naprawa pojazdów samochodowych""; ""Transport i gospodarka magazynowa""; ""Zakwaterowanie i gastronomia"" oraz ""Informacja i komunikacja"". W związku z wprowadzonymi zmianami metodologicznymi w pozyskiwaniu danych dotyczących: pracujących, zatrudnionych oraz przeciętnego zatrudnienia według PKD, dane od 2022 roku nie mogą być porównywane z danymi dla lat poprzednich.",2024,19.74,,19.74
powiat oświęcimski,RYNEK PRACY,Zatrudnienie w pozostałych usługach,"Wyrażony w % udział pracujących w pozostałych usługach w stosunku do ogółu pracujących. Dane do 2021 roku bez podmiotów gospodarczych o liczbie pracujących do 9 osób. Podział branż jest zgodny z PKD 2007. Pod pojęciem ""Pozostałe usługi"" rozumie się sekcje: ""Działalność profesjonalna, naukowa i techniczna""; ""Administrowanie i działalność wspierająca""; ""Administracja publiczna i obrona narodowa, obowiązkowe zabezpieczenia społeczne""; ""Edukacja""; ""Opieka zdrowotna i pomoc społeczna""; ""Działalność związana z kulturą rozrywką i rekreacją"" oraz ""Pozostała działalność usługowa"". W związku z wprowadzonymi zmianami metodologicznymi w pozyskiwaniu danych dotyczących: pracujących, zatrudnionych oraz przeciętnego zatrudnienia według PKD, dane od 2022 roku nie mogą być porównywane z danymi dla lat poprzednich.",2024,34.69,,34.69
powiat oświęcimski,MOBILNOŚĆ,Saldo migracji stałych,"Wskaźnik migracji stałych - różnica między napływem a odpływem ludności z danego obszaru w danym czasie. Saldo migracji stałych uwzględnia zarazem dane ze stałych migracji zewnętrznych jak i wewnętrznych. Migracje stałe to takie, które wiążą się ze zmianą miejsca zamieszkania na pobyt stały. W świetle prawa polskiego, tego typu migracje związane są z dokonaniem w biurze ewidencji ludności zameldowania lub wymeldowania. W 2015 roku GUS zrezygnował z opublikowania danych dotyczących migracji zagranicznych z powodu braku ich kompletności. Dlatego niemożliwe było określenie poziomu migracji stałych za rok 2015.",2024,15.00,,15.00
powiat oświęcimski,MOBILNOŚĆ,Saldo migracji zagranicznych,Wskaźnik migracji zagranicznych - różnica między odpływem zagranicę a napływem do kraju ludności w danym czasie.,2024,18.00,,18.00
powiat oświęcimski,BUDŻETY GMIN,Wydatki budżetów gmin ogółem,"Wskaźnik wydatków gmin - wydatki budżetów gmin i miast na prawach powiatów w przeliczeniu na jednego mieszkańca. Dane stanowią sumę wydatków na rolnictwo, transport, gospodarkę komunalną, gosp. mieszkaniową, oświatę i wychowanie, kulturę i sztukę, ochronę zdrowia, kulturę fizyczną i sport, a także wydatki na administrację samorządową. Wydatki te są sklasyfikowane w rozporządzeniu Ministra Finansów z dnia 14 czerwca 2006 r. w sprawie szczegółowej klasyfikacji dochodów, wydatków, przychodów i rozchodów oraz środków pochodzących ze źródeł zagranicznych (Dz. U. 2006 r. Nr 107, poz.726, z późn. zm.). Wartości podawane są w złotówkach.",2024,7365.00,,7365.00
powiat oświęcimski,BUDŻETY GMIN,Wydatki budżetów gmin - oświata i wychowanie,"Wskaźnik wydatków gmin na oświatę i wychowanie - wydatki budżetów gmin i miast na prawach powiatów na oświatę i wychowanie w przeliczeniu na jednego mieszkańca. Dane stanowią sumę wydatków sklasyfikowanych w dziale 801 rozporządzenia Ministra Finansów z dnia 14 czerwca 2006 r. w sprawie szczegółowej klasyfikacji dochodów, wydatków, przychodów i rozchodów oraz środków pochodzących ze źródeł zagranicznych (Dz. U. 2006 r. Nr 107, poz.726, z późn. zm.). Wartości podawane są w złotówkach.",2024,2963.01,,2963.01
powiat oświęcimski,BUDŻETY GMIN,Wydatki budżetów gmin - kultura,"Wskaźnik wydatków gmin na kulturę i ochronę dziedzictwa narodowego - wydatki budżetów gmin i miast na prawach powiatów na kulturę i ochronę dziedzictwa narodowego w przeliczeniu na jednego mieszkańca. Dane stanowią sumę wydatków sklasyfikowanych w dziale 921 rozporządzenia Ministra Finansów z dnia 14 czerwca 2006 r. w sprawie szczegółowej klasyfikacji dochodów, wydatków, przychodów i rozchodów oraz środków pochodzących ze źródeł zagranicznych (Dz. U. 2006 r. Nr 107, poz.726, z późn. zm.). Wartości podawane są w złotówkach.",2024,324.40,,324.40
powiat oświęcimski,BUDŻETY GMIN,Wydatki budżetów gmin - pomoc społeczna,"Wskaźnik wydatków gmin na pomoc społeczną - wydatki budżetów gmin i miast na prawach powiatów na pomoc społeczną i pozostałe zadania w zakresie polityki społecznej w przeliczeniu na jednego mieszkańca. Dane stanowią sumę wydatków sklasyfikowanych w działach 852 i 853 rozporządzenia Ministra Finansów z dnia 14 czerwca 2006 r. w sprawie szczegółowej klasyfikacji dochodów, wydatków, przychodów i rozchodów oraz środków pochodzących ze źródeł zagranicznych (Dz. U. 2006 r. Nr 107, poz.726, z późn. zm.). Dane podawane są w złotówkach.",2024,420.34,,420.34
powiat proszowicki,LUDNOŚĆ,Ludność ogółem,Liczba ludności zamieszkałej na danym terenie (dane zgodnie z faktycznym miejscem zamieszkania wg podziału administracyjnego na dzień 31 XII).,2024,41929,,41929
powiat proszowicki,LUDNOŚĆ,Ludność w wieku przedprodukcyjnym,Udział ludności w wieku przedprodukcyjnym w liczbie ludności ogółem. Przez ludność w wieku przedprodukcyjnym rozumie się ludność w wieku do 17 roku życia.,2024,17.53,%,17.53%
powiat proszowicki,LUDNOŚĆ,Ludność w wieku produkcyjnym,"Udział ludności w wieku produkcyjnym w liczbie ludności ogółem. Przez ludność w wieku produkcyjnym rozumie się ludność w wieku zdolności do pracy. Dla mężczyzn przyjęto wiek 18-64 lata, dla kobiet 18-59 lat.",2024,58.60,%,58.60%
powiat proszowicki,LUDNOŚĆ,Ludność w wieku poprodukcyjnym,Udział ludności w wieku emerytalnym w liczbie ludności ogółem. Przez ludność w wieku poprodukcyjnym rozumie się ludność w wieku od 64 lat - dla mężczyzn i od 59 lat - dla kobiet.,2024,23.87,%,23.87%
powiat proszowicki,LUDNOŚĆ,Ludność w wieku 60+,Udział ludności w wieku 60 i więcej lat w liczbie ludności ogółem.,2024,26.75,%,26.75%
powiat proszowicki,LUDNOŚĆ,Wskaźnik podwójnego starzenia,Udział osób w wieku 80 i więcej lat w grupie osób wieku 60 i więcej lat.,2024,16.00,%,16.00%
powiat proszowicki,LUDNOŚĆ,Wskaźnik wsparcia osób najstarszych,Liczba osób w wieku 85 lat i więcej przypadająca na 100 osób w wieku 50–64 lata,2024,11,,11
powiat proszowicki,LUDNOŚĆ,Potencjał pielęgnacyjny,Liczba kobiet w wieku 45-64 lata (potencjalnych opiekunów rodzinnych) przypadających na 100 osób w wieku 80 i więcej lat,2024,311,,311
powiat proszowicki,LUDNOŚĆ,Wskaźnik obciążenia demograficznego,Wskaźnik obciążenia demograficznego - ludność w wieku nieprodukcyjnym przypadająca na 100 osób w wieku produkcyjnym. Przez ludność w wieku produkcyjnym rozumie się osoby w wieku zdolności do pracy tj. mężczyźni w wieku 18 - 64 lat oraz kobiety w wieku 18 - 59.,2024,70.70,,70.70
powiat proszowicki,LUDNOŚĆ,Przyrost naturalny na 1 000 ludności,Różnica między liczbą urodzeń żywych a liczbą zgonów w danym roku (bez rozróżnienia na płeć).,2024,-4.03,,-4.03
powiat proszowicki,LUDNOŚĆ,Wskaźnik feminizacji,Wskaźnik feminizacji - wielkość demograficzna określająca ile kobiet przypada na 100 mężczyzn na danym terenie.,2024,102.89,,102.89
powiat proszowicki,LUDNOŚĆ,Wskaźnik maskulinizacji,Wskaźnik maskulinizacji - wielkość demograficzna określająca ilu mężczyzn przypada na 100 kobiet na danym terenie.,2024,97.19,,97.19
powiat proszowicki,LUDNOŚĆ,Wskaźnik gęstości zaludnienia,Wskaźnik gęstości zaludnienia - liczba mieszkańców przypadająca na 1 km².,2024,101.10,,101.10
powiat proszowicki,LUDNOŚĆ,Wskaźnik urbanizacji,"Wskaźnik urbanizacji - udział mieszkańców miast w liczbie mieszkańców ogółem. Do wyliczenia wskaźnika posłużono się danymi na temat ludności faktycznie zamieszkałej na dzień 31 XII każdego roku. Ludnośc faktycznie zamieszkała obejmuje: a) stałych mieszkańców, z wyjatkiem osób przebywających poza miejscem zamieszkania przez okres powyżej 3 miesięcy w kraju oraz obejmuje wszystkie osoby przebywajace za granicą (bez względu na okres ich nieobecności) b) osoby przebywające czasowo przez okres powyżej 3 miesięcy, przybyłe z innego miejsca w kraju. Dane za lata 2010 - 2021 bazują na wynikach Narodowego Spisu Powszechnego Ludności i Mieszkań 2011.",2024,19.26,%,19.26%
powiat proszowicki,LUDNOŚĆ,Małżeństwa na 1000 mieszkańców,Liczba zawartych małżeństw w przeliczeniu na 1000 mieszkańców.,2024,3.90,,3.90
powiat proszowicki,LUDNOŚĆ,Urodzenia na 1000 mieszkańców,Liczba urodzeń żywych w przeliczeniu na 1000 mieszkańców.,2024,7.11,,7.11
powiat proszowicki,LUDNOŚĆ,Zgony na 1000 mieszkańców,Liczba zgonów w przeliczeniu na 1000 mieszkańców.,2024,11.13,,11.13
powiat proszowicki,LUDNOŚĆ,Wskaźnik/ indeks starości,"Relacja pokoleniowa dziadków i wnuczków, tj. liczba osób w wieku 65 i więcej lat przypadająca na 100 osób w wieku 0-14 lat",2024,143,,143
powiat proszowicki,LUDNOŚĆ,Ludność w wieku 65+/ Współczynnik starości demograficznej,Relacja liczby osób w starszym wieku (65 lat i więcej) do ogólnej liczby ludności.,2024,20.79,%,20.79%
powiat proszowicki,LUDNOŚĆ,Wskaźnik potencjalnego wsparcia,Liczba osób w wieku 15-64 lata przypadająca na 100 osób w wieku 65 lat i więcej. Przedstawia tzw. obciążenie - ile osób hipotetycznie pozostających na rynku pracy przypada na 1 osobę (100 osób) będącą już poza rykiem pracy (odwrotność cząstkowego współczynnika obciążenia demograficznego osobami starszymi).,2024,311,,311
powiat proszowicki,POMOC SPOŁECZNA - K,Liczba mieszkańców na 1 pracownika socjalnego,Liczba mieszkańców przypadająca na jednego pracownika socjalnego zatrudnionego w ośrodku pomocy społecznej.,2024,1906,,1906
powiat proszowicki,POMOC SPOŁECZNA - K,Pracownicy socjalni OPS posiadający wyższe wykształcenie,Udział pracowników socjalnych posiadających wyższe wykształcenie w ogólnej licznie pracowników socjalnych.,2024,95.24,%,95.24%
powiat proszowicki,POMOC SPOŁECZNA - K,Pracownicy socjalni OPS posiadający I stopień specjalizacji w zawodzie pracownik socjalny,Udział pracowników socjalnych OPS posiadających I stopień specjalizacji w zawodzie pracownik socjalny w ogólnej liczbie pracowników socjalnych.,2024,33.33,%,33.33%
powiat proszowicki,POMOC SPOŁECZNA - K,Pracownicy socjalni OPS posiadający II stopień specjalizacji w zawodzie pracownik socjalny,Udział pracowników socjalnych posiadających II stopień specjalizacji w zawodzie pracownik socjalny w ogólnej liczbie pracowników socjalnych.,2024,19.05,%,19.05%
powiat proszowicki,POMOC SPOŁECZNA - P,Alkoholizm,Odsetek klientów pomocy społecznej korzystających ze wsparcia z powodu alkoholizmu (na podstawie danych o rzeczywistej liczbie osób w rodzinach objętych pomocą społeczną).,2024,2.10,%,2.10%
powiat proszowicki,POMOC SPOŁECZNA - P,Bezdomność,Odsetek klientów pomocy społecznej korzystających ze wsparcia z powodu bezdomności (na podstawie danych o rzeczywistej liczbie osób w rodzinach objętych pomocą społeczną).,2024,1.45,%,1.45%
powiat proszowicki,POMOC SPOŁECZNA - P,Bezradność w sprawach opiekuńczo-wychowawczych i prowadzenia gosp. dom.,Odsetek klientów pomocy społecznej korzystających ze wsparcia z powodu bezradności w sprawach opiekuńczo-wychowawczych i prowadzenia gospodarstwa domowego (na podstawie danych o rzeczywistej liczbie osób w rodzinach objętych pomocą społeczną).,2024,8.71,%,8.71%
powiat proszowicki,POMOC SPOŁECZNA - P,Bezrobocie,Odsetek klientów pomocy społecznej korzystających ze wsparcia z powodu bezrobocia (na podstawie danych o rzeczywistej liczbie osób w rodzinach objętych pomocą społeczną).,2024,28.08,%,28.08%
powiat proszowicki,POMOC SPOŁECZNA - P,Długotrwała lub ciężka choroba,Odsetek klientów pomocy społecznej korzystających ze wsparcia z powodu długotrwałej bądź ciężkiej choroby (na podstawie danych o rzeczywistej liczbie osób w rodzinach objętych pomocą społeczną).,2024,36.87,%,36.87%
powiat proszowicki,POMOC SPOŁECZNA - P,Narkomania,Odsetek klientów pomocy społecznej korzystających ze wsparcia z powodu narkomanii (na podstawie danych o rzeczywistej liczbie osób w rodzinach objętych pomocą społeczną).,2024,0.07,%,0.07%
powiat proszowicki,POMOC SPOŁECZNA - P,Niepełnosprawność,Odsetek klientów pomocy społecznej korzystających ze wsparcia z powodu niepełnosprawności (na podstawie danych o rzeczywistej liczbie osób w rodzinach objętych pomocą społeczną).,2024,26.78,%,26.78%
powiat proszowicki,POMOC SPOŁECZNA - P,Potrzeba ochrony macierzyństwa,Odsetek klientów pomocy społecznej korzystających ze wsparcia z powodu potrzeby ochrony macierzyństwa (na podstawie danych o rzeczywistej liczbie osób w rodzinach objętych pomocą społeczną).,2024,21.48,%,21.48%
powiat proszowicki,POMOC SPOŁECZNA - P,Przemoc domowa,Odsetek klientów pomocy społecznej korzystających ze wsparcia z powodu przemocy domowej (na podstawie danych o rzeczywistej liczbie osób w rodzinach objętych pomocą społeczną).,2024,0.00,%,0.00%
powiat proszowicki,POMOC SPOŁECZNA - P,Sieroctwo,Odsetek klientów pomocy społecznej korzystających ze wsparcia z powodu sieroctwa (na podstawie danych o rzeczywistej liczbie osób w rodzinach objętych pomocą społeczną).,2024,0.51,%,0.51%
powiat proszowicki,POMOC SPOŁECZNA - P,Sytuacja kryzysowa,Odsetek klientów pomocy społecznej korzystających ze wsparcia z powodu sytuacji kryzysowej (na podstawie danych o rzeczywistej liczbie osób w rodzinach objętych pomocą społeczną).,2024,0.15,%,0.15%
powiat proszowicki,POMOC SPOŁECZNA - P,Ubóstwo,Odsetek klientów pomocy społecznej korzystających ze wsparcia z powodu ubóstwa (na podstawie danych o rzeczywistej liczbie osób w rodzinach objętych pomocą społeczną).,2024,36.94,%,36.94%
powiat proszowicki,POMOC SPOŁECZNA - P,Wielodzietność,Odsetek klientów pomocy społecznej korzystających ze wsparcia z powodu wielodzietności (na podstawie danych o rzeczywistej liczbie osób w rodzinach objętych pomocą społeczną).,2024,18.94,%,18.94%
powiat proszowicki,POMOC SPOŁECZNA - P,Zdarzenie losowe,Odsetek klientów pomocy społecznej korzystających ze wsparcia z powodu zdarzenia losowego (na podstawie danych o rzeczywistej liczbie osób w rodzinach objętych pomocą społeczną).,2024,1.67,%,1.67%
powiat proszowicki,POMOC SPOŁECZNA - B,Beneficjenci pomocy społecznej,"Udział osób korzystających z pomocy społecznej w liczbie ludności ogółem - na podstawie danych o rzeczywistej liczbie osób w rodzinach objętych pomocą społeczną (świadczenia przyznane w ramach zadań zleconych i własnych bez względu na rodzaj, formę, liczbę oraz źródło finansowania).",2024,3.29,%,3.29%
powiat proszowicki,POMOC SPOŁECZNA - B,Rodziny niepełne objęte pomocą społeczną,"Wskaźnik pomocy społecznej udzielonej rodzinom niepełnym - udział rodzin niepełnych objętych pomocą (w której skład wchodzi jedno z rodziców z dzieckiem/ dziećmi) w liczbie wszystkich rodzin z dziećmi, którym udzielono pomocy.",2024,40.96,%,40.96%
powiat proszowicki,POMOC SPOŁECZNA - B,Rodziny wielodzietne objęte pomocą społeczną,"Wskaźnik pomocy społecznej udzielonej rodzinom wielodzietnym - udział rodzin wielodzietnych (3 dzieci i więcej) objętych pomocą w liczbie wszystkich rodzin z dziećmi, którym udzielono pomocy.",2024,37.35,%,37.35%
powiat proszowicki,POMOC SPOŁECZNA - B,Rodziny emerytów i rencistów objęte pomocą społeczną,"Wskaźnik pomocy społecznej udzielonej rodzinom emerytów i rencistów - udział rodzin emerytów i rencistów objętych pomocą w liczbie wszystkich rodzin, którym udzielono pomocy.",2024,18.47,%,18.47%
powiat proszowicki,POMOC SPOŁECZNA - B,Pensjonariusze DPS nieopuszczający łóżek,Odsetek pensjonariuszy Domów Pomocy Społecznej nieopuszczających łóżek. Dane na temat liczby mieszkańców Domów Pomocy Społecznej zebrano wg. stanu na dzień 31 grudnia. W statystykach uwzględniono mieszkańców Domów Pomocy Społecznej i podmiotów niepublicznych w roku sprawozdawczym.,2024,6.90,%,6.90%
powiat proszowicki,POMOC SPOŁECZNA - B,Pensjonariusze DPS do 18 roku życia,Odsetek pensjonariuszy Domów Pomocy Społecznej w wieku do18 roku życia. Dane na temat liczby mieszkańców Domów Pomocy Społecznej zebrano wg. stanu na dzień 31 grudnia. W statystykach uwzględniono mieszkańców Domów Pomocy Społecznej i podmiotów niepublicznych w roku sprawozdawczym.,2024,0.00,%,0.00%
powiat proszowicki,POMOC SPOŁECZNA - B,Pensjonariusze DPS w wieku 19-40 lat,Odsetek pensjonariuszy Domów Pomocy Społecznej wieku 19-40 lat. Dane na temat liczby mieszkańców Domów Pomocy Społecznej zebrano wg. stanu na dzień 31 grudnia. W statystykach uwzględniono mieszkańców Domów Pomocy Społecznej i podmiotów niepublicznych w roku sprawozdawczym.,2024,8.62,%,8.62%
powiat proszowicki,POMOC SPOŁECZNA - B,Pensjonariusze DPS w wieku 41-60 lat,Odsetek pensjonariuszy Domów Pomocy Społecznej wieku 41-60 lat. Dane na temat liczby mieszkańców Domów Pomocy Społecznej zebrano wg. stanu na dzień 31 grudnia. W statystykach uwzględniono mieszkańców Domów Pomocy Społecznej i podmiotów niepublicznych w roku sprawozdawczym.,2024,36.21,%,36.21%
powiat proszowicki,POMOC SPOŁECZNA - B,Pensjonariusze DPS w wieku 61-74 lat,Odsetek pensjonariuszy Domów Pomocy Społecznej wieku 60-74 lat. Dane na temat liczby mieszkańców Domów Pomocy Społecznej zebrano wg. stanu na dzień 31 grudnia. W statystykach uwzględniono mieszkańców Domów Pomocy Społecznej i podmiotów niepublicznych w roku sprawozdawczym.,2024,33.91,%,33.91%
powiat proszowicki,POMOC SPOŁECZNA - B,Pensjonariusze DPS w wieku powyżej 74 lat,Odsetek pensjonariuszy Domów Pomocy Społecznej wieku powyżej 74 lat. Dane na temat liczby mieszkańców Domów Pomocy Społecznej zebrano wg. stanu na dzień 31 grudnia. W statystykach uwzględniono mieszkańców Domów Pomocy Społecznej i podmiotów niepublicznych w roku sprawozdawczym.,2024,21.26,%,21.26%
powiat proszowicki,Sheet6,Świadczenia pieniężne z pomocy społecznej,Odsetek korzystających ze świadczeń pieniężnych w ogólnej liczbie świadczeniobiorców pomocy społecznej (liczba osób w rodzinach),2024,64.01,%,64.01%
powiat proszowicki,Sheet6,Świadczenia niepieniężne z pomocy społecznej,Odsetek korzystających ze świadczeń niepieniężnych w ogólnej liczbie świadczeniobiorców pomocy społecznej (liczba osób w rodzinach),2024,59.72,%,59.72%
powiat proszowicki,Sheet6,Osoby korzystające z usług opiekuńczych i specjalistycznych usług opiekuńczych,Liczba osób korzystających z usług opiekuńczych (w tym specjalistycznych usług opiekuńczych).,2024,46,,46
powiat proszowicki,Sheet6,Osoby korzystające ze specjalistycznych usług opiekuńczych dla osób z zaburzeniami psychicznymi,Liczba osób korzystających ze specjalistycznych usług opiekuńczych w miejscu zamieszkania dla osób z zaburzeniami psychicznymi.,2024,0,,0
powiat proszowicki,Sheet6,Osoby objęte kontraktami socjalnymi,Udział osób objętych kontraktami socjalnymi w ogólnej liczbie osób w rodzinach świadczeniobiorców pomocy społecznej.,2024,0.36,%,0.36%
powiat proszowicki,Sheet6,Osoby objęte dożywianiem na 1000 mieszkańców,Wskaźnik pomocy w zakresie dożywiania - liczba osób objętych pomocą państwa w zakresie dożywiania w przeliczeniu na 1000 mieszkańców.,2024,15,,15
powiat proszowicki,Sheet6,Udział dzieci w ogóle osób objętych dożywianiem,"Udział dzieci w liczbie wszystkich osób objętych pomocą państwa w zakresie dożywiania. Sprawozdanie z realizacji programu ""Pomoc Państwa w zakresie dożywiania"" do 2013 roku obejmowało dzieci do lat 7. Od 2014 roku w sprawozdaniu liczba dzieci jest określona na podstawie momentu rozpoczęcia nauki w szkole podstawowej.",2024,16,%,16%
powiat proszowicki,Sheet6,Udział uczniów w ogóle osób objętych dożywianiem,Udział dzieci w wieku szkolnym (uczniowie do czasu ukończenia szkoły ponadgimnazjalnej) w liczbie wszystkich osób objętych pomocą państwa w zakresie dożywiania.,2024,45,%,45%
powiat proszowicki,POMOC SPOŁECZNA I O,Centra integracji społecznej,Liczba centrów integracji społecznej działających na danym terenie. Stan na 31 XII.,2024,0,,0
powiat proszowicki,POMOC SPOŁECZNA I O,Domy pomocy społecznej,Liczba domów pomocy społecznej działających na danym terenie (bez podziału na typy).,2024,2,,2
powiat proszowicki,POMOC SPOŁECZNA I O,Dzienne domy pomocy,Liczba dziennych domów pomocy działających na danym terenie. Stan na 31 XII.,2024,3,,3
powiat proszowicki,POMOC SPOŁECZNA I O,Placówki specjalistycznego poradnictwa - jednostki  powiatowe,"Liczba jednostek specjalistycznego poradnictwa działających w powiatach. Stan na 31 XII. Wskaźnik zasilany od 2021 r. w związku ze zmianami monitorowania danych w sprawozdaniach resortowych. Zastąpił on wskaźnik ""Placówki specjalistycznego poradnictwa""",2024,0,,0
powiat proszowicki,POMOC SPOŁECZNA I O,Placówki specjalistycznego poradnictwa,Liczba jednostek specjalistycznego poradnictwa działających na danym terenie. Stan na 31 XII. Od 2021 roku ze względu na brak kontynuacji monitorowania danych w sprawozdaniach resortowych wskaźnik nie jest już aktualizowany.,2024,0,,0
powiat proszowicki,POMOC SPOŁECZNA I O,Kluby integracji społecznej,Liczba klubów integracji społecznej działających na danym terenie.,2024,1,,1
powiat proszowicki,POMOC SPOŁECZNA I O,Mieszkania treningowe oraz wspomagane,"Liczba mieszkań treningowe oraz wspomaganych działających na danym terenie. Stan na 31 XII. Do 2022 r. w systemie funkcjonowały mieszkania chronione, natomiast od 2023 r. funkcjonują mieszkania treningowe oraz wspomagane.",2024,3,,3
powiat proszowicki,POMOC SPOŁECZNA I O,"Noclegownie, schroniska i domy dla osób bezdomnych","Liczba noclegowni, schronisk i domów dla osób bezdomnych działających na danym terenie.",2024,0,,0
powiat proszowicki,POMOC SPOŁECZNA I O,Ośrodki interwencji kryzysowej,Liczba ośrodków interwencji kryzysowej działających na danym terenie. Stan na 31 XII.,2024,1,,1
powiat proszowicki,POMOC SPOŁECZNA I O,Placówki opiekuńczo-wychowawcze,Liczba placówek opiekuńczo-wychowawczych działających na danym terenie (bez podziału na typy). Stan na 31 XII.,2024,0,,0
powiat proszowicki,POMOC SPOŁECZNA I O,Placówki wsparcia dziennego,Liczba placówek wsparcia dziennego działających na danym terenie. Stan na 31 XII.,2024,3,,3
powiat proszowicki,POMOC SPOŁECZNA I O,"Placówki zapewniające całodobową opiekę osobom niepełnosprawnym, przewlekle chorym lub osobom w podeszłym wieku","Liczba placówek zapewniających całodobową opiekę osobom niepełnosprawnym, przewlekle chorym lub osobom w podeszłym wieku działających na danym terenie (w oparciu zarówno o działalność gospodarczą, jak i o działalność statutową). Stan na 31 XII.",2024,0,,0
powiat proszowicki,POMOC SPOŁECZNA I O,Środowiskowe domy samopomocy,Liczba środowiskowych domów samopomocy działających na danym terenie. Stan na 31 XII.,2024,4,,4
powiat proszowicki,POMOC SPOŁECZNA I O,Zakłady aktywności zawodowej,Liczba zakładów aktywności zawodowej działających na danym terenie.,2024,0,,0
powiat proszowicki,PIECZA ZASTĘPCZA,Stopień deinstytucjonalizacji pieczy zastępczej,"Stosunek liczby dzieci w rodzinnej pieczy zastępczej (dzieci przebywające w rodzinach zastępczych, rodzinnych domach dziecka i w placówkach opiekuńczo-wychowawczych typu rodzinnego) do liczby wszystkich dzieci w pieczy zastępczej. Do wskaźnika nie wliczono dzieci umieszczonych w rodzinach zastępczych spokrewnionych (definicja zaczerpnięta z raportu ""Postępy deinstytucjonalizacji pieczy zastępczej""; Warszawa 2018 r.). Dane zbierane przez MRiPS regularnie (co pół roku) w sprawozdaniach resortowych.",2024,100.00,%,100.00%
powiat proszowicki,PIECZA ZASTĘPCZA,Intensywność pieczy zastępczej,"Liczba dzieci poniżej 18. roku życia przebywających w pieczy zastępczej w stosunku do liczby wszystkich dzieci w wieku poniżej 18 roku życia na danym terenie w przeliczeniu na 1000 dzieci (definicja zaczerpnięta z raportu ""Postępy deinstytucjonalizacji pieczy zastępczej""; Warszawa 2018 r.). Dane zbierane przez MRiPS regularnie (co pół roku) w sprawozdaniach resortowych.",2024,6.67,,6.67
powiat proszowicki,PIECZA ZASTĘPCZA,Liczba rodzin zastępczych,"Liczba rodzin zastępczych funkcjonujących na danym obszarze. Rodzina zastępcza jest jedną z form rodzinnej pieczy zastępczej, sprawowanej w przypadku niemożności zapewnienia dziecku opieki i wychowania przez rodziców.",2024,25,,25
powiat proszowicki,PIECZA ZASTĘPCZA,Liczba dzieci w rodzinach zastępczych,"Liczba dzieci wychowujących się w rodzinach zastępczych na danym obszarze. Rodzina zastępcza jest jedną z form rodzinnej pieczy zastępczej, sprawowanej w przypadku niemożności zapewnienia dziecku opieki i wychowania przez rodziców. Do roku 2011 dane pochodzą ze sprawozdania MPiPS-03; od roku 2012 dane pochodzą ze sprawozdania Ocena Zasobów Pomocy Społecznej.",2024,43,,43
powiat proszowicki,ZDROWIE,Dostępność aptek,"Wskaźnik dostępności do aptek - liczba osób przypadająca na jedną aptekę ogólnodostępną. Apteka, zgodnie z Ustawą ""Prawo farmaceutyczne"" z dnia 6 września 2001 r. to placówka ochrony zdrowia publicznego, w której osoby uprawnione świadczą w szczególności usługi farmaceutyczne obejmujące zadania określone w ustawie.",2024,3225,,3225
powiat proszowicki,ZDROWIE,Zgony z powodu chorób nowotworowych,Wskaźnik umieralności z powodu choroby nowotworowej - udział zgonów z powodu choroby nowotworowej w liczbie zgonów ogółem. Dane do wskaźnika pochodzą z kart statystycznych do kart zgonów.,2024,25.60,%,25.60%
powiat proszowicki,ZDROWIE,Zgony z powodu chorób układu krążenia,Wskaźnik umieralności z powodu chorób układu krążenia - udział zgonów z powodu chorób układu krążenia w liczbie zgonów ogółem. Dane do wskaźnika pochodzą z kart statystycznych do kart zgonów.,2024,39.50,%,39.50%
powiat proszowicki,"WYNAGRODZENIA, EMERY",Przeciętne wynagrodzenie w relacji do śr. krajowej,Wskaźnik wysokości wynagrodzeń - przeciętne miesięczne wynagrodzenia brutto w gospodarce narodowej w relacji do średniej krajowej (Polska=100%). Wskaźnik pokazuje jaki procent średniej krajowej jest osiągany na danym terenie.,2024,86.40,,86.40
powiat proszowicki,KULTURA,Wskaźnik dostępności kin,"Wskaźnik dostępności kin - liczba osób przypadających na jedno miejsce na widowni kina. Przez ""miejsce na widowni"" rozumie się każde numerowane miejsce (zarejestrowane) wykorzystywane przez instytucję kultury do stałych prezentacji scenicznych (w stałej sali eksploatowanej przez instytucję artystyczną lub w kinie stałym do prezentacji filmów).",2024,0,,0
powiat proszowicki,KULTURA,Wskaźnik dostępności domów i ośrodków kultury,"Wskaźnik dostępności domów i ośrodków kultury oraz klubów, świetlic i kół - liczba osób przypadająca na jedną placówkę kultury.",2024,1747,,1747
powiat proszowicki,KULTURA,Wskaźnik dostępności muzeów,"Wskaźnik dostępności do muzeów - liczba ludności przypadająca na jedną placówkę muzealną. Dane wskaźnikowe bazują na sprawozdaniach z działalności muzeów i instytucji paramuzealnych. Przez placówkę muzealną (za ustawą z dnia 21 listopada 1996 r. o muzeach) rozumiemy jednostkę organizacyjną, nienastawioną na osiąganie zysku, której celem jest sprawowanie opieki nad zabytkami, informowanie o wartościach i treściach gromadzonych zbiorów, upowszechnianie podstawowych wartości historii, nauki i kultury polskiej oraz światowej, kształtowanie wrażliwości poznawczej i estetycznej oraz umożliwianie kontaktu ze zbiorami.",2024,41929,,41929
powiat proszowicki,KULTURA,Wskaźnik dostępności bibliotek,"Wskaźnik dostępności bibliotek - liczba ludności przydająca na jedną placówkę biblioteczną. W celu wyliczenia wskaźnika zliczono biblioteki, filie i punkty biblioteczne na danym ternie. Dane bazują na sprawozdaniach bibliotek ogólnych. Zgodnie z definicją przyjętą przez GUS przez placówkę biblioteczną rozumie się jednostkę organizacyjną lub jej część posiadającą uporządkowany (zinwentaryzowany) zbiór książek, czasopism i innych materiałów piśmienniczych liczący co najmniej 300 jednostek inwentarzowych, której głównymi celami są tworzenie i obsługa zbiorów oraz udostępnianie ich użytkownikom w sposób kontrolowany.",2024,3812,,3812
powiat proszowicki,KULTURA,Wskaźnik czytelnictwa,Wskaźnik czytelnictwa - ilość wypożyczeń z księgozbioru przez jednego czytelnika w ciągu roku. Przez księgozbiór rozumie się zbiór obejmujący wydawnictwa nieperiodyczne (książki i broszury) i wydawnictwa periodyczne (gazety i czasopisma).,2024,12,,12
powiat proszowicki,EDUKACJA,Edukacja przedszkolna,"Wskaźnik edukacji na poziomie przedszkolnym - odsetek dzieci w wieku od 3 do 5 lat uczęszczających do placówek wychowania przedszkolnego. Wskaźnik zbudowano na podstawie sprawozdań przedszkoli i innych form edukacji przedszkolnej. Uwzględniono ośrodki wychowania przedszkolnego prowadzone przez ograny samorządu terytorialnego, jednostki samorządu powiatowego oraz gminnego.",2024,94.60,,94.60
powiat proszowicki,EDUKACJA,Zdawalność egzaminu maturalnego w technikach,"Wskaźnik zdawalności matur w technikach - procent uczniów klas IV techników, którzy zdali egzamin maturalny.",2024,79.00,,79.00
powiat proszowicki,EDUKACJA,Zdawalność egzaminu maturalnego w liceach ogólnokształcących,"Wskaźnik zdawalności matur w liceach -procent uczniów klas III liceów ogólnokształcących, którzy zdali egzamin maturalny.",2024,81.00,,81.00
powiat proszowicki,EDUKACJA,Wyniki egzaminu ósmoklasisty – język polski,"Wyrażony w % średni wynik uczniów uzyskiwany na egzaminie ósmoklasisty w części z języka polskiego (wskaźnik aktualizowany od 2019 roku, w którym uczniowie szkół podstawowych po raz pierwszy przystąpili do egzaminu ósmoklasisty)",2024,58.28,,58.28
powiat proszowicki,EDUKACJA,Wyniki egzaminu ósmoklasisty – język angielski podstawowy,"Wyrażony w % średni wynik uczniów uzyskiwany na egzaminie ósmoklasisty w części podstawowej z języka angielskiego (wskaźnik aktualizowany od 2019 roku, w którym uczniowie szkół podstawowych po raz pierwszy przystąpili do egzaminu ósmoklasisty)",2024,56.91,,56.91
powiat proszowicki,EDUKACJA,Wyniki egzaminu ósmoklasisty – matematyka,"Wyrażony w % średni wynik uczniów uzyskiwany na egzaminie ósmoklasisty w części z matematyki (wskaźnik aktualizowany od 2019 roku, w którym uczniowie szkół podstawowych po raz pierwszy przystąpili do egzaminu ósmoklasisty)",2024,43.09,,43.09
powiat proszowicki,EDUKACJA,Wybory edukacyjne ósmoklasistów – technikum,"Wyrażony w % udział absolwentów szkół podstawowych, którzy wybrali technikum jako miejsce dalszego kształcenia. Wskaźnik obliczony na podstawie liczby uczniów w klasie pierwszej technikum. (wskaźnik aktualizowany od 2020 roku po ostatecznym wygaszeniu szkół gimnazjalnych)",2024,48.20,,48.20
powiat proszowicki,EDUKACJA,Wybory edukacyjne ósmoklasistów – liceum ogólnokształcące,"Wyrażony w % udział absolwentów szkół podstawowych, którzy wybrali liceum ogólnokształcące jako miejsce dalszego kształcenia. Wskaźnik obliczony na podstawie liczby uczniów w klasie pierwszej liceów ogólnokształcących. (wskaźnik aktualizowany od 2020 roku po ostatecznym wygaszeniu szkół gimnazjalnych)",2024,25.18,,25.18
powiat proszowicki,EDUKACJA,Wybory edukacyjne ósmoklasistów – szkoła branżowa I stopnia,"Wyrażony w % udział absolwentów szkół podstawowych, którzy wybrali szkołę branżową I stopnia jako miejsce dalszego kształcenia. Wskaźnik obliczony na podstawie liczby uczniów w klasie pierwszej szkół branżowych I stopnia. (wskaźnik aktualizowany od 2020 roku po ostatecznym wygaszeniu szkół gimnazjalnych)",2024,26.62,,26.62
powiat proszowicki,RYNEK PRACY,Stopa bezrobocia,"Stopa bezrobocia - procentowy udział liczby bezrobotnych w liczbie ludności aktywnej zawodowo (tzn. pracującej i bezrobotnej). Przez bezrobotnych ( za Ustawą z dnia 20 kwietnia 2004 r. o promocji zatrudnienia i instytucjach rynku pracy) rozumiemy osoby niezatrudnione i nie wykonujące innej pracy zarobkowej, zdolne i gotowe do podjęcia zatrudnienia w pełnym wymiarze czasu pracy (bądź jeśli są to osoby niepełnosprawne - zdolne i gotowe do podjęcia zatrudnienia co najmniej w połowie tego wymiaru czasu pracy), nieuczące się w szkole z wyjątkiem szkół dla dorosłych lub szkół wyższych w systemie wieczorowym albo zaocznym, zarejestrowane we właściwym dla miejsca zameldowania (stałego lub czasowego) powiatowym urzędzie pracy oraz poszukujące zatrudnienia lub innej pracy zarobkowej, jeżeli spełniają określone w Ustawie warunki.",2024,5.50,,5.50
powiat proszowicki,RYNEK PRACY,Bezrobocie kobiet,"Bezrobocie kobiet - Wyrażony w % udział bezrobotnych kobiet w liczbie bezrobotnych ogółem. Do kategorii osób bezrobotnych wlicza się wyłącznie osoby zarejestrowane w powiatowych urzędach pracy. Przez bezrobotnych ( za Ustawą z dnia 20 kwietnia 2004 r. o promocji zatrudnienia i instytucjach rynku pracy) rozumiemy osoby niezatrudnione i nie wykonujące innej pracy zarobkowej, zdolne i gotowe do podjęcia zatrudnienia w pełnym wymiarze czasu pracy (bądź jeśli są to osoby niepełnosprawne - zdolne i gotowe do podjęcia zatrudnienia co najmniej w połowie tego wymiaru czasu pracy), nieuczące się w szkole z wyjątkiem szkół dla dorosłych lub szkół wyższych w systemie wieczorowym albo zaocznym, zarejestrowane we właściwym dla miejsca zameldowania (stałego lub czasowego) powiatowym urzędzie pracy oraz poszukujące zatrudnienia lub innej pracy zarobkowej, jeżeli spełniają określone w Ustawie warunki.",2024,47.35,,47.35
powiat proszowicki,RYNEK PRACY,Bezrobocie rodzinne,"Odsetek osób bezrobotnych zamieszkujących gospodarstwo domowe, w którym dwie lub więcej osób pozostaje na bezrobociu. Dane dla powiatu tarnowskiego i Tarnowa przedstawione zostały łącznie. Dane obrazują stan na 31 XII danego roku.",2024,13.81,%,13.81%
powiat proszowicki,RYNEK PRACY,Bezrobotni dłużej niż 1 rok,"Wyrażony w % udział bezrobotnych dłużej niż 1 rok w liczbie bezrobotnych ogółem. Do kategorii osób bezrobotnych wlicza się wyłącznie osoby zarejestrowane w powiatowych urzędach pracy. Przez bezrobotnych ( za Ustawą z dnia 20 kwietnia 2004 r. o promocji zatrudnienia i instytucjach rynku pracy) rozumiemy osoby niezatrudnione i nie wykonujące innej pracy zarobkowej, zdolne i gotowe do podjęcia zatrudnienia w pełnym wymiarze czasu pracy (bądź jeśli są to osoby niepełnosprawne - zdolne i gotowe do podjęcia zatrudnienia co najmniej w połowie tego wymiaru czasu pracy), nieuczące się w szkole z wyjątkiem szkół dla dorosłych lub szkół wyższych w systemie wieczorowym albo zaocznym, zarejestrowane we właściwym dla miejsca zameldowania (stałego lub czasowego) powiatowym urzędzie pracy oraz poszukujące zatrudnienia lub innej pracy zarobkowej, jeżeli spełniają określone w Ustawie warunki.",2024,34.60,,34.60
powiat proszowicki,RYNEK PRACY,Bezrobotni z wykształceniem gimnazjalnym i niższym,"Wyrażony w % udział bezrobotnych z wykształceniem gimnazjalnym i niższym w liczbie bezrobotnych ogółem. Do kategorii osób bezrobotnych wlicza się wyłącznie osoby zarejestrowane w powiatowych urzędach pracy. Przez bezrobotnych ( za Ustawą z dnia 20 kwietnia 2004 r. o promocji zatrudnienia i instytucjach rynku pracy) rozumiemy osoby niezatrudnione i nie wykonujące innej pracy zarobkowej, zdolne i gotowe do podjęcia zatrudnienia w pełnym wymiarze czasu pracy (bądź jeśli są to osoby niepełnosprawne - zdolne i gotowe do podjęcia zatrudnienia co najmniej w połowie tego wymiaru czasu pracy), nieuczące się w szkole z wyjątkiem szkół dla dorosłych lub szkół wyższych w systemie wieczorowym albo zaocznym, zarejestrowane we właściwym dla miejsca zameldowania (stałego lub czasowego) powiatowym urzędzie pracy oraz poszukujące zatrudnienia lub innej pracy zarobkowej, jeżeli spełniają określone w Ustawie warunki.",2024,25.94,,25.94
powiat proszowicki,RYNEK PRACY,Bezrobotni w wieku poniżej 25 lat,"Wyrażony w % udział bezrobotnych poniżej 25. roku życia w liczbie bezrobotnych ogółem. Do kategorii osób bezrobotnych wlicza się wyłącznie osoby zarejestrowane w powiatowych urzędach pracy. Przez bezrobotnych ( za Ustawą z dnia 20 kwietnia 2004 r. o promocji zatrudnienia i instytucjach rynku pracy) rozumiemy osoby niezatrudnione i nie wykonujące innej pracy zarobkowej, zdolne i gotowe do podjęcia zatrudnienia w pełnym wymiarze czasu pracy (bądź jeśli są to osoby niepełnosprawne - zdolne i gotowe do podjęcia zatrudnienia co najmniej w połowie tego wymiaru czasu pracy), nieuczące się w szkole z wyjątkiem szkół dla dorosłych lub szkół wyższych w systemie wieczorowym albo zaocznym, zarejestrowane we właściwym dla miejsca zameldowania (stałego lub czasowego) powiatowym urzędzie pracy oraz poszukujące zatrudnienia lub innej pracy zarobkowej, jeżeli spełniają określone w Ustawie warunki.",2024,24.90,,24.90
powiat proszowicki,RYNEK PRACY,Bezrobotni w wieku 25-34 lata,"Wyrażony w % udział bezrobotnych w wieku 25-34 lata w liczbie bezrobotnych ogółem. Do kategorii osób bezrobotnych wlicza się wyłącznie osoby zarejestrowane w powiatowych urzędach pracy. Przez bezrobotnych ( za Ustawą z dnia 20 kwietnia 2004 r. o promocji zatrudnienia i instytucjach rynku pracy) rozumiemy osoby niezatrudnione i nie wykonujące innej pracy zarobkowej, zdolne i gotowe do podjęcia zatrudnienia w pełnym wymiarze czasu pracy (bądź jeśli są to osoby niepełnosprawne - zdolne i gotowe do podjęcia zatrudnienia co najmniej w połowie tego wymiaru czasu pracy), nieuczące się w szkole z wyjątkiem szkół dla dorosłych lub szkół wyższych w systemie wieczorowym albo zaocznym, zarejestrowane we właściwym dla miejsca zameldowania (stałego lub czasowego) powiatowym urzędzie pracy oraz poszukujące zatrudnienia lub innej pracy zarobkowej, jeżeli spełniają określone w Ustawie warunki.",2024,24.52,,24.52
powiat proszowicki,RYNEK PRACY,Bezrobotni w wieku 55 lat i więcej,"Wyrażony w % udział bezrobotnych powyżej 55. roku życia w liczbie bezrobotnych ogółem. Do kategorii osób bezrobotnych wlicza się wyłącznie osoby zarejestrowane w powiatowych urzędach pracy. Przez bezrobotnych ( za Ustawą z dnia 20 kwietnia 2004 r. o promocji zatrudnienia i instytucjach rynku pracy) rozumiemy osoby niezatrudnione i nie wykonujące innej pracy zarobkowej, zdolne i gotowe do podjęcia zatrudnienia w pełnym wymiarze czasu pracy (bądź jeśli są to osoby niepełnosprawne - zdolne i gotowe do podjęcia zatrudnienia co najmniej w połowie tego wymiaru czasu pracy), nieuczące się w szkole z wyjątkiem szkół dla dorosłych lub szkół wyższych w systemie wieczorowym albo zaocznym, zarejestrowane we właściwym dla miejsca zameldowania (stałego lub czasowego) powiatowym urzędzie pracy oraz poszukujące zatrudnienia lub innej pracy zarobkowej, jeżeli spełniają określone w Ustawie warunki.",2024,12.90,,12.90
powiat proszowicki,RYNEK PRACY,Prowadzący działalność gospodarczą,Osoby fizyczne prowadzące działalność gospodarczą na 100 osób w wieku produkcyjnym. Dane bez osób prowadzących gospodarstwa indywidualne w rolnictwie.,2024,14.86,,14.86
powiat proszowicki,RYNEK PRACY,Zatrudnienie w branży finansowej i nieruchomościach,"Wyrażony w % udział pracujących w branży finansowej i nieruchomościach w stosunku do ogółu pracujących. Dane do 2021 roku bez podmiotów gospodarczych o liczbie pracujących do 9 osób. Podział branż jest zgodny z PKD 2007. Dotyczy sekcji: ""Działalność finansowa i ubezpieczeniowa; obsługa rynku nieruchomości"". W związku z wprowadzonymi zmianami metodologicznymi w pozyskiwaniu danych dotyczących: pracujących, zatrudnionych oraz przeciętnego zatrudnienia według PKD, dane od 2022 roku nie mogą być porównywane z danymi dla lat poprzednich.",2024,1.11,,1.11
powiat proszowicki,RYNEK PRACY,Zatrudnienie w rolnictwie,"Wyrażony w % udział pracujących w rolnictwie w stosunku do ogółu pracujących. Dane łącznie z rolnictwem indywidualnym. Dane dotyczące pracujących w gospodarstwach indywidualnych w rolnictwie według stanu w dniu 31 XII w latach 2002-2009 wyszacowano na podstawie wyników Narodowego Spisu Powszechnego Ludności i Mieszkań oraz Powszechnego Spisu Rolnego 2002 oraz w 2010 r. na podstawie Powszechnego Spisu Rolnego 2010. Podział branż jest zgodny z PKD 2007. Dotyczy sekcji: ""Rolnictwo, leśnictwo, łowiectwo i rybactwo"". W związku z wprowadzonymi zmianami metodologicznymi w pozyskiwaniu danych dotyczących: pracujących, zatrudnionych oraz przeciętnego zatrudnienia według PKD, dane od 2022 roku nie mogą być porównywane z danymi dla lat poprzednich.",2024,36.16,,36.16
powiat proszowicki,RYNEK PRACY,Zatrudnienie w przemyśle i budownictwie,"Wyrażony w % udział pracujących w przemyśle i budownictwie w stosunku do ogółu pracujących. Dane do 2021 roku bez podmiotów gospodarczych o liczbie pracujących do 9 osób. Podział branż jest zgodny z PKD 2007. Pod pojęciem ""Przemysł i budownictwo"" rozumie się sekcje: ""Górnictwo i wydobywanie""; ""Przetwórstwo przemysłowe""; ""Wytwarzanie i zaopatrywanie w energię elektryczną, gaz, parę wodną i gorącą wodę""; ""Dostawa wody; gospodarowanie ściekami i odpadami; rekultywacja"" oraz ""Budownictwo"". W związku z wprowadzonymi zmianami metodologicznymi w pozyskiwaniu danych dotyczących: pracujących, zatrudnionych oraz przeciętnego zatrudnienia według PKD, dane od 2022 roku nie mogą być porównywane z danymi dla lat poprzednich.",2024,20.24,,20.24
powiat proszowicki,RYNEK PRACY,"Zatrudnienie w handlu, transporcie, turystyce, informacji i komunikacji","Wyrażony w % udział pracujących w handlu, transporcie, turystyce, informacji i komunikacji w stosunku do ogółu pracujących. Dane do 2021 roku bez podmiotów gospodarczych o liczbie pracujących do 9 osób. Podział branż jest zgodny z PKD 2007. Dotyczy sekcji: ""Handel""; ""Naprawa pojazdów samochodowych""; ""Transport i gospodarka magazynowa""; ""Zakwaterowanie i gastronomia"" oraz ""Informacja i komunikacja"". W związku z wprowadzonymi zmianami metodologicznymi w pozyskiwaniu danych dotyczących: pracujących, zatrudnionych oraz przeciętnego zatrudnienia według PKD, dane od 2022 roku nie mogą być porównywane z danymi dla lat poprzednich.",2024,21.09,,21.09
powiat proszowicki,RYNEK PRACY,Zatrudnienie w pozostałych usługach,"Wyrażony w % udział pracujących w pozostałych usługach w stosunku do ogółu pracujących. Dane do 2021 roku bez podmiotów gospodarczych o liczbie pracujących do 9 osób. Podział branż jest zgodny z PKD 2007. Pod pojęciem ""Pozostałe usługi"" rozumie się sekcje: ""Działalność profesjonalna, naukowa i techniczna""; ""Administrowanie i działalność wspierająca""; ""Administracja publiczna i obrona narodowa, obowiązkowe zabezpieczenia społeczne""; ""Edukacja""; ""Opieka zdrowotna i pomoc społeczna""; ""Działalność związana z kulturą rozrywką i rekreacją"" oraz ""Pozostała działalność usługowa"". W związku z wprowadzonymi zmianami metodologicznymi w pozyskiwaniu danych dotyczących: pracujących, zatrudnionych oraz przeciętnego zatrudnienia według PKD, dane od 2022 roku nie mogą być porównywane z danymi dla lat poprzednich.",2024,21.16,,21.16
powiat proszowicki,MOBILNOŚĆ,Saldo migracji stałych,"Wskaźnik migracji stałych - różnica między napływem a odpływem ludności z danego obszaru w danym czasie. Saldo migracji stałych uwzględnia zarazem dane ze stałych migracji zewnętrznych jak i wewnętrznych. Migracje stałe to takie, które wiążą się ze zmianą miejsca zamieszkania na pobyt stały. W świetle prawa polskiego, tego typu migracje związane są z dokonaniem w biurze ewidencji ludności zameldowania lub wymeldowania. W 2015 roku GUS zrezygnował z opublikowania danych dotyczących migracji zagranicznych z powodu braku ich kompletności. Dlatego niemożliwe było określenie poziomu migracji stałych za rok 2015.",2024,63.00,,63.00
powiat proszowicki,MOBILNOŚĆ,Saldo migracji zagranicznych,Wskaźnik migracji zagranicznych - różnica między odpływem zagranicę a napływem do kraju ludności w danym czasie.,2024,-2.00,,-2.00
powiat proszowicki,BUDŻETY GMIN,Wydatki budżetów gmin ogółem,"Wskaźnik wydatków gmin - wydatki budżetów gmin i miast na prawach powiatów w przeliczeniu na jednego mieszkańca. Dane stanowią sumę wydatków na rolnictwo, transport, gospodarkę komunalną, gosp. mieszkaniową, oświatę i wychowanie, kulturę i sztukę, ochronę zdrowia, kulturę fizyczną i sport, a także wydatki na administrację samorządową. Wydatki te są sklasyfikowane w rozporządzeniu Ministra Finansów z dnia 14 czerwca 2006 r. w sprawie szczegółowej klasyfikacji dochodów, wydatków, przychodów i rozchodów oraz środków pochodzących ze źródeł zagranicznych (Dz. U. 2006 r. Nr 107, poz.726, z późn. zm.). Wartości podawane są w złotówkach.",2024,7835.56,,7835.56
powiat proszowicki,BUDŻETY GMIN,Wydatki budżetów gmin - oświata i wychowanie,"Wskaźnik wydatków gmin na oświatę i wychowanie - wydatki budżetów gmin i miast na prawach powiatów na oświatę i wychowanie w przeliczeniu na jednego mieszkańca. Dane stanowią sumę wydatków sklasyfikowanych w dziale 801 rozporządzenia Ministra Finansów z dnia 14 czerwca 2006 r. w sprawie szczegółowej klasyfikacji dochodów, wydatków, przychodów i rozchodów oraz środków pochodzących ze źródeł zagranicznych (Dz. U. 2006 r. Nr 107, poz.726, z późn. zm.). Wartości podawane są w złotówkach.",2024,2604.26,,2604.26
powiat proszowicki,BUDŻETY GMIN,Wydatki budżetów gmin - kultura,"Wskaźnik wydatków gmin na kulturę i ochronę dziedzictwa narodowego - wydatki budżetów gmin i miast na prawach powiatów na kulturę i ochronę dziedzictwa narodowego w przeliczeniu na jednego mieszkańca. Dane stanowią sumę wydatków sklasyfikowanych w dziale 921 rozporządzenia Ministra Finansów z dnia 14 czerwca 2006 r. w sprawie szczegółowej klasyfikacji dochodów, wydatków, przychodów i rozchodów oraz środków pochodzących ze źródeł zagranicznych (Dz. U. 2006 r. Nr 107, poz.726, z późn. zm.). Wartości podawane są w złotówkach.",2024,242.75,,242.75
powiat proszowicki,BUDŻETY GMIN,Wydatki budżetów gmin - pomoc społeczna,"Wskaźnik wydatków gmin na pomoc społeczną - wydatki budżetów gmin i miast na prawach powiatów na pomoc społeczną i pozostałe zadania w zakresie polityki społecznej w przeliczeniu na jednego mieszkańca. Dane stanowią sumę wydatków sklasyfikowanych w działach 852 i 853 rozporządzenia Ministra Finansów z dnia 14 czerwca 2006 r. w sprawie szczegółowej klasyfikacji dochodów, wydatków, przychodów i rozchodów oraz środków pochodzących ze źródeł zagranicznych (Dz. U. 2006 r. Nr 107, poz.726, z późn. zm.). Dane podawane są w złotówkach.",2024,467.97,,467.97
powiat suski,LUDNOŚĆ,Ludność ogółem,Liczba ludności zamieszkałej na danym terenie (dane zgodnie z faktycznym miejscem zamieszkania wg podziału administracyjnego na dzień 31 XII).,2024,82546,,82546
powiat suski,LUDNOŚĆ,Ludność w wieku przedprodukcyjnym,Udział ludności w wieku przedprodukcyjnym w liczbie ludności ogółem. Przez ludność w wieku przedprodukcyjnym rozumie się ludność w wieku do 17 roku życia.,2024,19.66,%,19.66%
powiat suski,LUDNOŚĆ,Ludność w wieku produkcyjnym,"Udział ludności w wieku produkcyjnym w liczbie ludności ogółem. Przez ludność w wieku produkcyjnym rozumie się ludność w wieku zdolności do pracy. Dla mężczyzn przyjęto wiek 18-64 lata, dla kobiet 18-59 lat.",2024,59.22,%,59.22%
powiat suski,LUDNOŚĆ,Ludność w wieku poprodukcyjnym,Udział ludności w wieku emerytalnym w liczbie ludności ogółem. Przez ludność w wieku poprodukcyjnym rozumie się ludność w wieku od 64 lat - dla mężczyzn i od 59 lat - dla kobiet.,2024,21.12,%,21.12%
powiat suski,LUDNOŚĆ,Ludność w wieku 60+,Udział ludności w wieku 60 i więcej lat w liczbie ludności ogółem.,2024,24.14,%,24.14%
powiat suski,LUDNOŚĆ,Wskaźnik podwójnego starzenia,Udział osób w wieku 80 i więcej lat w grupie osób wieku 60 i więcej lat.,2024,16.95,%,16.95%
powiat suski,LUDNOŚĆ,Wskaźnik wsparcia osób najstarszych,Liczba osób w wieku 85 lat i więcej przypadająca na 100 osób w wieku 50–64 lata,2024,11,,11
powiat suski,LUDNOŚĆ,Potencjał pielęgnacyjny,Liczba kobiet w wieku 45-64 lata (potencjalnych opiekunów rodzinnych) przypadających na 100 osób w wieku 80 i więcej lat,2024,321,,321
powiat suski,LUDNOŚĆ,Wskaźnik obciążenia demograficznego,Wskaźnik obciążenia demograficznego - ludność w wieku nieprodukcyjnym przypadająca na 100 osób w wieku produkcyjnym. Przez ludność w wieku produkcyjnym rozumie się osoby w wieku zdolności do pracy tj. mężczyźni w wieku 18 - 64 lat oraz kobiety w wieku 18 - 59.,2024,68.90,,68.90
powiat suski,LUDNOŚĆ,Przyrost naturalny na 1 000 ludności,Różnica między liczbą urodzeń żywych a liczbą zgonów w danym roku (bez rozróżnienia na płeć).,2024,-2.84,,-2.84
powiat suski,LUDNOŚĆ,Wskaźnik feminizacji,Wskaźnik feminizacji - wielkość demograficzna określająca ile kobiet przypada na 100 mężczyzn na danym terenie.,2024,102.77,,102.77
powiat suski,LUDNOŚĆ,Wskaźnik maskulinizacji,Wskaźnik maskulinizacji - wielkość demograficzna określająca ilu mężczyzn przypada na 100 kobiet na danym terenie.,2024,97.30,,97.30
powiat suski,LUDNOŚĆ,Wskaźnik gęstości zaludnienia,Wskaźnik gęstości zaludnienia - liczba mieszkańców przypadająca na 1 km².,2024,120.40,,120.40
powiat suski,LUDNOŚĆ,Wskaźnik urbanizacji,"Wskaźnik urbanizacji - udział mieszkańców miast w liczbie mieszkańców ogółem. Do wyliczenia wskaźnika posłużono się danymi na temat ludności faktycznie zamieszkałej na dzień 31 XII każdego roku. Ludnośc faktycznie zamieszkała obejmuje: a) stałych mieszkańców, z wyjatkiem osób przebywających poza miejscem zamieszkania przez okres powyżej 3 miesięcy w kraju oraz obejmuje wszystkie osoby przebywajace za granicą (bez względu na okres ich nieobecności) b) osoby przebywające czasowo przez okres powyżej 3 miesięcy, przybyłe z innego miejsca w kraju. Dane za lata 2010 - 2021 bazują na wynikach Narodowego Spisu Powszechnego Ludności i Mieszkań 2011.",2024,23.77,%,23.77%
powiat suski,LUDNOŚĆ,Małżeństwa na 1000 mieszkańców,Liczba zawartych małżeństw w przeliczeniu na 1000 mieszkańców.,2024,3.90,,3.90
powiat suski,LUDNOŚĆ,Urodzenia na 1000 mieszkańców,Liczba urodzeń żywych w przeliczeniu na 1000 mieszkańców.,2024,7.83,,7.83
powiat suski,LUDNOŚĆ,Zgony na 1000 mieszkańców,Liczba zgonów w przeliczeniu na 1000 mieszkańców.,2024,10.67,,10.67
powiat suski,LUDNOŚĆ,Wskaźnik/ indeks starości,"Relacja pokoleniowa dziadków i wnuczków, tj. liczba osób w wieku 65 i więcej lat przypadająca na 100 osób w wieku 0-14 lat",2024,112,,112
powiat suski,LUDNOŚĆ,Ludność w wieku 65+/ Współczynnik starości demograficznej,Relacja liczby osób w starszym wieku (65 lat i więcej) do ogólnej liczby ludności.,2024,18.02,%,18.02%
powiat suski,LUDNOŚĆ,Wskaźnik potencjalnego wsparcia,Liczba osób w wieku 15-64 lata przypadająca na 100 osób w wieku 65 lat i więcej. Przedstawia tzw. obciążenie - ile osób hipotetycznie pozostających na rynku pracy przypada na 1 osobę (100 osób) będącą już poza rykiem pracy (odwrotność cząstkowego współczynnika obciążenia demograficznego osobami starszymi).,2024,366,,366
powiat suski,POMOC SPOŁECZNA - K,Liczba mieszkańców na 1 pracownika socjalnego,Liczba mieszkańców przypadająca na jednego pracownika socjalnego zatrudnionego w ośrodku pomocy społecznej.,2024,1876,,1876
powiat suski,POMOC SPOŁECZNA - K,Pracownicy socjalni OPS posiadający wyższe wykształcenie,Udział pracowników socjalnych posiadających wyższe wykształcenie w ogólnej licznie pracowników socjalnych.,2024,73.81,%,73.81%
powiat suski,POMOC SPOŁECZNA - K,Pracownicy socjalni OPS posiadający I stopień specjalizacji w zawodzie pracownik socjalny,Udział pracowników socjalnych OPS posiadających I stopień specjalizacji w zawodzie pracownik socjalny w ogólnej liczbie pracowników socjalnych.,2024,2.38,%,2.38%
powiat suski,POMOC SPOŁECZNA - K,Pracownicy socjalni OPS posiadający II stopień specjalizacji w zawodzie pracownik socjalny,Udział pracowników socjalnych posiadających II stopień specjalizacji w zawodzie pracownik socjalny w ogólnej liczbie pracowników socjalnych.,2024,2.38,%,2.38%
powiat suski,POMOC SPOŁECZNA - P,Alkoholizm,Odsetek klientów pomocy społecznej korzystających ze wsparcia z powodu alkoholizmu (na podstawie danych o rzeczywistej liczbie osób w rodzinach objętych pomocą społeczną).,2024,8.50,%,8.50%
powiat suski,POMOC SPOŁECZNA - P,Bezdomność,Odsetek klientów pomocy społecznej korzystających ze wsparcia z powodu bezdomności (na podstawie danych o rzeczywistej liczbie osób w rodzinach objętych pomocą społeczną).,2024,1.52,%,1.52%
powiat suski,POMOC SPOŁECZNA - P,Bezradność w sprawach opiekuńczo-wychowawczych i prowadzenia gosp. dom.,Odsetek klientów pomocy społecznej korzystających ze wsparcia z powodu bezradności w sprawach opiekuńczo-wychowawczych i prowadzenia gospodarstwa domowego (na podstawie danych o rzeczywistej liczbie osób w rodzinach objętych pomocą społeczną).,2024,13.71,%,13.71%
powiat suski,POMOC SPOŁECZNA - P,Bezrobocie,Odsetek klientów pomocy społecznej korzystających ze wsparcia z powodu bezrobocia (na podstawie danych o rzeczywistej liczbie osób w rodzinach objętych pomocą społeczną).,2024,24.42,%,24.42%
powiat suski,POMOC SPOŁECZNA - P,Długotrwała lub ciężka choroba,Odsetek klientów pomocy społecznej korzystających ze wsparcia z powodu długotrwałej bądź ciężkiej choroby (na podstawie danych o rzeczywistej liczbie osób w rodzinach objętych pomocą społeczną).,2024,54.71,%,54.71%
powiat suski,POMOC SPOŁECZNA - P,Narkomania,Odsetek klientów pomocy społecznej korzystających ze wsparcia z powodu narkomanii (na podstawie danych o rzeczywistej liczbie osób w rodzinach objętych pomocą społeczną).,2024,0.28,%,0.28%
powiat suski,POMOC SPOŁECZNA - P,Niepełnosprawność,Odsetek klientów pomocy społecznej korzystających ze wsparcia z powodu niepełnosprawności (na podstawie danych o rzeczywistej liczbie osób w rodzinach objętych pomocą społeczną).,2024,44.86,%,44.86%
powiat suski,POMOC SPOŁECZNA - P,Potrzeba ochrony macierzyństwa,Odsetek klientów pomocy społecznej korzystających ze wsparcia z powodu potrzeby ochrony macierzyństwa (na podstawie danych o rzeczywistej liczbie osób w rodzinach objętych pomocą społeczną).,2024,36.25,%,36.25%
powiat suski,POMOC SPOŁECZNA - P,Przemoc domowa,Odsetek klientów pomocy społecznej korzystających ze wsparcia z powodu przemocy domowej (na podstawie danych o rzeczywistej liczbie osób w rodzinach objętych pomocą społeczną).,2024,2.23,%,2.23%
powiat suski,POMOC SPOŁECZNA - P,Sieroctwo,Odsetek klientów pomocy społecznej korzystających ze wsparcia z powodu sieroctwa (na podstawie danych o rzeczywistej liczbie osób w rodzinach objętych pomocą społeczną).,2024,0.74,%,0.74%
powiat suski,POMOC SPOŁECZNA - P,Sytuacja kryzysowa,Odsetek klientów pomocy społecznej korzystających ze wsparcia z powodu sytuacji kryzysowej (na podstawie danych o rzeczywistej liczbie osób w rodzinach objętych pomocą społeczną).,2024,0.35,%,0.35%
powiat suski,POMOC SPOŁECZNA - P,Ubóstwo,Odsetek klientów pomocy społecznej korzystających ze wsparcia z powodu ubóstwa (na podstawie danych o rzeczywistej liczbie osób w rodzinach objętych pomocą społeczną).,2024,59.96,%,59.96%
powiat suski,POMOC SPOŁECZNA - P,Wielodzietność,Odsetek klientów pomocy społecznej korzystających ze wsparcia z powodu wielodzietności (na podstawie danych o rzeczywistej liczbie osób w rodzinach objętych pomocą społeczną).,2024,32.14,%,32.14%
powiat suski,POMOC SPOŁECZNA - P,Zdarzenie losowe,Odsetek klientów pomocy społecznej korzystających ze wsparcia z powodu zdarzenia losowego (na podstawie danych o rzeczywistej liczbie osób w rodzinach objętych pomocą społeczną).,2024,0.89,%,0.89%
powiat suski,POMOC SPOŁECZNA - B,Beneficjenci pomocy społecznej,"Udział osób korzystających z pomocy społecznej w liczbie ludności ogółem - na podstawie danych o rzeczywistej liczbie osób w rodzinach objętych pomocą społeczną (świadczenia przyznane w ramach zadań zleconych i własnych bez względu na rodzaj, formę, liczbę oraz źródło finansowania).",2024,3.42,%,3.42%
powiat suski,POMOC SPOŁECZNA - B,Rodziny niepełne objęte pomocą społeczną,"Wskaźnik pomocy społecznej udzielonej rodzinom niepełnym - udział rodzin niepełnych objętych pomocą (w której skład wchodzi jedno z rodziców z dzieckiem/ dziećmi) w liczbie wszystkich rodzin z dziećmi, którym udzielono pomocy.",2024,38.13,%,38.13%
powiat suski,POMOC SPOŁECZNA - B,Rodziny wielodzietne objęte pomocą społeczną,"Wskaźnik pomocy społecznej udzielonej rodzinom wielodzietnym - udział rodzin wielodzietnych (3 dzieci i więcej) objętych pomocą w liczbie wszystkich rodzin z dziećmi, którym udzielono pomocy.",2024,42.45,%,42.45%
powiat suski,POMOC SPOŁECZNA - B,Rodziny emerytów i rencistów objęte pomocą społeczną,"Wskaźnik pomocy społecznej udzielonej rodzinom emerytów i rencistów - udział rodzin emerytów i rencistów objętych pomocą w liczbie wszystkich rodzin, którym udzielono pomocy.",2024,24.70,%,24.70%
powiat suski,POMOC SPOŁECZNA - B,Pensjonariusze DPS nieopuszczający łóżek,Odsetek pensjonariuszy Domów Pomocy Społecznej nieopuszczających łóżek. Dane na temat liczby mieszkańców Domów Pomocy Społecznej zebrano wg. stanu na dzień 31 grudnia. W statystykach uwzględniono mieszkańców Domów Pomocy Społecznej i podmiotów niepublicznych w roku sprawozdawczym.,2024,0.56,%,0.56%
powiat suski,POMOC SPOŁECZNA - B,Pensjonariusze DPS do 18 roku życia,Odsetek pensjonariuszy Domów Pomocy Społecznej w wieku do18 roku życia. Dane na temat liczby mieszkańców Domów Pomocy Społecznej zebrano wg. stanu na dzień 31 grudnia. W statystykach uwzględniono mieszkańców Domów Pomocy Społecznej i podmiotów niepublicznych w roku sprawozdawczym.,2024,3.95,%,3.95%
powiat suski,POMOC SPOŁECZNA - B,Pensjonariusze DPS w wieku 19-40 lat,Odsetek pensjonariuszy Domów Pomocy Społecznej wieku 19-40 lat. Dane na temat liczby mieszkańców Domów Pomocy Społecznej zebrano wg. stanu na dzień 31 grudnia. W statystykach uwzględniono mieszkańców Domów Pomocy Społecznej i podmiotów niepublicznych w roku sprawozdawczym.,2024,14.69,%,14.69%
powiat suski,POMOC SPOŁECZNA - B,Pensjonariusze DPS w wieku 41-60 lat,Odsetek pensjonariuszy Domów Pomocy Społecznej wieku 41-60 lat. Dane na temat liczby mieszkańców Domów Pomocy Społecznej zebrano wg. stanu na dzień 31 grudnia. W statystykach uwzględniono mieszkańców Domów Pomocy Społecznej i podmiotów niepublicznych w roku sprawozdawczym.,2024,25.42,%,25.42%
powiat suski,POMOC SPOŁECZNA - B,Pensjonariusze DPS w wieku 61-74 lat,Odsetek pensjonariuszy Domów Pomocy Społecznej wieku 60-74 lat. Dane na temat liczby mieszkańców Domów Pomocy Społecznej zebrano wg. stanu na dzień 31 grudnia. W statystykach uwzględniono mieszkańców Domów Pomocy Społecznej i podmiotów niepublicznych w roku sprawozdawczym.,2024,32.20,%,32.20%
powiat suski,POMOC SPOŁECZNA - B,Pensjonariusze DPS w wieku powyżej 74 lat,Odsetek pensjonariuszy Domów Pomocy Społecznej wieku powyżej 74 lat. Dane na temat liczby mieszkańców Domów Pomocy Społecznej zebrano wg. stanu na dzień 31 grudnia. W statystykach uwzględniono mieszkańców Domów Pomocy Społecznej i podmiotów niepublicznych w roku sprawozdawczym.,2024,23.73,%,23.73%
powiat suski,Sheet6,Świadczenia pieniężne z pomocy społecznej,Odsetek korzystających ze świadczeń pieniężnych w ogólnej liczbie świadczeniobiorców pomocy społecznej (liczba osób w rodzinach),2024,81.86,%,81.86%
powiat suski,Sheet6,Świadczenia niepieniężne z pomocy społecznej,Odsetek korzystających ze świadczeń niepieniężnych w ogólnej liczbie świadczeniobiorców pomocy społecznej (liczba osób w rodzinach),2024,46.42,%,46.42%
powiat suski,Sheet6,Osoby korzystające z usług opiekuńczych i specjalistycznych usług opiekuńczych,Liczba osób korzystających z usług opiekuńczych (w tym specjalistycznych usług opiekuńczych).,2024,50,,50
powiat suski,Sheet6,Osoby korzystające ze specjalistycznych usług opiekuńczych dla osób z zaburzeniami psychicznymi,Liczba osób korzystających ze specjalistycznych usług opiekuńczych w miejscu zamieszkania dla osób z zaburzeniami psychicznymi.,2024,0,,0
powiat suski,Sheet6,Osoby objęte kontraktami socjalnymi,Udział osób objętych kontraktami socjalnymi w ogólnej liczbie osób w rodzinach świadczeniobiorców pomocy społecznej.,2024,2.02,%,2.02%
powiat suski,Sheet6,Osoby objęte dożywianiem na 1000 mieszkańców,Wskaźnik pomocy w zakresie dożywiania - liczba osób objętych pomocą państwa w zakresie dożywiania w przeliczeniu na 1000 mieszkańców.,2024,19,,19
powiat suski,Sheet6,Udział dzieci w ogóle osób objętych dożywianiem,"Udział dzieci w liczbie wszystkich osób objętych pomocą państwa w zakresie dożywiania. Sprawozdanie z realizacji programu ""Pomoc Państwa w zakresie dożywiania"" do 2013 roku obejmowało dzieci do lat 7. Od 2014 roku w sprawozdaniu liczba dzieci jest określona na podstawie momentu rozpoczęcia nauki w szkole podstawowej.",2024,15,%,15%
powiat suski,Sheet6,Udział uczniów w ogóle osób objętych dożywianiem,Udział dzieci w wieku szkolnym (uczniowie do czasu ukończenia szkoły ponadgimnazjalnej) w liczbie wszystkich osób objętych pomocą państwa w zakresie dożywiania.,2024,36,%,36%
powiat suski,POMOC SPOŁECZNA I O,Centra integracji społecznej,Liczba centrów integracji społecznej działających na danym terenie. Stan na 31 XII.,2024,0,,0
powiat suski,POMOC SPOŁECZNA I O,Domy pomocy społecznej,Liczba domów pomocy społecznej działających na danym terenie (bez podziału na typy).,2024,2,,2
powiat suski,POMOC SPOŁECZNA I O,Dzienne domy pomocy,Liczba dziennych domów pomocy działających na danym terenie. Stan na 31 XII.,2024,1,,1
powiat suski,POMOC SPOŁECZNA I O,Placówki specjalistycznego poradnictwa - jednostki  powiatowe,"Liczba jednostek specjalistycznego poradnictwa działających w powiatach. Stan na 31 XII. Wskaźnik zasilany od 2021 r. w związku ze zmianami monitorowania danych w sprawozdaniach resortowych. Zastąpił on wskaźnik ""Placówki specjalistycznego poradnictwa""",2024,1,,1
powiat suski,POMOC SPOŁECZNA I O,Placówki specjalistycznego poradnictwa,Liczba jednostek specjalistycznego poradnictwa działających na danym terenie. Stan na 31 XII. Od 2021 roku ze względu na brak kontynuacji monitorowania danych w sprawozdaniach resortowych wskaźnik nie jest już aktualizowany.,2024,1,,1
powiat suski,POMOC SPOŁECZNA I O,Kluby integracji społecznej,Liczba klubów integracji społecznej działających na danym terenie.,2024,3,,3
powiat suski,POMOC SPOŁECZNA I O,Mieszkania treningowe oraz wspomagane,"Liczba mieszkań treningowe oraz wspomaganych działających na danym terenie. Stan na 31 XII. Do 2022 r. w systemie funkcjonowały mieszkania chronione, natomiast od 2023 r. funkcjonują mieszkania treningowe oraz wspomagane.",2024,6,,6
powiat suski,POMOC SPOŁECZNA I O,"Noclegownie, schroniska i domy dla osób bezdomnych","Liczba noclegowni, schronisk i domów dla osób bezdomnych działających na danym terenie.",2024,0,,0
powiat suski,POMOC SPOŁECZNA I O,Ośrodki interwencji kryzysowej,Liczba ośrodków interwencji kryzysowej działających na danym terenie. Stan na 31 XII.,2024,0,,0
powiat suski,POMOC SPOŁECZNA I O,Placówki opiekuńczo-wychowawcze,Liczba placówek opiekuńczo-wychowawczych działających na danym terenie (bez podziału na typy). Stan na 31 XII.,2024,1,,1
powiat suski,POMOC SPOŁECZNA I O,Placówki wsparcia dziennego,Liczba placówek wsparcia dziennego działających na danym terenie. Stan na 31 XII.,2024,10,,10
powiat suski,POMOC SPOŁECZNA I O,"Placówki zapewniające całodobową opiekę osobom niepełnosprawnym, przewlekle chorym lub osobom w podeszłym wieku","Liczba placówek zapewniających całodobową opiekę osobom niepełnosprawnym, przewlekle chorym lub osobom w podeszłym wieku działających na danym terenie (w oparciu zarówno o działalność gospodarczą, jak i o działalność statutową). Stan na 31 XII.",2024,1,,1
powiat suski,POMOC SPOŁECZNA I O,Środowiskowe domy samopomocy,Liczba środowiskowych domów samopomocy działających na danym terenie. Stan na 31 XII.,2024,1,,1
powiat suski,POMOC SPOŁECZNA I O,Zakłady aktywności zawodowej,Liczba zakładów aktywności zawodowej działających na danym terenie.,2024,1,,1
powiat suski,PIECZA ZASTĘPCZA,Stopień deinstytucjonalizacji pieczy zastępczej,"Stosunek liczby dzieci w rodzinnej pieczy zastępczej (dzieci przebywające w rodzinach zastępczych, rodzinnych domach dziecka i w placówkach opiekuńczo-wychowawczych typu rodzinnego) do liczby wszystkich dzieci w pieczy zastępczej. Do wskaźnika nie wliczono dzieci umieszczonych w rodzinach zastępczych spokrewnionych (definicja zaczerpnięta z raportu ""Postępy deinstytucjonalizacji pieczy zastępczej""; Warszawa 2018 r.). Dane zbierane przez MRiPS regularnie (co pół roku) w sprawozdaniach resortowych.",2024,100.00,%,100.00%
powiat suski,PIECZA ZASTĘPCZA,Intensywność pieczy zastępczej,"Liczba dzieci poniżej 18. roku życia przebywających w pieczy zastępczej w stosunku do liczby wszystkich dzieci w wieku poniżej 18 roku życia na danym terenie w przeliczeniu na 1000 dzieci (definicja zaczerpnięta z raportu ""Postępy deinstytucjonalizacji pieczy zastępczej""; Warszawa 2018 r.). Dane zbierane przez MRiPS regularnie (co pół roku) w sprawozdaniach resortowych.",2024,5.85,,5.85
powiat suski,PIECZA ZASTĘPCZA,Liczba rodzin zastępczych,"Liczba rodzin zastępczych funkcjonujących na danym obszarze. Rodzina zastępcza jest jedną z form rodzinnej pieczy zastępczej, sprawowanej w przypadku niemożności zapewnienia dziecku opieki i wychowania przez rodziców.",2024,53,,53
powiat suski,PIECZA ZASTĘPCZA,Liczba dzieci w rodzinach zastępczych,"Liczba dzieci wychowujących się w rodzinach zastępczych na danym obszarze. Rodzina zastępcza jest jedną z form rodzinnej pieczy zastępczej, sprawowanej w przypadku niemożności zapewnienia dziecku opieki i wychowania przez rodziców. Do roku 2011 dane pochodzą ze sprawozdania MPiPS-03; od roku 2012 dane pochodzą ze sprawozdania Ocena Zasobów Pomocy Społecznej.",2024,81,,81
powiat suski,ZDROWIE,Dostępność aptek,"Wskaźnik dostępności do aptek - liczba osób przypadająca na jedną aptekę ogólnodostępną. Apteka, zgodnie z Ustawą ""Prawo farmaceutyczne"" z dnia 6 września 2001 r. to placówka ochrony zdrowia publicznego, w której osoby uprawnione świadczą w szczególności usługi farmaceutyczne obejmujące zadania określone w ustawie.",2024,3175,,3175
powiat suski,ZDROWIE,Zgony z powodu chorób nowotworowych,Wskaźnik umieralności z powodu choroby nowotworowej - udział zgonów z powodu choroby nowotworowej w liczbie zgonów ogółem. Dane do wskaźnika pochodzą z kart statystycznych do kart zgonów.,2024,27.30,%,27.30%
powiat suski,ZDROWIE,Zgony z powodu chorób układu krążenia,Wskaźnik umieralności z powodu chorób układu krążenia - udział zgonów z powodu chorób układu krążenia w liczbie zgonów ogółem. Dane do wskaźnika pochodzą z kart statystycznych do kart zgonów.,2024,43.40,%,43.40%
powiat suski,"WYNAGRODZENIA, EMERY",Przeciętne wynagrodzenie w relacji do śr. krajowej,Wskaźnik wysokości wynagrodzeń - przeciętne miesięczne wynagrodzenia brutto w gospodarce narodowej w relacji do średniej krajowej (Polska=100%). Wskaźnik pokazuje jaki procent średniej krajowej jest osiągany na danym terenie.,2024,82.20,,82.20
powiat suski,KULTURA,Wskaźnik dostępności kin,"Wskaźnik dostępności kin - liczba osób przypadających na jedno miejsce na widowni kina. Przez ""miejsce na widowni"" rozumie się każde numerowane miejsce (zarejestrowane) wykorzystywane przez instytucję kultury do stałych prezentacji scenicznych (w stałej sali eksploatowanej przez instytucję artystyczną lub w kinie stałym do prezentacji filmów).",2024,277,,277
powiat suski,KULTURA,Wskaźnik dostępności domów i ośrodków kultury,"Wskaźnik dostępności domów i ośrodków kultury oraz klubów, świetlic i kół - liczba osób przypadająca na jedną placówkę kultury.",2024,1163,,1163
powiat suski,KULTURA,Wskaźnik dostępności muzeów,"Wskaźnik dostępności do muzeów - liczba ludności przypadająca na jedną placówkę muzealną. Dane wskaźnikowe bazują na sprawozdaniach z działalności muzeów i instytucji paramuzealnych. Przez placówkę muzealną (za ustawą z dnia 21 listopada 1996 r. o muzeach) rozumiemy jednostkę organizacyjną, nienastawioną na osiąganie zysku, której celem jest sprawowanie opieki nad zabytkami, informowanie o wartościach i treściach gromadzonych zbiorów, upowszechnianie podstawowych wartości historii, nauki i kultury polskiej oraz światowej, kształtowanie wrażliwości poznawczej i estetycznej oraz umożliwianie kontaktu ze zbiorami.",2024,27515,,27515
powiat suski,KULTURA,Wskaźnik dostępności bibliotek,"Wskaźnik dostępności bibliotek - liczba ludności przydająca na jedną placówkę biblioteczną. W celu wyliczenia wskaźnika zliczono biblioteki, filie i punkty biblioteczne na danym ternie. Dane bazują na sprawozdaniach bibliotek ogólnych. Zgodnie z definicją przyjętą przez GUS przez placówkę biblioteczną rozumie się jednostkę organizacyjną lub jej część posiadającą uporządkowany (zinwentaryzowany) zbiór książek, czasopism i innych materiałów piśmienniczych liczący co najmniej 300 jednostek inwentarzowych, której głównymi celami są tworzenie i obsługa zbiorów oraz udostępnianie ich użytkownikom w sposób kontrolowany.",2024,2948,,2948
powiat suski,KULTURA,Wskaźnik czytelnictwa,Wskaźnik czytelnictwa - ilość wypożyczeń z księgozbioru przez jednego czytelnika w ciągu roku. Przez księgozbiór rozumie się zbiór obejmujący wydawnictwa nieperiodyczne (książki i broszury) i wydawnictwa periodyczne (gazety i czasopisma).,2024,19,,19
powiat suski,EDUKACJA,Edukacja przedszkolna,"Wskaźnik edukacji na poziomie przedszkolnym - odsetek dzieci w wieku od 3 do 5 lat uczęszczających do placówek wychowania przedszkolnego. Wskaźnik zbudowano na podstawie sprawozdań przedszkoli i innych form edukacji przedszkolnej. Uwzględniono ośrodki wychowania przedszkolnego prowadzone przez ograny samorządu terytorialnego, jednostki samorządu powiatowego oraz gminnego.",2024,87.90,,87.90
powiat suski,EDUKACJA,Zdawalność egzaminu maturalnego w technikach,"Wskaźnik zdawalności matur w technikach - procent uczniów klas IV techników, którzy zdali egzamin maturalny.",2024,88.00,,88.00
powiat suski,EDUKACJA,Zdawalność egzaminu maturalnego w liceach ogólnokształcących,"Wskaźnik zdawalności matur w liceach -procent uczniów klas III liceów ogólnokształcących, którzy zdali egzamin maturalny.",2024,97.00,,97.00
powiat suski,EDUKACJA,Wyniki egzaminu ósmoklasisty – język polski,"Wyrażony w % średni wynik uczniów uzyskiwany na egzaminie ósmoklasisty w części z języka polskiego (wskaźnik aktualizowany od 2019 roku, w którym uczniowie szkół podstawowych po raz pierwszy przystąpili do egzaminu ósmoklasisty)",2024,65.73,,65.73
powiat suski,EDUKACJA,Wyniki egzaminu ósmoklasisty – język angielski podstawowy,"Wyrażony w % średni wynik uczniów uzyskiwany na egzaminie ósmoklasisty w części podstawowej z języka angielskiego (wskaźnik aktualizowany od 2019 roku, w którym uczniowie szkół podstawowych po raz pierwszy przystąpili do egzaminu ósmoklasisty)",2024,66.35,,66.35
powiat suski,EDUKACJA,Wyniki egzaminu ósmoklasisty – matematyka,"Wyrażony w % średni wynik uczniów uzyskiwany na egzaminie ósmoklasisty w części z matematyki (wskaźnik aktualizowany od 2019 roku, w którym uczniowie szkół podstawowych po raz pierwszy przystąpili do egzaminu ósmoklasisty)",2024,55.08,,55.08
powiat suski,EDUKACJA,Wybory edukacyjne ósmoklasistów – technikum,"Wyrażony w % udział absolwentów szkół podstawowych, którzy wybrali technikum jako miejsce dalszego kształcenia. Wskaźnik obliczony na podstawie liczby uczniów w klasie pierwszej technikum. (wskaźnik aktualizowany od 2020 roku po ostatecznym wygaszeniu szkół gimnazjalnych)",2024,47.45,,47.45
powiat suski,EDUKACJA,Wybory edukacyjne ósmoklasistów – liceum ogólnokształcące,"Wyrażony w % udział absolwentów szkół podstawowych, którzy wybrali liceum ogólnokształcące jako miejsce dalszego kształcenia. Wskaźnik obliczony na podstawie liczby uczniów w klasie pierwszej liceów ogólnokształcących. (wskaźnik aktualizowany od 2020 roku po ostatecznym wygaszeniu szkół gimnazjalnych)",2024,33.85,,33.85
powiat suski,EDUKACJA,Wybory edukacyjne ósmoklasistów – szkoła branżowa I stopnia,"Wyrażony w % udział absolwentów szkół podstawowych, którzy wybrali szkołę branżową I stopnia jako miejsce dalszego kształcenia. Wskaźnik obliczony na podstawie liczby uczniów w klasie pierwszej szkół branżowych I stopnia. (wskaźnik aktualizowany od 2020 roku po ostatecznym wygaszeniu szkół gimnazjalnych)",2024,18.70,,18.70
powiat suski,RYNEK PRACY,Stopa bezrobocia,"Stopa bezrobocia - procentowy udział liczby bezrobotnych w liczbie ludności aktywnej zawodowo (tzn. pracującej i bezrobotnej). Przez bezrobotnych ( za Ustawą z dnia 20 kwietnia 2004 r. o promocji zatrudnienia i instytucjach rynku pracy) rozumiemy osoby niezatrudnione i nie wykonujące innej pracy zarobkowej, zdolne i gotowe do podjęcia zatrudnienia w pełnym wymiarze czasu pracy (bądź jeśli są to osoby niepełnosprawne - zdolne i gotowe do podjęcia zatrudnienia co najmniej w połowie tego wymiaru czasu pracy), nieuczące się w szkole z wyjątkiem szkół dla dorosłych lub szkół wyższych w systemie wieczorowym albo zaocznym, zarejestrowane we właściwym dla miejsca zameldowania (stałego lub czasowego) powiatowym urzędzie pracy oraz poszukujące zatrudnienia lub innej pracy zarobkowej, jeżeli spełniają określone w Ustawie warunki.",2024,4.40,,4.40
powiat suski,RYNEK PRACY,Bezrobocie kobiet,"Bezrobocie kobiet - Wyrażony w % udział bezrobotnych kobiet w liczbie bezrobotnych ogółem. Do kategorii osób bezrobotnych wlicza się wyłącznie osoby zarejestrowane w powiatowych urzędach pracy. Przez bezrobotnych ( za Ustawą z dnia 20 kwietnia 2004 r. o promocji zatrudnienia i instytucjach rynku pracy) rozumiemy osoby niezatrudnione i nie wykonujące innej pracy zarobkowej, zdolne i gotowe do podjęcia zatrudnienia w pełnym wymiarze czasu pracy (bądź jeśli są to osoby niepełnosprawne - zdolne i gotowe do podjęcia zatrudnienia co najmniej w połowie tego wymiaru czasu pracy), nieuczące się w szkole z wyjątkiem szkół dla dorosłych lub szkół wyższych w systemie wieczorowym albo zaocznym, zarejestrowane we właściwym dla miejsca zameldowania (stałego lub czasowego) powiatowym urzędzie pracy oraz poszukujące zatrudnienia lub innej pracy zarobkowej, jeżeli spełniają określone w Ustawie warunki.",2024,50.79,,50.79
powiat suski,RYNEK PRACY,Bezrobocie rodzinne,"Odsetek osób bezrobotnych zamieszkujących gospodarstwo domowe, w którym dwie lub więcej osób pozostaje na bezrobociu. Dane dla powiatu tarnowskiego i Tarnowa przedstawione zostały łącznie. Dane obrazują stan na 31 XII danego roku.",2024,14.50,%,14.50%
powiat suski,RYNEK PRACY,Bezrobotni dłużej niż 1 rok,"Wyrażony w % udział bezrobotnych dłużej niż 1 rok w liczbie bezrobotnych ogółem. Do kategorii osób bezrobotnych wlicza się wyłącznie osoby zarejestrowane w powiatowych urzędach pracy. Przez bezrobotnych ( za Ustawą z dnia 20 kwietnia 2004 r. o promocji zatrudnienia i instytucjach rynku pracy) rozumiemy osoby niezatrudnione i nie wykonujące innej pracy zarobkowej, zdolne i gotowe do podjęcia zatrudnienia w pełnym wymiarze czasu pracy (bądź jeśli są to osoby niepełnosprawne - zdolne i gotowe do podjęcia zatrudnienia co najmniej w połowie tego wymiaru czasu pracy), nieuczące się w szkole z wyjątkiem szkół dla dorosłych lub szkół wyższych w systemie wieczorowym albo zaocznym, zarejestrowane we właściwym dla miejsca zameldowania (stałego lub czasowego) powiatowym urzędzie pracy oraz poszukujące zatrudnienia lub innej pracy zarobkowej, jeżeli spełniają określone w Ustawie warunki.",2024,20.70,,20.70
powiat suski,RYNEK PRACY,Bezrobotni z wykształceniem gimnazjalnym i niższym,"Wyrażony w % udział bezrobotnych z wykształceniem gimnazjalnym i niższym w liczbie bezrobotnych ogółem. Do kategorii osób bezrobotnych wlicza się wyłącznie osoby zarejestrowane w powiatowych urzędach pracy. Przez bezrobotnych ( za Ustawą z dnia 20 kwietnia 2004 r. o promocji zatrudnienia i instytucjach rynku pracy) rozumiemy osoby niezatrudnione i nie wykonujące innej pracy zarobkowej, zdolne i gotowe do podjęcia zatrudnienia w pełnym wymiarze czasu pracy (bądź jeśli są to osoby niepełnosprawne - zdolne i gotowe do podjęcia zatrudnienia co najmniej w połowie tego wymiaru czasu pracy), nieuczące się w szkole z wyjątkiem szkół dla dorosłych lub szkół wyższych w systemie wieczorowym albo zaocznym, zarejestrowane we właściwym dla miejsca zameldowania (stałego lub czasowego) powiatowym urzędzie pracy oraz poszukujące zatrudnienia lub innej pracy zarobkowej, jeżeli spełniają określone w Ustawie warunki.",2024,19.83,,19.83
powiat suski,RYNEK PRACY,Bezrobotni w wieku poniżej 25 lat,"Wyrażony w % udział bezrobotnych poniżej 25. roku życia w liczbie bezrobotnych ogółem. Do kategorii osób bezrobotnych wlicza się wyłącznie osoby zarejestrowane w powiatowych urzędach pracy. Przez bezrobotnych ( za Ustawą z dnia 20 kwietnia 2004 r. o promocji zatrudnienia i instytucjach rynku pracy) rozumiemy osoby niezatrudnione i nie wykonujące innej pracy zarobkowej, zdolne i gotowe do podjęcia zatrudnienia w pełnym wymiarze czasu pracy (bądź jeśli są to osoby niepełnosprawne - zdolne i gotowe do podjęcia zatrudnienia co najmniej w połowie tego wymiaru czasu pracy), nieuczące się w szkole z wyjątkiem szkół dla dorosłych lub szkół wyższych w systemie wieczorowym albo zaocznym, zarejestrowane we właściwym dla miejsca zameldowania (stałego lub czasowego) powiatowym urzędzie pracy oraz poszukujące zatrudnienia lub innej pracy zarobkowej, jeżeli spełniają określone w Ustawie warunki.",2024,23.74,,23.74
powiat suski,RYNEK PRACY,Bezrobotni w wieku 25-34 lata,"Wyrażony w % udział bezrobotnych w wieku 25-34 lata w liczbie bezrobotnych ogółem. Do kategorii osób bezrobotnych wlicza się wyłącznie osoby zarejestrowane w powiatowych urzędach pracy. Przez bezrobotnych ( za Ustawą z dnia 20 kwietnia 2004 r. o promocji zatrudnienia i instytucjach rynku pracy) rozumiemy osoby niezatrudnione i nie wykonujące innej pracy zarobkowej, zdolne i gotowe do podjęcia zatrudnienia w pełnym wymiarze czasu pracy (bądź jeśli są to osoby niepełnosprawne - zdolne i gotowe do podjęcia zatrudnienia co najmniej w połowie tego wymiaru czasu pracy), nieuczące się w szkole z wyjątkiem szkół dla dorosłych lub szkół wyższych w systemie wieczorowym albo zaocznym, zarejestrowane we właściwym dla miejsca zameldowania (stałego lub czasowego) powiatowym urzędzie pracy oraz poszukujące zatrudnienia lub innej pracy zarobkowej, jeżeli spełniają określone w Ustawie warunki.",2024,23.82,,23.82
powiat suski,RYNEK PRACY,Bezrobotni w wieku 55 lat i więcej,"Wyrażony w % udział bezrobotnych powyżej 55. roku życia w liczbie bezrobotnych ogółem. Do kategorii osób bezrobotnych wlicza się wyłącznie osoby zarejestrowane w powiatowych urzędach pracy. Przez bezrobotnych ( za Ustawą z dnia 20 kwietnia 2004 r. o promocji zatrudnienia i instytucjach rynku pracy) rozumiemy osoby niezatrudnione i nie wykonujące innej pracy zarobkowej, zdolne i gotowe do podjęcia zatrudnienia w pełnym wymiarze czasu pracy (bądź jeśli są to osoby niepełnosprawne - zdolne i gotowe do podjęcia zatrudnienia co najmniej w połowie tego wymiaru czasu pracy), nieuczące się w szkole z wyjątkiem szkół dla dorosłych lub szkół wyższych w systemie wieczorowym albo zaocznym, zarejestrowane we właściwym dla miejsca zameldowania (stałego lub czasowego) powiatowym urzędzie pracy oraz poszukujące zatrudnienia lub innej pracy zarobkowej, jeżeli spełniają określone w Ustawie warunki.",2024,13.67,,13.67
powiat suski,RYNEK PRACY,Prowadzący działalność gospodarczą,Osoby fizyczne prowadzące działalność gospodarczą na 100 osób w wieku produkcyjnym. Dane bez osób prowadzących gospodarstwa indywidualne w rolnictwie.,2024,16.73,,16.73
powiat suski,RYNEK PRACY,Zatrudnienie w branży finansowej i nieruchomościach,"Wyrażony w % udział pracujących w branży finansowej i nieruchomościach w stosunku do ogółu pracujących. Dane do 2021 roku bez podmiotów gospodarczych o liczbie pracujących do 9 osób. Podział branż jest zgodny z PKD 2007. Dotyczy sekcji: ""Działalność finansowa i ubezpieczeniowa; obsługa rynku nieruchomości"". W związku z wprowadzonymi zmianami metodologicznymi w pozyskiwaniu danych dotyczących: pracujących, zatrudnionych oraz przeciętnego zatrudnienia według PKD, dane od 2022 roku nie mogą być porównywane z danymi dla lat poprzednich.",2024,1.09,,1.09
powiat suski,RYNEK PRACY,Zatrudnienie w rolnictwie,"Wyrażony w % udział pracujących w rolnictwie w stosunku do ogółu pracujących. Dane łącznie z rolnictwem indywidualnym. Dane dotyczące pracujących w gospodarstwach indywidualnych w rolnictwie według stanu w dniu 31 XII w latach 2002-2009 wyszacowano na podstawie wyników Narodowego Spisu Powszechnego Ludności i Mieszkań oraz Powszechnego Spisu Rolnego 2002 oraz w 2010 r. na podstawie Powszechnego Spisu Rolnego 2010. Podział branż jest zgodny z PKD 2007. Dotyczy sekcji: ""Rolnictwo, leśnictwo, łowiectwo i rybactwo"". W związku z wprowadzonymi zmianami metodologicznymi w pozyskiwaniu danych dotyczących: pracujących, zatrudnionych oraz przeciętnego zatrudnienia według PKD, dane od 2022 roku nie mogą być porównywane z danymi dla lat poprzednich.",2024,20.65,,20.65
powiat suski,RYNEK PRACY,Zatrudnienie w przemyśle i budownictwie,"Wyrażony w % udział pracujących w przemyśle i budownictwie w stosunku do ogółu pracujących. Dane do 2021 roku bez podmiotów gospodarczych o liczbie pracujących do 9 osób. Podział branż jest zgodny z PKD 2007. Pod pojęciem ""Przemysł i budownictwo"" rozumie się sekcje: ""Górnictwo i wydobywanie""; ""Przetwórstwo przemysłowe""; ""Wytwarzanie i zaopatrywanie w energię elektryczną, gaz, parę wodną i gorącą wodę""; ""Dostawa wody; gospodarowanie ściekami i odpadami; rekultywacja"" oraz ""Budownictwo"". W związku z wprowadzonymi zmianami metodologicznymi w pozyskiwaniu danych dotyczących: pracujących, zatrudnionych oraz przeciętnego zatrudnienia według PKD, dane od 2022 roku nie mogą być porównywane z danymi dla lat poprzednich.",2024,38.73,,38.73
powiat suski,RYNEK PRACY,"Zatrudnienie w handlu, transporcie, turystyce, informacji i komunikacji","Wyrażony w % udział pracujących w handlu, transporcie, turystyce, informacji i komunikacji w stosunku do ogółu pracujących. Dane do 2021 roku bez podmiotów gospodarczych o liczbie pracujących do 9 osób. Podział branż jest zgodny z PKD 2007. Dotyczy sekcji: ""Handel""; ""Naprawa pojazdów samochodowych""; ""Transport i gospodarka magazynowa""; ""Zakwaterowanie i gastronomia"" oraz ""Informacja i komunikacja"". W związku z wprowadzonymi zmianami metodologicznymi w pozyskiwaniu danych dotyczących: pracujących, zatrudnionych oraz przeciętnego zatrudnienia według PKD, dane od 2022 roku nie mogą być porównywane z danymi dla lat poprzednich.",2024,17.55,,17.55
powiat suski,RYNEK PRACY,Zatrudnienie w pozostałych usługach,"Wyrażony w % udział pracujących w pozostałych usługach w stosunku do ogółu pracujących. Dane do 2021 roku bez podmiotów gospodarczych o liczbie pracujących do 9 osób. Podział branż jest zgodny z PKD 2007. Pod pojęciem ""Pozostałe usługi"" rozumie się sekcje: ""Działalność profesjonalna, naukowa i techniczna""; ""Administrowanie i działalność wspierająca""; ""Administracja publiczna i obrona narodowa, obowiązkowe zabezpieczenia społeczne""; ""Edukacja""; ""Opieka zdrowotna i pomoc społeczna""; ""Działalność związana z kulturą rozrywką i rekreacją"" oraz ""Pozostała działalność usługowa"". W związku z wprowadzonymi zmianami metodologicznymi w pozyskiwaniu danych dotyczących: pracujących, zatrudnionych oraz przeciętnego zatrudnienia według PKD, dane od 2022 roku nie mogą być porównywane z danymi dla lat poprzednich.",2024,21.90,,21.90
powiat suski,MOBILNOŚĆ,Saldo migracji stałych,"Wskaźnik migracji stałych - różnica między napływem a odpływem ludności z danego obszaru w danym czasie. Saldo migracji stałych uwzględnia zarazem dane ze stałych migracji zewnętrznych jak i wewnętrznych. Migracje stałe to takie, które wiążą się ze zmianą miejsca zamieszkania na pobyt stały. W świetle prawa polskiego, tego typu migracje związane są z dokonaniem w biurze ewidencji ludności zameldowania lub wymeldowania. W 2015 roku GUS zrezygnował z opublikowania danych dotyczących migracji zagranicznych z powodu braku ich kompletności. Dlatego niemożliwe było określenie poziomu migracji stałych za rok 2015.",2024,-113.00,,-113.00
powiat suski,MOBILNOŚĆ,Saldo migracji zagranicznych,Wskaźnik migracji zagranicznych - różnica między odpływem zagranicę a napływem do kraju ludności w danym czasie.,2024,29.00,,29.00
powiat suski,BUDŻETY GMIN,Wydatki budżetów gmin ogółem,"Wskaźnik wydatków gmin - wydatki budżetów gmin i miast na prawach powiatów w przeliczeniu na jednego mieszkańca. Dane stanowią sumę wydatków na rolnictwo, transport, gospodarkę komunalną, gosp. mieszkaniową, oświatę i wychowanie, kulturę i sztukę, ochronę zdrowia, kulturę fizyczną i sport, a także wydatki na administrację samorządową. Wydatki te są sklasyfikowane w rozporządzeniu Ministra Finansów z dnia 14 czerwca 2006 r. w sprawie szczegółowej klasyfikacji dochodów, wydatków, przychodów i rozchodów oraz środków pochodzących ze źródeł zagranicznych (Dz. U. 2006 r. Nr 107, poz.726, z późn. zm.). Wartości podawane są w złotówkach.",2024,6783.35,,6783.35
powiat suski,BUDŻETY GMIN,Wydatki budżetów gmin - oświata i wychowanie,"Wskaźnik wydatków gmin na oświatę i wychowanie - wydatki budżetów gmin i miast na prawach powiatów na oświatę i wychowanie w przeliczeniu na jednego mieszkańca. Dane stanowią sumę wydatków sklasyfikowanych w dziale 801 rozporządzenia Ministra Finansów z dnia 14 czerwca 2006 r. w sprawie szczegółowej klasyfikacji dochodów, wydatków, przychodów i rozchodów oraz środków pochodzących ze źródeł zagranicznych (Dz. U. 2006 r. Nr 107, poz.726, z późn. zm.). Wartości podawane są w złotówkach.",2024,2682.73,,2682.73
powiat suski,BUDŻETY GMIN,Wydatki budżetów gmin - kultura,"Wskaźnik wydatków gmin na kulturę i ochronę dziedzictwa narodowego - wydatki budżetów gmin i miast na prawach powiatów na kulturę i ochronę dziedzictwa narodowego w przeliczeniu na jednego mieszkańca. Dane stanowią sumę wydatków sklasyfikowanych w dziale 921 rozporządzenia Ministra Finansów z dnia 14 czerwca 2006 r. w sprawie szczegółowej klasyfikacji dochodów, wydatków, przychodów i rozchodów oraz środków pochodzących ze źródeł zagranicznych (Dz. U. 2006 r. Nr 107, poz.726, z późn. zm.). Wartości podawane są w złotówkach.",2024,271.66,,271.66
powiat suski,BUDŻETY GMIN,Wydatki budżetów gmin - pomoc społeczna,"Wskaźnik wydatków gmin na pomoc społeczną - wydatki budżetów gmin i miast na prawach powiatów na pomoc społeczną i pozostałe zadania w zakresie polityki społecznej w przeliczeniu na jednego mieszkańca. Dane stanowią sumę wydatków sklasyfikowanych w działach 852 i 853 rozporządzenia Ministra Finansów z dnia 14 czerwca 2006 r. w sprawie szczegółowej klasyfikacji dochodów, wydatków, przychodów i rozchodów oraz środków pochodzących ze źródeł zagranicznych (Dz. U. 2006 r. Nr 107, poz.726, z późn. zm.). Dane podawane są w złotówkach.",2024,344.47,,344.47
powiat m. Tarnów,LUDNOŚĆ,Ludność ogółem,Liczba ludności zamieszkałej na danym terenie (dane zgodnie z faktycznym miejscem zamieszkania wg podziału administracyjnego na dzień 31 XII).,2024,102123,,102123
powiat m. Tarnów,LUDNOŚĆ,Ludność w wieku przedprodukcyjnym,Udział ludności w wieku przedprodukcyjnym w liczbie ludności ogółem. Przez ludność w wieku przedprodukcyjnym rozumie się ludność w wieku do 17 roku życia.,2024,15.25,%,15.25%
powiat m. Tarnów,LUDNOŚĆ,Ludność w wieku produkcyjnym,"Udział ludności w wieku produkcyjnym w liczbie ludności ogółem. Przez ludność w wieku produkcyjnym rozumie się ludność w wieku zdolności do pracy. Dla mężczyzn przyjęto wiek 18-64 lata, dla kobiet 18-59 lat.",2024,56.24,%,56.24%
powiat m. Tarnów,LUDNOŚĆ,Ludność w wieku poprodukcyjnym,Udział ludności w wieku emerytalnym w liczbie ludności ogółem. Przez ludność w wieku poprodukcyjnym rozumie się ludność w wieku od 64 lat - dla mężczyzn i od 59 lat - dla kobiet.,2024,28.51,%,28.51%
powiat m. Tarnów,LUDNOŚĆ,Ludność w wieku 60+,Udział ludności w wieku 60 i więcej lat w liczbie ludności ogółem.,2024,31.51,%,31.51%
powiat m. Tarnów,LUDNOŚĆ,Wskaźnik podwójnego starzenia,Udział osób w wieku 80 i więcej lat w grupie osób wieku 60 i więcej lat.,2024,19.06,%,19.06%
powiat m. Tarnów,LUDNOŚĆ,Wskaźnik wsparcia osób najstarszych,Liczba osób w wieku 85 lat i więcej przypadająca na 100 osób w wieku 50–64 lata,2024,16,,16
powiat m. Tarnów,LUDNOŚĆ,Potencjał pielęgnacyjny,Liczba kobiet w wieku 45-64 lata (potencjalnych opiekunów rodzinnych) przypadających na 100 osób w wieku 80 i więcej lat,2024,241,,241
powiat m. Tarnów,LUDNOŚĆ,Wskaźnik obciążenia demograficznego,Wskaźnik obciążenia demograficznego - ludność w wieku nieprodukcyjnym przypadająca na 100 osób w wieku produkcyjnym. Przez ludność w wieku produkcyjnym rozumie się osoby w wieku zdolności do pracy tj. mężczyźni w wieku 18 - 64 lat oraz kobiety w wieku 18 - 59.,2024,77.80,,77.80
powiat m. Tarnów,LUDNOŚĆ,Przyrost naturalny na 1 000 ludności,Różnica między liczbą urodzeń żywych a liczbą zgonów w danym roku (bez rozróżnienia na płeć).,2024,-5.15,,-5.15
powiat m. Tarnów,LUDNOŚĆ,Wskaźnik feminizacji,Wskaźnik feminizacji - wielkość demograficzna określająca ile kobiet przypada na 100 mężczyzn na danym terenie.,2024,113.08,,113.08
powiat m. Tarnów,LUDNOŚĆ,Wskaźnik maskulinizacji,Wskaźnik maskulinizacji - wielkość demograficzna określająca ilu mężczyzn przypada na 100 kobiet na danym terenie.,2024,88.43,,88.43
powiat m. Tarnów,LUDNOŚĆ,Wskaźnik gęstości zaludnienia,Wskaźnik gęstości zaludnienia - liczba mieszkańców przypadająca na 1 km².,2024,1411.10,,1411.10
powiat m. Tarnów,LUDNOŚĆ,Wskaźnik urbanizacji,"Wskaźnik urbanizacji - udział mieszkańców miast w liczbie mieszkańców ogółem. Do wyliczenia wskaźnika posłużono się danymi na temat ludności faktycznie zamieszkałej na dzień 31 XII każdego roku. Ludnośc faktycznie zamieszkała obejmuje: a) stałych mieszkańców, z wyjatkiem osób przebywających poza miejscem zamieszkania przez okres powyżej 3 miesięcy w kraju oraz obejmuje wszystkie osoby przebywajace za granicą (bez względu na okres ich nieobecności) b) osoby przebywające czasowo przez okres powyżej 3 miesięcy, przybyłe z innego miejsca w kraju. Dane za lata 2010 - 2021 bazują na wynikach Narodowego Spisu Powszechnego Ludności i Mieszkań 2011.",2024,100.00,%,100.00%
powiat m. Tarnów,LUDNOŚĆ,Małżeństwa na 1000 mieszkańców,Liczba zawartych małżeństw w przeliczeniu na 1000 mieszkańców.,2024,3.20,,3.20
powiat m. Tarnów,LUDNOŚĆ,Urodzenia na 1000 mieszkańców,Liczba urodzeń żywych w przeliczeniu na 1000 mieszkańców.,2024,5.69,,5.69
powiat m. Tarnów,LUDNOŚĆ,Zgony na 1000 mieszkańców,Liczba zgonów w przeliczeniu na 1000 mieszkańców.,2024,10.84,,10.84
powiat m. Tarnów,LUDNOŚĆ,Wskaźnik/ indeks starości,"Relacja pokoleniowa dziadków i wnuczków, tj. liczba osób w wieku 65 i więcej lat przypadająca na 100 osób w wieku 0-14 lat",2024,205,,205
powiat m. Tarnów,LUDNOŚĆ,Ludność w wieku 65+/ Współczynnik starości demograficznej,Relacja liczby osób w starszym wieku (65 lat i więcej) do ogólnej liczby ludności.,2024,24.83,%,24.83%
powiat m. Tarnów,LUDNOŚĆ,Wskaźnik potencjalnego wsparcia,Liczba osób w wieku 15-64 lata przypadająca na 100 osób w wieku 65 lat i więcej. Przedstawia tzw. obciążenie - ile osób hipotetycznie pozostających na rynku pracy przypada na 1 osobę (100 osób) będącą już poza rykiem pracy (odwrotność cząstkowego współczynnika obciążenia demograficznego osobami starszymi).,2024,254,,254
powiat m. Tarnów,POMOC SPOŁECZNA - K,Liczba mieszkańców na 1 pracownika socjalnego,Liczba mieszkańców przypadająca na jednego pracownika socjalnego zatrudnionego w ośrodku pomocy społecznej.,2024,1702,,1702
powiat m. Tarnów,POMOC SPOŁECZNA - K,Pracownicy socjalni OPS posiadający wyższe wykształcenie,Udział pracowników socjalnych posiadających wyższe wykształcenie w ogólnej licznie pracowników socjalnych.,2024,83.08,%,83.08%
powiat m. Tarnów,POMOC SPOŁECZNA - K,Pracownicy socjalni OPS posiadający I stopień specjalizacji w zawodzie pracownik socjalny,Udział pracowników socjalnych OPS posiadających I stopień specjalizacji w zawodzie pracownik socjalny w ogólnej liczbie pracowników socjalnych.,2024,23.08,%,23.08%
powiat m. Tarnów,POMOC SPOŁECZNA - K,Pracownicy socjalni OPS posiadający II stopień specjalizacji w zawodzie pracownik socjalny,Udział pracowników socjalnych posiadających II stopień specjalizacji w zawodzie pracownik socjalny w ogólnej liczbie pracowników socjalnych.,2024,6.15,%,6.15%
powiat m. Tarnów,POMOC SPOŁECZNA - P,Alkoholizm,Odsetek klientów pomocy społecznej korzystających ze wsparcia z powodu alkoholizmu (na podstawie danych o rzeczywistej liczbie osób w rodzinach objętych pomocą społeczną).,2024,9.12,%,9.12%
powiat m. Tarnów,POMOC SPOŁECZNA - P,Bezdomność,Odsetek klientów pomocy społecznej korzystających ze wsparcia z powodu bezdomności (na podstawie danych o rzeczywistej liczbie osób w rodzinach objętych pomocą społeczną).,2024,4.53,%,4.53%
powiat m. Tarnów,POMOC SPOŁECZNA - P,Bezradność w sprawach opiekuńczo-wychowawczych i prowadzenia gosp. dom.,Odsetek klientów pomocy społecznej korzystających ze wsparcia z powodu bezradności w sprawach opiekuńczo-wychowawczych i prowadzenia gospodarstwa domowego (na podstawie danych o rzeczywistej liczbie osób w rodzinach objętych pomocą społeczną).,2024,7.42,%,7.42%
powiat m. Tarnów,POMOC SPOŁECZNA - P,Bezrobocie,Odsetek klientów pomocy społecznej korzystających ze wsparcia z powodu bezrobocia (na podstawie danych o rzeczywistej liczbie osób w rodzinach objętych pomocą społeczną).,2024,39.57,%,39.57%
powiat m. Tarnów,POMOC SPOŁECZNA - P,Długotrwała lub ciężka choroba,Odsetek klientów pomocy społecznej korzystających ze wsparcia z powodu długotrwałej bądź ciężkiej choroby (na podstawie danych o rzeczywistej liczbie osób w rodzinach objętych pomocą społeczną).,2024,71.73,%,71.73%
powiat m. Tarnów,POMOC SPOŁECZNA - P,Narkomania,Odsetek klientów pomocy społecznej korzystających ze wsparcia z powodu narkomanii (na podstawie danych o rzeczywistej liczbie osób w rodzinach objętych pomocą społeczną).,2024,0.68,%,0.68%
powiat m. Tarnów,POMOC SPOŁECZNA - P,Niepełnosprawność,Odsetek klientów pomocy społecznej korzystających ze wsparcia z powodu niepełnosprawności (na podstawie danych o rzeczywistej liczbie osób w rodzinach objętych pomocą społeczną).,2024,42.80,%,42.80%
powiat m. Tarnów,POMOC SPOŁECZNA - P,Potrzeba ochrony macierzyństwa,Odsetek klientów pomocy społecznej korzystających ze wsparcia z powodu potrzeby ochrony macierzyństwa (na podstawie danych o rzeczywistej liczbie osób w rodzinach objętych pomocą społeczną).,2024,30.66,%,30.66%
powiat m. Tarnów,POMOC SPOŁECZNA - P,Przemoc domowa,Odsetek klientów pomocy społecznej korzystających ze wsparcia z powodu przemocy domowej (na podstawie danych o rzeczywistej liczbie osób w rodzinach objętych pomocą społeczną).,2024,2.39,%,2.39%
powiat m. Tarnów,POMOC SPOŁECZNA - P,Sieroctwo,Odsetek klientów pomocy społecznej korzystających ze wsparcia z powodu sieroctwa (na podstawie danych o rzeczywistej liczbie osób w rodzinach objętych pomocą społeczną).,2024,0.00,%,0.00%
powiat m. Tarnów,POMOC SPOŁECZNA - P,Sytuacja kryzysowa,Odsetek klientów pomocy społecznej korzystających ze wsparcia z powodu sytuacji kryzysowej (na podstawie danych o rzeczywistej liczbie osób w rodzinach objętych pomocą społeczną).,2024,0.90,%,0.90%
powiat m. Tarnów,POMOC SPOŁECZNA - P,Ubóstwo,Odsetek klientów pomocy społecznej korzystających ze wsparcia z powodu ubóstwa (na podstawie danych o rzeczywistej liczbie osób w rodzinach objętych pomocą społeczną).,2024,42.05,%,42.05%
powiat m. Tarnów,POMOC SPOŁECZNA - P,Wielodzietność,Odsetek klientów pomocy społecznej korzystających ze wsparcia z powodu wielodzietności (na podstawie danych o rzeczywistej liczbie osób w rodzinach objętych pomocą społeczną).,2024,20.33,%,20.33%
powiat m. Tarnów,POMOC SPOŁECZNA - P,Zdarzenie losowe,Odsetek klientów pomocy społecznej korzystających ze wsparcia z powodu zdarzenia losowego (na podstawie danych o rzeczywistej liczbie osób w rodzinach objętych pomocą społeczną).,2024,0.25,%,0.25%
powiat m. Tarnów,POMOC SPOŁECZNA - B,Beneficjenci pomocy społecznej,"Udział osób korzystających z pomocy społecznej w liczbie ludności ogółem - na podstawie danych o rzeczywistej liczbie osób w rodzinach objętych pomocą społeczną (świadczenia przyznane w ramach zadań zleconych i własnych bez względu na rodzaj, formę, liczbę oraz źródło finansowania).",2024,3.16,%,3.16%
powiat m. Tarnów,POMOC SPOŁECZNA - B,Rodziny niepełne objęte pomocą społeczną,"Wskaźnik pomocy społecznej udzielonej rodzinom niepełnym - udział rodzin niepełnych objętych pomocą (w której skład wchodzi jedno z rodziców z dzieckiem/ dziećmi) w liczbie wszystkich rodzin z dziećmi, którym udzielono pomocy.",2024,52.39,%,52.39%
powiat m. Tarnów,POMOC SPOŁECZNA - B,Rodziny wielodzietne objęte pomocą społeczną,"Wskaźnik pomocy społecznej udzielonej rodzinom wielodzietnym - udział rodzin wielodzietnych (3 dzieci i więcej) objętych pomocą w liczbie wszystkich rodzin z dziećmi, którym udzielono pomocy.",2024,36.52,%,36.52%
powiat m. Tarnów,POMOC SPOŁECZNA - B,Rodziny emerytów i rencistów objęte pomocą społeczną,"Wskaźnik pomocy społecznej udzielonej rodzinom emerytów i rencistów - udział rodzin emerytów i rencistów objętych pomocą w liczbie wszystkich rodzin, którym udzielono pomocy.",2024,26.48,%,26.48%
powiat m. Tarnów,POMOC SPOŁECZNA - B,Pensjonariusze DPS nieopuszczający łóżek,Odsetek pensjonariuszy Domów Pomocy Społecznej nieopuszczających łóżek. Dane na temat liczby mieszkańców Domów Pomocy Społecznej zebrano wg. stanu na dzień 31 grudnia. W statystykach uwzględniono mieszkańców Domów Pomocy Społecznej i podmiotów niepublicznych w roku sprawozdawczym.,2024,34.81,%,34.81%
powiat m. Tarnów,POMOC SPOŁECZNA - B,Pensjonariusze DPS do 18 roku życia,Odsetek pensjonariuszy Domów Pomocy Społecznej w wieku do18 roku życia. Dane na temat liczby mieszkańców Domów Pomocy Społecznej zebrano wg. stanu na dzień 31 grudnia. W statystykach uwzględniono mieszkańców Domów Pomocy Społecznej i podmiotów niepublicznych w roku sprawozdawczym.,2024,0.29,%,0.29%
powiat m. Tarnów,POMOC SPOŁECZNA - B,Pensjonariusze DPS w wieku 19-40 lat,Odsetek pensjonariuszy Domów Pomocy Społecznej wieku 19-40 lat. Dane na temat liczby mieszkańców Domów Pomocy Społecznej zebrano wg. stanu na dzień 31 grudnia. W statystykach uwzględniono mieszkańców Domów Pomocy Społecznej i podmiotów niepublicznych w roku sprawozdawczym.,2024,10.03,%,10.03%
powiat m. Tarnów,POMOC SPOŁECZNA - B,Pensjonariusze DPS w wieku 41-60 lat,Odsetek pensjonariuszy Domów Pomocy Społecznej wieku 41-60 lat. Dane na temat liczby mieszkańców Domów Pomocy Społecznej zebrano wg. stanu na dzień 31 grudnia. W statystykach uwzględniono mieszkańców Domów Pomocy Społecznej i podmiotów niepublicznych w roku sprawozdawczym.,2024,16.52,%,16.52%
powiat m. Tarnów,POMOC SPOŁECZNA - B,Pensjonariusze DPS w wieku 61-74 lat,Odsetek pensjonariuszy Domów Pomocy Społecznej wieku 60-74 lat. Dane na temat liczby mieszkańców Domów Pomocy Społecznej zebrano wg. stanu na dzień 31 grudnia. W statystykach uwzględniono mieszkańców Domów Pomocy Społecznej i podmiotów niepublicznych w roku sprawozdawczym.,2024,24.48,%,24.48%
powiat m. Tarnów,POMOC SPOŁECZNA - B,Pensjonariusze DPS w wieku powyżej 74 lat,Odsetek pensjonariuszy Domów Pomocy Społecznej wieku powyżej 74 lat. Dane na temat liczby mieszkańców Domów Pomocy Społecznej zebrano wg. stanu na dzień 31 grudnia. W statystykach uwzględniono mieszkańców Domów Pomocy Społecznej i podmiotów niepublicznych w roku sprawozdawczym.,2024,48.67,%,48.67%
powiat m. Tarnów,Sheet6,Świadczenia pieniężne z pomocy społecznej,Odsetek korzystających ze świadczeń pieniężnych w ogólnej liczbie świadczeniobiorców pomocy społecznej (liczba osób w rodzinach),2024,86.53,%,86.53%
powiat m. Tarnów,Sheet6,Świadczenia niepieniężne z pomocy społecznej,Odsetek korzystających ze świadczeń niepieniężnych w ogólnej liczbie świadczeniobiorców pomocy społecznej (liczba osób w rodzinach),2024,49.10,%,49.10%
powiat m. Tarnów,Sheet6,Osoby korzystające z usług opiekuńczych i specjalistycznych usług opiekuńczych,Liczba osób korzystających z usług opiekuńczych (w tym specjalistycznych usług opiekuńczych).,2024,364,,364
powiat m. Tarnów,Sheet6,Osoby korzystające ze specjalistycznych usług opiekuńczych dla osób z zaburzeniami psychicznymi,Liczba osób korzystających ze specjalistycznych usług opiekuńczych w miejscu zamieszkania dla osób z zaburzeniami psychicznymi.,2024,8,,8
powiat m. Tarnów,Sheet6,Osoby objęte kontraktami socjalnymi,Udział osób objętych kontraktami socjalnymi w ogólnej liczbie osób w rodzinach świadczeniobiorców pomocy społecznej.,2024,7.57,%,7.57%
powiat m. Tarnów,Sheet6,Osoby objęte dożywianiem na 1000 mieszkańców,Wskaźnik pomocy w zakresie dożywiania - liczba osób objętych pomocą państwa w zakresie dożywiania w przeliczeniu na 1000 mieszkańców.,2024,25,,25
powiat m. Tarnów,Sheet6,Udział dzieci w ogóle osób objętych dożywianiem,"Udział dzieci w liczbie wszystkich osób objętych pomocą państwa w zakresie dożywiania. Sprawozdanie z realizacji programu ""Pomoc Państwa w zakresie dożywiania"" do 2013 roku obejmowało dzieci do lat 7. Od 2014 roku w sprawozdaniu liczba dzieci jest określona na podstawie momentu rozpoczęcia nauki w szkole podstawowej.",2024,13,%,13%
powiat m. Tarnów,Sheet6,Udział uczniów w ogóle osób objętych dożywianiem,Udział dzieci w wieku szkolnym (uczniowie do czasu ukończenia szkoły ponadgimnazjalnej) w liczbie wszystkich osób objętych pomocą państwa w zakresie dożywiania.,2024,23,%,23%
powiat m. Tarnów,POMOC SPOŁECZNA I O,Centra integracji społecznej,Liczba centrów integracji społecznej działających na danym terenie. Stan na 31 XII.,2024,2,,2
powiat m. Tarnów,POMOC SPOŁECZNA I O,Domy pomocy społecznej,Liczba domów pomocy społecznej działających na danym terenie (bez podziału na typy).,2024,4,,4
powiat m. Tarnów,POMOC SPOŁECZNA I O,Dzienne domy pomocy,Liczba dziennych domów pomocy działających na danym terenie. Stan na 31 XII.,2024,1,,1
powiat m. Tarnów,POMOC SPOŁECZNA I O,Placówki specjalistycznego poradnictwa - jednostki  powiatowe,"Liczba jednostek specjalistycznego poradnictwa działających w powiatach. Stan na 31 XII. Wskaźnik zasilany od 2021 r. w związku ze zmianami monitorowania danych w sprawozdaniach resortowych. Zastąpił on wskaźnik ""Placówki specjalistycznego poradnictwa""",2024,0,,0
powiat m. Tarnów,POMOC SPOŁECZNA I O,Placówki specjalistycznego poradnictwa,Liczba jednostek specjalistycznego poradnictwa działających na danym terenie. Stan na 31 XII. Od 2021 roku ze względu na brak kontynuacji monitorowania danych w sprawozdaniach resortowych wskaźnik nie jest już aktualizowany.,2024,0,,0
powiat m. Tarnów,POMOC SPOŁECZNA I O,Kluby integracji społecznej,Liczba klubów integracji społecznej działających na danym terenie.,2024,3,,3
powiat m. Tarnów,POMOC SPOŁECZNA I O,Mieszkania treningowe oraz wspomagane,"Liczba mieszkań treningowe oraz wspomaganych działających na danym terenie. Stan na 31 XII. Do 2022 r. w systemie funkcjonowały mieszkania chronione, natomiast od 2023 r. funkcjonują mieszkania treningowe oraz wspomagane.",2024,18,,18
powiat m. Tarnów,POMOC SPOŁECZNA I O,"Noclegownie, schroniska i domy dla osób bezdomnych","Liczba noclegowni, schronisk i domów dla osób bezdomnych działających na danym terenie.",2024,2,,2
powiat m. Tarnów,POMOC SPOŁECZNA I O,Ośrodki interwencji kryzysowej,Liczba ośrodków interwencji kryzysowej działających na danym terenie. Stan na 31 XII.,2024,1,,1
powiat m. Tarnów,POMOC SPOŁECZNA I O,Placówki opiekuńczo-wychowawcze,Liczba placówek opiekuńczo-wychowawczych działających na danym terenie (bez podziału na typy). Stan na 31 XII.,2024,5,,5
powiat m. Tarnów,POMOC SPOŁECZNA I O,Placówki wsparcia dziennego,Liczba placówek wsparcia dziennego działających na danym terenie. Stan na 31 XII.,2024,3,,3
powiat m. Tarnów,POMOC SPOŁECZNA I O,"Placówki zapewniające całodobową opiekę osobom niepełnosprawnym, przewlekle chorym lub osobom w podeszłym wieku","Liczba placówek zapewniających całodobową opiekę osobom niepełnosprawnym, przewlekle chorym lub osobom w podeszłym wieku działających na danym terenie (w oparciu zarówno o działalność gospodarczą, jak i o działalność statutową). Stan na 31 XII.",2024,1,,1
powiat m. Tarnów,POMOC SPOŁECZNA I O,Środowiskowe domy samopomocy,Liczba środowiskowych domów samopomocy działających na danym terenie. Stan na 31 XII.,2024,2,,2
powiat m. Tarnów,POMOC SPOŁECZNA I O,Zakłady aktywności zawodowej,Liczba zakładów aktywności zawodowej działających na danym terenie.,2024,1,,1
powiat m. Tarnów,PIECZA ZASTĘPCZA,Stopień deinstytucjonalizacji pieczy zastępczej,"Stosunek liczby dzieci w rodzinnej pieczy zastępczej (dzieci przebywające w rodzinach zastępczych, rodzinnych domach dziecka i w placówkach opiekuńczo-wychowawczych typu rodzinnego) do liczby wszystkich dzieci w pieczy zastępczej. Do wskaźnika nie wliczono dzieci umieszczonych w rodzinach zastępczych spokrewnionych (definicja zaczerpnięta z raportu ""Postępy deinstytucjonalizacji pieczy zastępczej""; Warszawa 2018 r.). Dane zbierane przez MRiPS regularnie (co pół roku) w sprawozdaniach resortowych.",2024,56.00,%,56.00%
powiat m. Tarnów,PIECZA ZASTĘPCZA,Intensywność pieczy zastępczej,"Liczba dzieci poniżej 18. roku życia przebywających w pieczy zastępczej w stosunku do liczby wszystkich dzieci w wieku poniżej 18 roku życia na danym terenie w przeliczeniu na 1000 dzieci (definicja zaczerpnięta z raportu ""Postępy deinstytucjonalizacji pieczy zastępczej""; Warszawa 2018 r.). Dane zbierane przez MRiPS regularnie (co pół roku) w sprawozdaniach resortowych.",2024,10.60,,10.60
powiat m. Tarnów,PIECZA ZASTĘPCZA,Liczba rodzin zastępczych,"Liczba rodzin zastępczych funkcjonujących na danym obszarze. Rodzina zastępcza jest jedną z form rodzinnej pieczy zastępczej, sprawowanej w przypadku niemożności zapewnienia dziecku opieki i wychowania przez rodziców.",2024,83,,83
powiat m. Tarnów,PIECZA ZASTĘPCZA,Liczba dzieci w rodzinach zastępczych,"Liczba dzieci wychowujących się w rodzinach zastępczych na danym obszarze. Rodzina zastępcza jest jedną z form rodzinnej pieczy zastępczej, sprawowanej w przypadku niemożności zapewnienia dziecku opieki i wychowania przez rodziców. Do roku 2011 dane pochodzą ze sprawozdania MPiPS-03; od roku 2012 dane pochodzą ze sprawozdania Ocena Zasobów Pomocy Społecznej.",2024,125,,125
powiat m. Tarnów,ZDROWIE,Dostępność aptek,"Wskaźnik dostępności do aptek - liczba osób przypadająca na jedną aptekę ogólnodostępną. Apteka, zgodnie z Ustawą ""Prawo farmaceutyczne"" z dnia 6 września 2001 r. to placówka ochrony zdrowia publicznego, w której osoby uprawnione świadczą w szczególności usługi farmaceutyczne obejmujące zadania określone w ustawie.",2024,2220,,2220
powiat m. Tarnów,ZDROWIE,Zgony z powodu chorób nowotworowych,Wskaźnik umieralności z powodu choroby nowotworowej - udział zgonów z powodu choroby nowotworowej w liczbie zgonów ogółem. Dane do wskaźnika pochodzą z kart statystycznych do kart zgonów.,2024,26.80,%,26.80%
powiat m. Tarnów,ZDROWIE,Zgony z powodu chorób układu krążenia,Wskaźnik umieralności z powodu chorób układu krążenia - udział zgonów z powodu chorób układu krążenia w liczbie zgonów ogółem. Dane do wskaźnika pochodzą z kart statystycznych do kart zgonów.,2024,38.70,%,38.70%
powiat m. Tarnów,"WYNAGRODZENIA, EMERY",Przeciętne wynagrodzenie w relacji do śr. krajowej,Wskaźnik wysokości wynagrodzeń - przeciętne miesięczne wynagrodzenia brutto w gospodarce narodowej w relacji do średniej krajowej (Polska=100%). Wskaźnik pokazuje jaki procent średniej krajowej jest osiągany na danym terenie.,2024,97.90,,97.90
powiat m. Tarnów,KULTURA,Wskaźnik dostępności kin,"Wskaźnik dostępności kin - liczba osób przypadających na jedno miejsce na widowni kina. Przez ""miejsce na widowni"" rozumie się każde numerowane miejsce (zarejestrowane) wykorzystywane przez instytucję kultury do stałych prezentacji scenicznych (w stałej sali eksploatowanej przez instytucję artystyczną lub w kinie stałym do prezentacji filmów).",2024,58,,58
powiat m. Tarnów,KULTURA,Wskaźnik dostępności domów i ośrodków kultury,"Wskaźnik dostępności domów i ośrodków kultury oraz klubów, świetlic i kół - liczba osób przypadająca na jedną placówkę kultury.",2024,1086,,1086
powiat m. Tarnów,KULTURA,Wskaźnik dostępności muzeów,"Wskaźnik dostępności do muzeów - liczba ludności przypadająca na jedną placówkę muzealną. Dane wskaźnikowe bazują na sprawozdaniach z działalności muzeów i instytucji paramuzealnych. Przez placówkę muzealną (za ustawą z dnia 21 listopada 1996 r. o muzeach) rozumiemy jednostkę organizacyjną, nienastawioną na osiąganie zysku, której celem jest sprawowanie opieki nad zabytkami, informowanie o wartościach i treściach gromadzonych zbiorów, upowszechnianie podstawowych wartości historii, nauki i kultury polskiej oraz światowej, kształtowanie wrażliwości poznawczej i estetycznej oraz umożliwianie kontaktu ze zbiorami.",2024,20425,,20425
powiat m. Tarnów,KULTURA,Wskaźnik dostępności bibliotek,"Wskaźnik dostępności bibliotek - liczba ludności przydająca na jedną placówkę biblioteczną. W celu wyliczenia wskaźnika zliczono biblioteki, filie i punkty biblioteczne na danym ternie. Dane bazują na sprawozdaniach bibliotek ogólnych. Zgodnie z definicją przyjętą przez GUS przez placówkę biblioteczną rozumie się jednostkę organizacyjną lub jej część posiadającą uporządkowany (zinwentaryzowany) zbiór książek, czasopism i innych materiałów piśmienniczych liczący co najmniej 300 jednostek inwentarzowych, której głównymi celami są tworzenie i obsługa zbiorów oraz udostępnianie ich użytkownikom w sposób kontrolowany.",2024,7856,,7856
powiat m. Tarnów,KULTURA,Wskaźnik czytelnictwa,Wskaźnik czytelnictwa - ilość wypożyczeń z księgozbioru przez jednego czytelnika w ciągu roku. Przez księgozbiór rozumie się zbiór obejmujący wydawnictwa nieperiodyczne (książki i broszury) i wydawnictwa periodyczne (gazety i czasopisma).,2024,17,,17
powiat m. Tarnów,EDUKACJA,Edukacja przedszkolna,"Wskaźnik edukacji na poziomie przedszkolnym - odsetek dzieci w wieku od 3 do 5 lat uczęszczających do placówek wychowania przedszkolnego. Wskaźnik zbudowano na podstawie sprawozdań przedszkoli i innych form edukacji przedszkolnej. Uwzględniono ośrodki wychowania przedszkolnego prowadzone przez ograny samorządu terytorialnego, jednostki samorządu powiatowego oraz gminnego.",2024,117.00,,117.00
powiat m. Tarnów,EDUKACJA,Zdawalność egzaminu maturalnego w technikach,"Wskaźnik zdawalności matur w technikach - procent uczniów klas IV techników, którzy zdali egzamin maturalny.",2024,89.00,,89.00
powiat m. Tarnów,EDUKACJA,Zdawalność egzaminu maturalnego w liceach ogólnokształcących,"Wskaźnik zdawalności matur w liceach -procent uczniów klas III liceów ogólnokształcących, którzy zdali egzamin maturalny.",2024,94.00,,94.00
powiat m. Tarnów,EDUKACJA,Wyniki egzaminu ósmoklasisty – język polski,"Wyrażony w % średni wynik uczniów uzyskiwany na egzaminie ósmoklasisty w części z języka polskiego (wskaźnik aktualizowany od 2019 roku, w którym uczniowie szkół podstawowych po raz pierwszy przystąpili do egzaminu ósmoklasisty)",2024,68.44,,68.44
powiat m. Tarnów,EDUKACJA,Wyniki egzaminu ósmoklasisty – język angielski podstawowy,"Wyrażony w % średni wynik uczniów uzyskiwany na egzaminie ósmoklasisty w części podstawowej z języka angielskiego (wskaźnik aktualizowany od 2019 roku, w którym uczniowie szkół podstawowych po raz pierwszy przystąpili do egzaminu ósmoklasisty)",2024,75.30,,75.30
powiat m. Tarnów,EDUKACJA,Wyniki egzaminu ósmoklasisty – matematyka,"Wyrażony w % średni wynik uczniów uzyskiwany na egzaminie ósmoklasisty w części z matematyki (wskaźnik aktualizowany od 2019 roku, w którym uczniowie szkół podstawowych po raz pierwszy przystąpili do egzaminu ósmoklasisty)",2024,60.61,,60.61
powiat m. Tarnów,EDUKACJA,Wybory edukacyjne ósmoklasistów – technikum,"Wyrażony w % udział absolwentów szkół podstawowych, którzy wybrali technikum jako miejsce dalszego kształcenia. Wskaźnik obliczony na podstawie liczby uczniów w klasie pierwszej technikum. (wskaźnik aktualizowany od 2020 roku po ostatecznym wygaszeniu szkół gimnazjalnych)",2024,32.05,,32.05
powiat m. Tarnów,EDUKACJA,Wybory edukacyjne ósmoklasistów – liceum ogólnokształcące,"Wyrażony w % udział absolwentów szkół podstawowych, którzy wybrali liceum ogólnokształcące jako miejsce dalszego kształcenia. Wskaźnik obliczony na podstawie liczby uczniów w klasie pierwszej liceów ogólnokształcących. (wskaźnik aktualizowany od 2020 roku po ostatecznym wygaszeniu szkół gimnazjalnych)",2024,49.59,,49.59
powiat m. Tarnów,EDUKACJA,Wybory edukacyjne ósmoklasistów – szkoła branżowa I stopnia,"Wyrażony w % udział absolwentów szkół podstawowych, którzy wybrali szkołę branżową I stopnia jako miejsce dalszego kształcenia. Wskaźnik obliczony na podstawie liczby uczniów w klasie pierwszej szkół branżowych I stopnia. (wskaźnik aktualizowany od 2020 roku po ostatecznym wygaszeniu szkół gimnazjalnych)",2024,18.36,,18.36
powiat m. Tarnów,RYNEK PRACY,Stopa bezrobocia,"Stopa bezrobocia - procentowy udział liczby bezrobotnych w liczbie ludności aktywnej zawodowo (tzn. pracującej i bezrobotnej). Przez bezrobotnych ( za Ustawą z dnia 20 kwietnia 2004 r. o promocji zatrudnienia i instytucjach rynku pracy) rozumiemy osoby niezatrudnione i nie wykonujące innej pracy zarobkowej, zdolne i gotowe do podjęcia zatrudnienia w pełnym wymiarze czasu pracy (bądź jeśli są to osoby niepełnosprawne - zdolne i gotowe do podjęcia zatrudnienia co najmniej w połowie tego wymiaru czasu pracy), nieuczące się w szkole z wyjątkiem szkół dla dorosłych lub szkół wyższych w systemie wieczorowym albo zaocznym, zarejestrowane we właściwym dla miejsca zameldowania (stałego lub czasowego) powiatowym urzędzie pracy oraz poszukujące zatrudnienia lub innej pracy zarobkowej, jeżeli spełniają określone w Ustawie warunki.",2024,4.20,,4.20
powiat m. Tarnów,RYNEK PRACY,Bezrobocie kobiet,"Bezrobocie kobiet - Wyrażony w % udział bezrobotnych kobiet w liczbie bezrobotnych ogółem. Do kategorii osób bezrobotnych wlicza się wyłącznie osoby zarejestrowane w powiatowych urzędach pracy. Przez bezrobotnych ( za Ustawą z dnia 20 kwietnia 2004 r. o promocji zatrudnienia i instytucjach rynku pracy) rozumiemy osoby niezatrudnione i nie wykonujące innej pracy zarobkowej, zdolne i gotowe do podjęcia zatrudnienia w pełnym wymiarze czasu pracy (bądź jeśli są to osoby niepełnosprawne - zdolne i gotowe do podjęcia zatrudnienia co najmniej w połowie tego wymiaru czasu pracy), nieuczące się w szkole z wyjątkiem szkół dla dorosłych lub szkół wyższych w systemie wieczorowym albo zaocznym, zarejestrowane we właściwym dla miejsca zameldowania (stałego lub czasowego) powiatowym urzędzie pracy oraz poszukujące zatrudnienia lub innej pracy zarobkowej, jeżeli spełniają określone w Ustawie warunki.",2024,56.04,,56.04
powiat m. Tarnów,RYNEK PRACY,Bezrobocie rodzinne,"Odsetek osób bezrobotnych zamieszkujących gospodarstwo domowe, w którym dwie lub więcej osób pozostaje na bezrobociu. Dane dla powiatu tarnowskiego i Tarnowa przedstawione zostały łącznie. Dane obrazują stan na 31 XII danego roku.",2024,12.84,%,12.84%
powiat m. Tarnów,RYNEK PRACY,Bezrobotni dłużej niż 1 rok,"Wyrażony w % udział bezrobotnych dłużej niż 1 rok w liczbie bezrobotnych ogółem. Do kategorii osób bezrobotnych wlicza się wyłącznie osoby zarejestrowane w powiatowych urzędach pracy. Przez bezrobotnych ( za Ustawą z dnia 20 kwietnia 2004 r. o promocji zatrudnienia i instytucjach rynku pracy) rozumiemy osoby niezatrudnione i nie wykonujące innej pracy zarobkowej, zdolne i gotowe do podjęcia zatrudnienia w pełnym wymiarze czasu pracy (bądź jeśli są to osoby niepełnosprawne - zdolne i gotowe do podjęcia zatrudnienia co najmniej w połowie tego wymiaru czasu pracy), nieuczące się w szkole z wyjątkiem szkół dla dorosłych lub szkół wyższych w systemie wieczorowym albo zaocznym, zarejestrowane we właściwym dla miejsca zameldowania (stałego lub czasowego) powiatowym urzędzie pracy oraz poszukujące zatrudnienia lub innej pracy zarobkowej, jeżeli spełniają określone w Ustawie warunki.",2024,36.50,,36.50
powiat m. Tarnów,RYNEK PRACY,Bezrobotni z wykształceniem gimnazjalnym i niższym,"Wyrażony w % udział bezrobotnych z wykształceniem gimnazjalnym i niższym w liczbie bezrobotnych ogółem. Do kategorii osób bezrobotnych wlicza się wyłącznie osoby zarejestrowane w powiatowych urzędach pracy. Przez bezrobotnych ( za Ustawą z dnia 20 kwietnia 2004 r. o promocji zatrudnienia i instytucjach rynku pracy) rozumiemy osoby niezatrudnione i nie wykonujące innej pracy zarobkowej, zdolne i gotowe do podjęcia zatrudnienia w pełnym wymiarze czasu pracy (bądź jeśli są to osoby niepełnosprawne - zdolne i gotowe do podjęcia zatrudnienia co najmniej w połowie tego wymiaru czasu pracy), nieuczące się w szkole z wyjątkiem szkół dla dorosłych lub szkół wyższych w systemie wieczorowym albo zaocznym, zarejestrowane we właściwym dla miejsca zameldowania (stałego lub czasowego) powiatowym urzędzie pracy oraz poszukujące zatrudnienia lub innej pracy zarobkowej, jeżeli spełniają określone w Ustawie warunki.",2024,18.13,,18.13
powiat m. Tarnów,RYNEK PRACY,Bezrobotni w wieku poniżej 25 lat,"Wyrażony w % udział bezrobotnych poniżej 25. roku życia w liczbie bezrobotnych ogółem. Do kategorii osób bezrobotnych wlicza się wyłącznie osoby zarejestrowane w powiatowych urzędach pracy. Przez bezrobotnych ( za Ustawą z dnia 20 kwietnia 2004 r. o promocji zatrudnienia i instytucjach rynku pracy) rozumiemy osoby niezatrudnione i nie wykonujące innej pracy zarobkowej, zdolne i gotowe do podjęcia zatrudnienia w pełnym wymiarze czasu pracy (bądź jeśli są to osoby niepełnosprawne - zdolne i gotowe do podjęcia zatrudnienia co najmniej w połowie tego wymiaru czasu pracy), nieuczące się w szkole z wyjątkiem szkół dla dorosłych lub szkół wyższych w systemie wieczorowym albo zaocznym, zarejestrowane we właściwym dla miejsca zameldowania (stałego lub czasowego) powiatowym urzędzie pracy oraz poszukujące zatrudnienia lub innej pracy zarobkowej, jeżeli spełniają określone w Ustawie warunki.",2024,10.22,,10.22
powiat m. Tarnów,RYNEK PRACY,Bezrobotni w wieku 25-34 lata,"Wyrażony w % udział bezrobotnych w wieku 25-34 lata w liczbie bezrobotnych ogółem. Do kategorii osób bezrobotnych wlicza się wyłącznie osoby zarejestrowane w powiatowych urzędach pracy. Przez bezrobotnych ( za Ustawą z dnia 20 kwietnia 2004 r. o promocji zatrudnienia i instytucjach rynku pracy) rozumiemy osoby niezatrudnione i nie wykonujące innej pracy zarobkowej, zdolne i gotowe do podjęcia zatrudnienia w pełnym wymiarze czasu pracy (bądź jeśli są to osoby niepełnosprawne - zdolne i gotowe do podjęcia zatrudnienia co najmniej w połowie tego wymiaru czasu pracy), nieuczące się w szkole z wyjątkiem szkół dla dorosłych lub szkół wyższych w systemie wieczorowym albo zaocznym, zarejestrowane we właściwym dla miejsca zameldowania (stałego lub czasowego) powiatowym urzędzie pracy oraz poszukujące zatrudnienia lub innej pracy zarobkowej, jeżeli spełniają określone w Ustawie warunki.",2024,20.99,,20.99
powiat m. Tarnów,RYNEK PRACY,Bezrobotni w wieku 55 lat i więcej,"Wyrażony w % udział bezrobotnych powyżej 55. roku życia w liczbie bezrobotnych ogółem. Do kategorii osób bezrobotnych wlicza się wyłącznie osoby zarejestrowane w powiatowych urzędach pracy. Przez bezrobotnych ( za Ustawą z dnia 20 kwietnia 2004 r. o promocji zatrudnienia i instytucjach rynku pracy) rozumiemy osoby niezatrudnione i nie wykonujące innej pracy zarobkowej, zdolne i gotowe do podjęcia zatrudnienia w pełnym wymiarze czasu pracy (bądź jeśli są to osoby niepełnosprawne - zdolne i gotowe do podjęcia zatrudnienia co najmniej w połowie tego wymiaru czasu pracy), nieuczące się w szkole z wyjątkiem szkół dla dorosłych lub szkół wyższych w systemie wieczorowym albo zaocznym, zarejestrowane we właściwym dla miejsca zameldowania (stałego lub czasowego) powiatowym urzędzie pracy oraz poszukujące zatrudnienia lub innej pracy zarobkowej, jeżeli spełniają określone w Ustawie warunki.",2024,18.98,,18.98
powiat m. Tarnów,RYNEK PRACY,Prowadzący działalność gospodarczą,Osoby fizyczne prowadzące działalność gospodarczą na 100 osób w wieku produkcyjnym. Dane bez osób prowadzących gospodarstwa indywidualne w rolnictwie.,2024,15.92,,15.92
powiat m. Tarnów,RYNEK PRACY,Zatrudnienie w branży finansowej i nieruchomościach,"Wyrażony w % udział pracujących w branży finansowej i nieruchomościach w stosunku do ogółu pracujących. Dane do 2021 roku bez podmiotów gospodarczych o liczbie pracujących do 9 osób. Podział branż jest zgodny z PKD 2007. Dotyczy sekcji: ""Działalność finansowa i ubezpieczeniowa; obsługa rynku nieruchomości"". W związku z wprowadzonymi zmianami metodologicznymi w pozyskiwaniu danych dotyczących: pracujących, zatrudnionych oraz przeciętnego zatrudnienia według PKD, dane od 2022 roku nie mogą być porównywane z danymi dla lat poprzednich.",2024,1.67,,1.67
powiat m. Tarnów,RYNEK PRACY,Zatrudnienie w rolnictwie,"Wyrażony w % udział pracujących w rolnictwie w stosunku do ogółu pracujących. Dane łącznie z rolnictwem indywidualnym. Dane dotyczące pracujących w gospodarstwach indywidualnych w rolnictwie według stanu w dniu 31 XII w latach 2002-2009 wyszacowano na podstawie wyników Narodowego Spisu Powszechnego Ludności i Mieszkań oraz Powszechnego Spisu Rolnego 2002 oraz w 2010 r. na podstawie Powszechnego Spisu Rolnego 2010. Podział branż jest zgodny z PKD 2007. Dotyczy sekcji: ""Rolnictwo, leśnictwo, łowiectwo i rybactwo"". W związku z wprowadzonymi zmianami metodologicznymi w pozyskiwaniu danych dotyczących: pracujących, zatrudnionych oraz przeciętnego zatrudnienia według PKD, dane od 2022 roku nie mogą być porównywane z danymi dla lat poprzednich.",2024,0.76,,0.76
powiat m. Tarnów,RYNEK PRACY,Zatrudnienie w przemyśle i budownictwie,"Wyrażony w % udział pracujących w przemyśle i budownictwie w stosunku do ogółu pracujących. Dane do 2021 roku bez podmiotów gospodarczych o liczbie pracujących do 9 osób. Podział branż jest zgodny z PKD 2007. Pod pojęciem ""Przemysł i budownictwo"" rozumie się sekcje: ""Górnictwo i wydobywanie""; ""Przetwórstwo przemysłowe""; ""Wytwarzanie i zaopatrywanie w energię elektryczną, gaz, parę wodną i gorącą wodę""; ""Dostawa wody; gospodarowanie ściekami i odpadami; rekultywacja"" oraz ""Budownictwo"". W związku z wprowadzonymi zmianami metodologicznymi w pozyskiwaniu danych dotyczących: pracujących, zatrudnionych oraz przeciętnego zatrudnienia według PKD, dane od 2022 roku nie mogą być porównywane z danymi dla lat poprzednich.",2024,44.68,,44.68
powiat m. Tarnów,RYNEK PRACY,"Zatrudnienie w handlu, transporcie, turystyce, informacji i komunikacji","Wyrażony w % udział pracujących w handlu, transporcie, turystyce, informacji i komunikacji w stosunku do ogółu pracujących. Dane do 2021 roku bez podmiotów gospodarczych o liczbie pracujących do 9 osób. Podział branż jest zgodny z PKD 2007. Dotyczy sekcji: ""Handel""; ""Naprawa pojazdów samochodowych""; ""Transport i gospodarka magazynowa""; ""Zakwaterowanie i gastronomia"" oraz ""Informacja i komunikacja"". W związku z wprowadzonymi zmianami metodologicznymi w pozyskiwaniu danych dotyczących: pracujących, zatrudnionych oraz przeciętnego zatrudnienia według PKD, dane od 2022 roku nie mogą być porównywane z danymi dla lat poprzednich.",2024,17.93,,17.93
powiat m. Tarnów,RYNEK PRACY,Zatrudnienie w pozostałych usługach,"Wyrażony w % udział pracujących w pozostałych usługach w stosunku do ogółu pracujących. Dane do 2021 roku bez podmiotów gospodarczych o liczbie pracujących do 9 osób. Podział branż jest zgodny z PKD 2007. Pod pojęciem ""Pozostałe usługi"" rozumie się sekcje: ""Działalność profesjonalna, naukowa i techniczna""; ""Administrowanie i działalność wspierająca""; ""Administracja publiczna i obrona narodowa, obowiązkowe zabezpieczenia społeczne""; ""Edukacja""; ""Opieka zdrowotna i pomoc społeczna""; ""Działalność związana z kulturą rozrywką i rekreacją"" oraz ""Pozostała działalność usługowa"". W związku z wprowadzonymi zmianami metodologicznymi w pozyskiwaniu danych dotyczących: pracujących, zatrudnionych oraz przeciętnego zatrudnienia według PKD, dane od 2022 roku nie mogą być porównywane z danymi dla lat poprzednich.",2024,34.96,,34.96
powiat m. Tarnów,MOBILNOŚĆ,Saldo migracji stałych,"Wskaźnik migracji stałych - różnica między napływem a odpływem ludności z danego obszaru w danym czasie. Saldo migracji stałych uwzględnia zarazem dane ze stałych migracji zewnętrznych jak i wewnętrznych. Migracje stałe to takie, które wiążą się ze zmianą miejsca zamieszkania na pobyt stały. W świetle prawa polskiego, tego typu migracje związane są z dokonaniem w biurze ewidencji ludności zameldowania lub wymeldowania. W 2015 roku GUS zrezygnował z opublikowania danych dotyczących migracji zagranicznych z powodu braku ich kompletności. Dlatego niemożliwe było określenie poziomu migracji stałych za rok 2015.",2024,-411.00,,-411.00
powiat m. Tarnów,MOBILNOŚĆ,Saldo migracji zagranicznych,Wskaźnik migracji zagranicznych - różnica między odpływem zagranicę a napływem do kraju ludności w danym czasie.,2024,-21.00,,-21.00
powiat m. Tarnów,BUDŻETY GMIN,Wydatki budżetów gmin ogółem,"Wskaźnik wydatków gmin - wydatki budżetów gmin i miast na prawach powiatów w przeliczeniu na jednego mieszkańca. Dane stanowią sumę wydatków na rolnictwo, transport, gospodarkę komunalną, gosp. mieszkaniową, oświatę i wychowanie, kulturę i sztukę, ochronę zdrowia, kulturę fizyczną i sport, a także wydatki na administrację samorządową. Wydatki te są sklasyfikowane w rozporządzeniu Ministra Finansów z dnia 14 czerwca 2006 r. w sprawie szczegółowej klasyfikacji dochodów, wydatków, przychodów i rozchodów oraz środków pochodzących ze źródeł zagranicznych (Dz. U. 2006 r. Nr 107, poz.726, z późn. zm.). Wartości podawane są w złotówkach.",2024,10402.68,,10402.68
powiat m. Tarnów,BUDŻETY GMIN,Wydatki budżetów gmin - oświata i wychowanie,"Wskaźnik wydatków gmin na oświatę i wychowanie - wydatki budżetów gmin i miast na prawach powiatów na oświatę i wychowanie w przeliczeniu na jednego mieszkańca. Dane stanowią sumę wydatków sklasyfikowanych w dziale 801 rozporządzenia Ministra Finansów z dnia 14 czerwca 2006 r. w sprawie szczegółowej klasyfikacji dochodów, wydatków, przychodów i rozchodów oraz środków pochodzących ze źródeł zagranicznych (Dz. U. 2006 r. Nr 107, poz.726, z późn. zm.). Wartości podawane są w złotówkach.",2024,4657.70,,4657.70
powiat m. Tarnów,BUDŻETY GMIN,Wydatki budżetów gmin - kultura,"Wskaźnik wydatków gmin na kulturę i ochronę dziedzictwa narodowego - wydatki budżetów gmin i miast na prawach powiatów na kulturę i ochronę dziedzictwa narodowego w przeliczeniu na jednego mieszkańca. Dane stanowią sumę wydatków sklasyfikowanych w dziale 921 rozporządzenia Ministra Finansów z dnia 14 czerwca 2006 r. w sprawie szczegółowej klasyfikacji dochodów, wydatków, przychodów i rozchodów oraz środków pochodzących ze źródeł zagranicznych (Dz. U. 2006 r. Nr 107, poz.726, z późn. zm.). Wartości podawane są w złotówkach.",2024,253.27,,253.27
powiat m. Tarnów,BUDŻETY GMIN,Wydatki budżetów gmin - pomoc społeczna,"Wskaźnik wydatków gmin na pomoc społeczną - wydatki budżetów gmin i miast na prawach powiatów na pomoc społeczną i pozostałe zadania w zakresie polityki społecznej w przeliczeniu na jednego mieszkańca. Dane stanowią sumę wydatków sklasyfikowanych w działach 852 i 853 rozporządzenia Ministra Finansów z dnia 14 czerwca 2006 r. w sprawie szczegółowej klasyfikacji dochodów, wydatków, przychodów i rozchodów oraz środków pochodzących ze źródeł zagranicznych (Dz. U. 2006 r. Nr 107, poz.726, z późn. zm.). Dane podawane są w złotówkach.",2024,986.38,,986.38
powiat tarnowski,LUDNOŚĆ,Ludność ogółem,Liczba ludności zamieszkałej na danym terenie (dane zgodnie z faktycznym miejscem zamieszkania wg podziału administracyjnego na dzień 31 XII).,2024,197119,,197119
powiat tarnowski,LUDNOŚĆ,Ludność w wieku przedprodukcyjnym,Udział ludności w wieku przedprodukcyjnym w liczbie ludności ogółem. Przez ludność w wieku przedprodukcyjnym rozumie się ludność w wieku do 17 roku życia.,2024,19.35,%,19.35%
powiat tarnowski,LUDNOŚĆ,Ludność w wieku produkcyjnym,"Udział ludności w wieku produkcyjnym w liczbie ludności ogółem. Przez ludność w wieku produkcyjnym rozumie się ludność w wieku zdolności do pracy. Dla mężczyzn przyjęto wiek 18-64 lata, dla kobiet 18-59 lat.",2024,60.16,%,60.16%
powiat tarnowski,LUDNOŚĆ,Ludność w wieku poprodukcyjnym,Udział ludności w wieku emerytalnym w liczbie ludności ogółem. Przez ludność w wieku poprodukcyjnym rozumie się ludność w wieku od 64 lat - dla mężczyzn i od 59 lat - dla kobiet.,2024,20.49,%,20.49%
powiat tarnowski,LUDNOŚĆ,Ludność w wieku 60+,Udział ludności w wieku 60 i więcej lat w liczbie ludności ogółem.,2024,23.68,%,23.68%
powiat tarnowski,LUDNOŚĆ,Wskaźnik podwójnego starzenia,Udział osób w wieku 80 i więcej lat w grupie osób wieku 60 i więcej lat.,2024,17.87,%,17.87%
powiat tarnowski,LUDNOŚĆ,Wskaźnik wsparcia osób najstarszych,Liczba osób w wieku 85 lat i więcej przypadająca na 100 osób w wieku 50–64 lata,2024,11,,11
powiat tarnowski,LUDNOŚĆ,Potencjał pielęgnacyjny,Liczba kobiet w wieku 45-64 lata (potencjalnych opiekunów rodzinnych) przypadających na 100 osób w wieku 80 i więcej lat,2024,321,,321
powiat tarnowski,LUDNOŚĆ,Wskaźnik obciążenia demograficznego,Wskaźnik obciążenia demograficznego - ludność w wieku nieprodukcyjnym przypadająca na 100 osób w wieku produkcyjnym. Przez ludność w wieku produkcyjnym rozumie się osoby w wieku zdolności do pracy tj. mężczyźni w wieku 18 - 64 lat oraz kobiety w wieku 18 - 59.,2024,66.20,,66.20
powiat tarnowski,LUDNOŚĆ,Przyrost naturalny na 1 000 ludności,Różnica między liczbą urodzeń żywych a liczbą zgonów w danym roku (bez rozróżnienia na płeć).,2024,-1.90,,-1.90
powiat tarnowski,LUDNOŚĆ,Wskaźnik feminizacji,Wskaźnik feminizacji - wielkość demograficzna określająca ile kobiet przypada na 100 mężczyzn na danym terenie.,2024,101.56,,101.56
powiat tarnowski,LUDNOŚĆ,Wskaźnik maskulinizacji,Wskaźnik maskulinizacji - wielkość demograficzna określająca ilu mężczyzn przypada na 100 kobiet na danym terenie.,2024,98.47,,98.47
powiat tarnowski,LUDNOŚĆ,Wskaźnik gęstości zaludnienia,Wskaźnik gęstości zaludnienia - liczba mieszkańców przypadająca na 1 km².,2024,139.60,,139.60
powiat tarnowski,LUDNOŚĆ,Wskaźnik urbanizacji,"Wskaźnik urbanizacji - udział mieszkańców miast w liczbie mieszkańców ogółem. Do wyliczenia wskaźnika posłużono się danymi na temat ludności faktycznie zamieszkałej na dzień 31 XII każdego roku. Ludnośc faktycznie zamieszkała obejmuje: a) stałych mieszkańców, z wyjatkiem osób przebywających poza miejscem zamieszkania przez okres powyżej 3 miesięcy w kraju oraz obejmuje wszystkie osoby przebywajace za granicą (bez względu na okres ich nieobecności) b) osoby przebywające czasowo przez okres powyżej 3 miesięcy, przybyłe z innego miejsca w kraju. Dane za lata 2010 - 2021 bazują na wynikach Narodowego Spisu Powszechnego Ludności i Mieszkań 2011.",2024,11.54,%,11.54%
powiat tarnowski,LUDNOŚĆ,Małżeństwa na 1000 mieszkańców,Liczba zawartych małżeństw w przeliczeniu na 1000 mieszkańców.,2024,3.50,,3.50
powiat tarnowski,LUDNOŚĆ,Urodzenia na 1000 mieszkańców,Liczba urodzeń żywych w przeliczeniu na 1000 mieszkańców.,2024,7.25,,7.25
powiat tarnowski,LUDNOŚĆ,Zgony na 1000 mieszkańców,Liczba zgonów w przeliczeniu na 1000 mieszkańców.,2024,9.14,,9.14
powiat tarnowski,LUDNOŚĆ,Wskaźnik/ indeks starości,"Relacja pokoleniowa dziadków i wnuczków, tj. liczba osób w wieku 65 i więcej lat przypadająca na 100 osób w wieku 0-14 lat",2024,110,,110
powiat tarnowski,LUDNOŚĆ,Ludność w wieku 65+/ Współczynnik starości demograficznej,Relacja liczby osób w starszym wieku (65 lat i więcej) do ogólnej liczby ludności.,2024,17.39,%,17.39%
powiat tarnowski,LUDNOŚĆ,Wskaźnik potencjalnego wsparcia,Liczba osób w wieku 15-64 lata przypadająca na 100 osób w wieku 65 lat i więcej. Przedstawia tzw. obciążenie - ile osób hipotetycznie pozostających na rynku pracy przypada na 1 osobę (100 osób) będącą już poza rykiem pracy (odwrotność cząstkowego współczynnika obciążenia demograficznego osobami starszymi).,2024,384,,384
powiat tarnowski,POMOC SPOŁECZNA - K,Liczba mieszkańców na 1 pracownika socjalnego,Liczba mieszkańców przypadająca na jednego pracownika socjalnego zatrudnionego w ośrodku pomocy społecznej.,2024,2292,,2292
powiat tarnowski,POMOC SPOŁECZNA - K,Pracownicy socjalni OPS posiadający wyższe wykształcenie,Udział pracowników socjalnych posiadających wyższe wykształcenie w ogólnej licznie pracowników socjalnych.,2024,81.40,%,81.40%
powiat tarnowski,POMOC SPOŁECZNA - K,Pracownicy socjalni OPS posiadający I stopień specjalizacji w zawodzie pracownik socjalny,Udział pracowników socjalnych OPS posiadających I stopień specjalizacji w zawodzie pracownik socjalny w ogólnej liczbie pracowników socjalnych.,2024,33.72,%,33.72%
powiat tarnowski,POMOC SPOŁECZNA - K,Pracownicy socjalni OPS posiadający II stopień specjalizacji w zawodzie pracownik socjalny,Udział pracowników socjalnych posiadających II stopień specjalizacji w zawodzie pracownik socjalny w ogólnej liczbie pracowników socjalnych.,2024,5.81,%,5.81%
powiat tarnowski,POMOC SPOŁECZNA - P,Alkoholizm,Odsetek klientów pomocy społecznej korzystających ze wsparcia z powodu alkoholizmu (na podstawie danych o rzeczywistej liczbie osób w rodzinach objętych pomocą społeczną).,2024,2.83,%,2.83%
powiat tarnowski,POMOC SPOŁECZNA - P,Bezdomność,Odsetek klientów pomocy społecznej korzystających ze wsparcia z powodu bezdomności (na podstawie danych o rzeczywistej liczbie osób w rodzinach objętych pomocą społeczną).,2024,0.77,%,0.77%
powiat tarnowski,POMOC SPOŁECZNA - P,Bezradność w sprawach opiekuńczo-wychowawczych i prowadzenia gosp. dom.,Odsetek klientów pomocy społecznej korzystających ze wsparcia z powodu bezradności w sprawach opiekuńczo-wychowawczych i prowadzenia gospodarstwa domowego (na podstawie danych o rzeczywistej liczbie osób w rodzinach objętych pomocą społeczną).,2024,9.76,%,9.76%
powiat tarnowski,POMOC SPOŁECZNA - P,Bezrobocie,Odsetek klientów pomocy społecznej korzystających ze wsparcia z powodu bezrobocia (na podstawie danych o rzeczywistej liczbie osób w rodzinach objętych pomocą społeczną).,2024,27.70,%,27.70%
powiat tarnowski,POMOC SPOŁECZNA - P,Długotrwała lub ciężka choroba,Odsetek klientów pomocy społecznej korzystających ze wsparcia z powodu długotrwałej bądź ciężkiej choroby (na podstawie danych o rzeczywistej liczbie osób w rodzinach objętych pomocą społeczną).,2024,40.32,%,40.32%
powiat tarnowski,POMOC SPOŁECZNA - P,Narkomania,Odsetek klientów pomocy społecznej korzystających ze wsparcia z powodu narkomanii (na podstawie danych o rzeczywistej liczbie osób w rodzinach objętych pomocą społeczną).,2024,0.08,%,0.08%
powiat tarnowski,POMOC SPOŁECZNA - P,Niepełnosprawność,Odsetek klientów pomocy społecznej korzystających ze wsparcia z powodu niepełnosprawności (na podstawie danych o rzeczywistej liczbie osób w rodzinach objętych pomocą społeczną).,2024,36.33,%,36.33%
powiat tarnowski,POMOC SPOŁECZNA - P,Potrzeba ochrony macierzyństwa,Odsetek klientów pomocy społecznej korzystających ze wsparcia z powodu potrzeby ochrony macierzyństwa (na podstawie danych o rzeczywistej liczbie osób w rodzinach objętych pomocą społeczną).,2024,31.56,%,31.56%
powiat tarnowski,POMOC SPOŁECZNA - P,Przemoc domowa,Odsetek klientów pomocy społecznej korzystających ze wsparcia z powodu przemocy domowej (na podstawie danych o rzeczywistej liczbie osób w rodzinach objętych pomocą społeczną).,2024,2.39,%,2.39%
powiat tarnowski,POMOC SPOŁECZNA - P,Sieroctwo,Odsetek klientów pomocy społecznej korzystających ze wsparcia z powodu sieroctwa (na podstawie danych o rzeczywistej liczbie osób w rodzinach objętych pomocą społeczną).,2024,0.03,%,0.03%
powiat tarnowski,POMOC SPOŁECZNA - P,Sytuacja kryzysowa,Odsetek klientów pomocy społecznej korzystających ze wsparcia z powodu sytuacji kryzysowej (na podstawie danych o rzeczywistej liczbie osób w rodzinach objętych pomocą społeczną).,2024,0.06,%,0.06%
powiat tarnowski,POMOC SPOŁECZNA - P,Ubóstwo,Odsetek klientów pomocy społecznej korzystających ze wsparcia z powodu ubóstwa (na podstawie danych o rzeczywistej liczbie osób w rodzinach objętych pomocą społeczną).,2024,37.70,%,37.70%
powiat tarnowski,POMOC SPOŁECZNA - P,Wielodzietność,Odsetek klientów pomocy społecznej korzystających ze wsparcia z powodu wielodzietności (na podstawie danych o rzeczywistej liczbie osób w rodzinach objętych pomocą społeczną).,2024,29.70,%,29.70%
powiat tarnowski,POMOC SPOŁECZNA - P,Zdarzenie losowe,Odsetek klientów pomocy społecznej korzystających ze wsparcia z powodu zdarzenia losowego (na podstawie danych o rzeczywistej liczbie osób w rodzinach objętych pomocą społeczną).,2024,1.57,%,1.57%
powiat tarnowski,POMOC SPOŁECZNA - B,Beneficjenci pomocy społecznej,"Udział osób korzystających z pomocy społecznej w liczbie ludności ogółem - na podstawie danych o rzeczywistej liczbie osób w rodzinach objętych pomocą społeczną (świadczenia przyznane w ramach zadań zleconych i własnych bez względu na rodzaj, formę, liczbę oraz źródło finansowania).",2024,3.37,%,3.37%
powiat tarnowski,POMOC SPOŁECZNA - B,Rodziny niepełne objęte pomocą społeczną,"Wskaźnik pomocy społecznej udzielonej rodzinom niepełnym - udział rodzin niepełnych objętych pomocą (w której skład wchodzi jedno z rodziców z dzieckiem/ dziećmi) w liczbie wszystkich rodzin z dziećmi, którym udzielono pomocy.",2024,36.45,%,36.45%
powiat tarnowski,POMOC SPOŁECZNA - B,Rodziny wielodzietne objęte pomocą społeczną,"Wskaźnik pomocy społecznej udzielonej rodzinom wielodzietnym - udział rodzin wielodzietnych (3 dzieci i więcej) objętych pomocą w liczbie wszystkich rodzin z dziećmi, którym udzielono pomocy.",2024,46.21,%,46.21%
powiat tarnowski,POMOC SPOŁECZNA - B,Rodziny emerytów i rencistów objęte pomocą społeczną,"Wskaźnik pomocy społecznej udzielonej rodzinom emerytów i rencistów - udział rodzin emerytów i rencistów objętych pomocą w liczbie wszystkich rodzin, którym udzielono pomocy.",2024,22.17,%,22.17%
powiat tarnowski,POMOC SPOŁECZNA - B,Pensjonariusze DPS nieopuszczający łóżek,Odsetek pensjonariuszy Domów Pomocy Społecznej nieopuszczających łóżek. Dane na temat liczby mieszkańców Domów Pomocy Społecznej zebrano wg. stanu na dzień 31 grudnia. W statystykach uwzględniono mieszkańców Domów Pomocy Społecznej i podmiotów niepublicznych w roku sprawozdawczym.,2024,16.47,%,16.47%
powiat tarnowski,POMOC SPOŁECZNA - B,Pensjonariusze DPS do 18 roku życia,Odsetek pensjonariuszy Domów Pomocy Społecznej w wieku do18 roku życia. Dane na temat liczby mieszkańców Domów Pomocy Społecznej zebrano wg. stanu na dzień 31 grudnia. W statystykach uwzględniono mieszkańców Domów Pomocy Społecznej i podmiotów niepublicznych w roku sprawozdawczym.,2024,0.49,%,0.49%
powiat tarnowski,POMOC SPOŁECZNA - B,Pensjonariusze DPS w wieku 19-40 lat,Odsetek pensjonariuszy Domów Pomocy Społecznej wieku 19-40 lat. Dane na temat liczby mieszkańców Domów Pomocy Społecznej zebrano wg. stanu na dzień 31 grudnia. W statystykach uwzględniono mieszkańców Domów Pomocy Społecznej i podmiotów niepublicznych w roku sprawozdawczym.,2024,10.21,%,10.21%
powiat tarnowski,POMOC SPOŁECZNA - B,Pensjonariusze DPS w wieku 41-60 lat,Odsetek pensjonariuszy Domów Pomocy Społecznej wieku 41-60 lat. Dane na temat liczby mieszkańców Domów Pomocy Społecznej zebrano wg. stanu na dzień 31 grudnia. W statystykach uwzględniono mieszkańców Domów Pomocy Społecznej i podmiotów niepublicznych w roku sprawozdawczym.,2024,28.34,%,28.34%
powiat tarnowski,POMOC SPOŁECZNA - B,Pensjonariusze DPS w wieku 61-74 lat,Odsetek pensjonariuszy Domów Pomocy Społecznej wieku 60-74 lat. Dane na temat liczby mieszkańców Domów Pomocy Społecznej zebrano wg. stanu na dzień 31 grudnia. W statystykach uwzględniono mieszkańców Domów Pomocy Społecznej i podmiotów niepublicznych w roku sprawozdawczym.,2024,30.81,%,30.81%
powiat tarnowski,POMOC SPOŁECZNA - B,Pensjonariusze DPS w wieku powyżej 74 lat,Odsetek pensjonariuszy Domów Pomocy Społecznej wieku powyżej 74 lat. Dane na temat liczby mieszkańców Domów Pomocy Społecznej zebrano wg. stanu na dzień 31 grudnia. W statystykach uwzględniono mieszkańców Domów Pomocy Społecznej i podmiotów niepublicznych w roku sprawozdawczym.,2024,30.15,%,30.15%
powiat tarnowski,Sheet6,Świadczenia pieniężne z pomocy społecznej,Odsetek korzystających ze świadczeń pieniężnych w ogólnej liczbie świadczeniobiorców pomocy społecznej (liczba osób w rodzinach),2024,71.73,%,71.73%
powiat tarnowski,Sheet6,Świadczenia niepieniężne z pomocy społecznej,Odsetek korzystających ze świadczeń niepieniężnych w ogólnej liczbie świadczeniobiorców pomocy społecznej (liczba osób w rodzinach),2024,57.12,%,57.12%
powiat tarnowski,Sheet6,Osoby korzystające z usług opiekuńczych i specjalistycznych usług opiekuńczych,Liczba osób korzystających z usług opiekuńczych (w tym specjalistycznych usług opiekuńczych).,2024,319,,319
powiat tarnowski,Sheet6,Osoby korzystające ze specjalistycznych usług opiekuńczych dla osób z zaburzeniami psychicznymi,Liczba osób korzystających ze specjalistycznych usług opiekuńczych w miejscu zamieszkania dla osób z zaburzeniami psychicznymi.,2024,17,,17
powiat tarnowski,Sheet6,Osoby objęte kontraktami socjalnymi,Udział osób objętych kontraktami socjalnymi w ogólnej liczbie osób w rodzinach świadczeniobiorców pomocy społecznej.,2024,1.72,%,1.72%
powiat tarnowski,Sheet6,Osoby objęte dożywianiem na 1000 mieszkańców,Wskaźnik pomocy w zakresie dożywiania - liczba osób objętych pomocą państwa w zakresie dożywiania w przeliczeniu na 1000 mieszkańców.,2024,19,,19
powiat tarnowski,Sheet6,Udział dzieci w ogóle osób objętych dożywianiem,"Udział dzieci w liczbie wszystkich osób objętych pomocą państwa w zakresie dożywiania. Sprawozdanie z realizacji programu ""Pomoc Państwa w zakresie dożywiania"" do 2013 roku obejmowało dzieci do lat 7. Od 2014 roku w sprawozdaniu liczba dzieci jest określona na podstawie momentu rozpoczęcia nauki w szkole podstawowej.",2024,17,%,17%
powiat tarnowski,Sheet6,Udział uczniów w ogóle osób objętych dożywianiem,Udział dzieci w wieku szkolnym (uczniowie do czasu ukończenia szkoły ponadgimnazjalnej) w liczbie wszystkich osób objętych pomocą państwa w zakresie dożywiania.,2024,39,%,39%
powiat tarnowski,POMOC SPOŁECZNA I O,Centra integracji społecznej,Liczba centrów integracji społecznej działających na danym terenie. Stan na 31 XII.,2024,0,,0
powiat tarnowski,POMOC SPOŁECZNA I O,Domy pomocy społecznej,Liczba domów pomocy społecznej działających na danym terenie (bez podziału na typy).,2024,8,,8
powiat tarnowski,POMOC SPOŁECZNA I O,Dzienne domy pomocy,Liczba dziennych domów pomocy działających na danym terenie. Stan na 31 XII.,2024,4,,4
powiat tarnowski,POMOC SPOŁECZNA I O,Placówki specjalistycznego poradnictwa - jednostki  powiatowe,"Liczba jednostek specjalistycznego poradnictwa działających w powiatach. Stan na 31 XII. Wskaźnik zasilany od 2021 r. w związku ze zmianami monitorowania danych w sprawozdaniach resortowych. Zastąpił on wskaźnik ""Placówki specjalistycznego poradnictwa""",2024,0,,0
powiat tarnowski,POMOC SPOŁECZNA I O,Placówki specjalistycznego poradnictwa,Liczba jednostek specjalistycznego poradnictwa działających na danym terenie. Stan na 31 XII. Od 2021 roku ze względu na brak kontynuacji monitorowania danych w sprawozdaniach resortowych wskaźnik nie jest już aktualizowany.,2024,0,,0
powiat tarnowski,POMOC SPOŁECZNA I O,Kluby integracji społecznej,Liczba klubów integracji społecznej działających na danym terenie.,2024,0,,0
powiat tarnowski,POMOC SPOŁECZNA I O,Mieszkania treningowe oraz wspomagane,"Liczba mieszkań treningowe oraz wspomaganych działających na danym terenie. Stan na 31 XII. Do 2022 r. w systemie funkcjonowały mieszkania chronione, natomiast od 2023 r. funkcjonują mieszkania treningowe oraz wspomagane.",2024,9,,9
powiat tarnowski,POMOC SPOŁECZNA I O,"Noclegownie, schroniska i domy dla osób bezdomnych","Liczba noclegowni, schronisk i domów dla osób bezdomnych działających na danym terenie.",2024,0,,0
powiat tarnowski,POMOC SPOŁECZNA I O,Ośrodki interwencji kryzysowej,Liczba ośrodków interwencji kryzysowej działających na danym terenie. Stan na 31 XII.,2024,1,,1
powiat tarnowski,POMOC SPOŁECZNA I O,Placówki opiekuńczo-wychowawcze,Liczba placówek opiekuńczo-wychowawczych działających na danym terenie (bez podziału na typy). Stan na 31 XII.,2024,2,,2
powiat tarnowski,POMOC SPOŁECZNA I O,Placówki wsparcia dziennego,Liczba placówek wsparcia dziennego działających na danym terenie. Stan na 31 XII.,2024,18,,18
powiat tarnowski,POMOC SPOŁECZNA I O,"Placówki zapewniające całodobową opiekę osobom niepełnosprawnym, przewlekle chorym lub osobom w podeszłym wieku","Liczba placówek zapewniających całodobową opiekę osobom niepełnosprawnym, przewlekle chorym lub osobom w podeszłym wieku działających na danym terenie (w oparciu zarówno o działalność gospodarczą, jak i o działalność statutową). Stan na 31 XII.",2024,8,,8
powiat tarnowski,POMOC SPOŁECZNA I O,Środowiskowe domy samopomocy,Liczba środowiskowych domów samopomocy działających na danym terenie. Stan na 31 XII.,2024,7,,7
powiat tarnowski,POMOC SPOŁECZNA I O,Zakłady aktywności zawodowej,Liczba zakładów aktywności zawodowej działających na danym terenie.,2024,2,,2
powiat tarnowski,PIECZA ZASTĘPCZA,Stopień deinstytucjonalizacji pieczy zastępczej,"Stosunek liczby dzieci w rodzinnej pieczy zastępczej (dzieci przebywające w rodzinach zastępczych, rodzinnych domach dziecka i w placówkach opiekuńczo-wychowawczych typu rodzinnego) do liczby wszystkich dzieci w pieczy zastępczej. Do wskaźnika nie wliczono dzieci umieszczonych w rodzinach zastępczych spokrewnionych (definicja zaczerpnięta z raportu ""Postępy deinstytucjonalizacji pieczy zastępczej""; Warszawa 2018 r.). Dane zbierane przez MRiPS regularnie (co pół roku) w sprawozdaniach resortowych.",2024,76.58,%,76.58%
powiat tarnowski,PIECZA ZASTĘPCZA,Intensywność pieczy zastępczej,"Liczba dzieci poniżej 18. roku życia przebywających w pieczy zastępczej w stosunku do liczby wszystkich dzieci w wieku poniżej 18 roku życia na danym terenie w przeliczeniu na 1000 dzieci (definicja zaczerpnięta z raportu ""Postępy deinstytucjonalizacji pieczy zastępczej""; Warszawa 2018 r.). Dane zbierane przez MRiPS regularnie (co pół roku) w sprawozdaniach resortowych.",2024,3.88,,3.88
powiat tarnowski,PIECZA ZASTĘPCZA,Liczba rodzin zastępczych,"Liczba rodzin zastępczych funkcjonujących na danym obszarze. Rodzina zastępcza jest jedną z form rodzinnej pieczy zastępczej, sprawowanej w przypadku niemożności zapewnienia dziecku opieki i wychowania przez rodziców.",2024,99,,99
powiat tarnowski,PIECZA ZASTĘPCZA,Liczba dzieci w rodzinach zastępczych,"Liczba dzieci wychowujących się w rodzinach zastępczych na danym obszarze. Rodzina zastępcza jest jedną z form rodzinnej pieczy zastępczej, sprawowanej w przypadku niemożności zapewnienia dziecku opieki i wychowania przez rodziców. Do roku 2011 dane pochodzą ze sprawozdania MPiPS-03; od roku 2012 dane pochodzą ze sprawozdania Ocena Zasobów Pomocy Społecznej.",2024,154,,154
powiat tarnowski,ZDROWIE,Dostępność aptek,"Wskaźnik dostępności do aptek - liczba osób przypadająca na jedną aptekę ogólnodostępną. Apteka, zgodnie z Ustawą ""Prawo farmaceutyczne"" z dnia 6 września 2001 r. to placówka ochrony zdrowia publicznego, w której osoby uprawnione świadczą w szczególności usługi farmaceutyczne obejmujące zadania określone w ustawie.",2024,4693,,4693
powiat tarnowski,ZDROWIE,Zgony z powodu chorób nowotworowych,Wskaźnik umieralności z powodu choroby nowotworowej - udział zgonów z powodu choroby nowotworowej w liczbie zgonów ogółem. Dane do wskaźnika pochodzą z kart statystycznych do kart zgonów.,2024,25.90,%,25.90%
powiat tarnowski,ZDROWIE,Zgony z powodu chorób układu krążenia,Wskaźnik umieralności z powodu chorób układu krążenia - udział zgonów z powodu chorób układu krążenia w liczbie zgonów ogółem. Dane do wskaźnika pochodzą z kart statystycznych do kart zgonów.,2024,41.20,%,41.20%
powiat tarnowski,"WYNAGRODZENIA, EMERY",Przeciętne wynagrodzenie w relacji do śr. krajowej,Wskaźnik wysokości wynagrodzeń - przeciętne miesięczne wynagrodzenia brutto w gospodarce narodowej w relacji do średniej krajowej (Polska=100%). Wskaźnik pokazuje jaki procent średniej krajowej jest osiągany na danym terenie.,2024,77.50,,77.50
powiat tarnowski,KULTURA,Wskaźnik dostępności kin,"Wskaźnik dostępności kin - liczba osób przypadających na jedno miejsce na widowni kina. Przez ""miejsce na widowni"" rozumie się każde numerowane miejsce (zarejestrowane) wykorzystywane przez instytucję kultury do stałych prezentacji scenicznych (w stałej sali eksploatowanej przez instytucję artystyczną lub w kinie stałym do prezentacji filmów).",2024,616,,616
powiat tarnowski,KULTURA,Wskaźnik dostępności domów i ośrodków kultury,"Wskaźnik dostępności domów i ośrodków kultury oraz klubów, świetlic i kół - liczba osób przypadająca na jedną placówkę kultury.",2024,1877,,1877
powiat tarnowski,KULTURA,Wskaźnik dostępności muzeów,"Wskaźnik dostępności do muzeów - liczba ludności przypadająca na jedną placówkę muzealną. Dane wskaźnikowe bazują na sprawozdaniach z działalności muzeów i instytucji paramuzealnych. Przez placówkę muzealną (za ustawą z dnia 21 listopada 1996 r. o muzeach) rozumiemy jednostkę organizacyjną, nienastawioną na osiąganie zysku, której celem jest sprawowanie opieki nad zabytkami, informowanie o wartościach i treściach gromadzonych zbiorów, upowszechnianie podstawowych wartości historii, nauki i kultury polskiej oraz światowej, kształtowanie wrażliwości poznawczej i estetycznej oraz umożliwianie kontaktu ze zbiorami.",2024,98560,,98560
powiat tarnowski,KULTURA,Wskaźnik dostępności bibliotek,"Wskaźnik dostępności bibliotek - liczba ludności przydająca na jedną placówkę biblioteczną. W celu wyliczenia wskaźnika zliczono biblioteki, filie i punkty biblioteczne na danym ternie. Dane bazują na sprawozdaniach bibliotek ogólnych. Zgodnie z definicją przyjętą przez GUS przez placówkę biblioteczną rozumie się jednostkę organizacyjną lub jej część posiadającą uporządkowany (zinwentaryzowany) zbiór książek, czasopism i innych materiałów piśmienniczych liczący co najmniej 300 jednostek inwentarzowych, której głównymi celami są tworzenie i obsługa zbiorów oraz udostępnianie ich użytkownikom w sposób kontrolowany.",2024,3179,,3179
powiat tarnowski,KULTURA,Wskaźnik czytelnictwa,Wskaźnik czytelnictwa - ilość wypożyczeń z księgozbioru przez jednego czytelnika w ciągu roku. Przez księgozbiór rozumie się zbiór obejmujący wydawnictwa nieperiodyczne (książki i broszury) i wydawnictwa periodyczne (gazety i czasopisma).,2024,21,,21
powiat tarnowski,EDUKACJA,Edukacja przedszkolna,"Wskaźnik edukacji na poziomie przedszkolnym - odsetek dzieci w wieku od 3 do 5 lat uczęszczających do placówek wychowania przedszkolnego. Wskaźnik zbudowano na podstawie sprawozdań przedszkoli i innych form edukacji przedszkolnej. Uwzględniono ośrodki wychowania przedszkolnego prowadzone przez ograny samorządu terytorialnego, jednostki samorządu powiatowego oraz gminnego.",2024,85.50,,85.50
powiat tarnowski,EDUKACJA,Zdawalność egzaminu maturalnego w technikach,"Wskaźnik zdawalności matur w technikach - procent uczniów klas IV techników, którzy zdali egzamin maturalny.",2024,71.00,,71.00
powiat tarnowski,EDUKACJA,Zdawalność egzaminu maturalnego w liceach ogólnokształcących,"Wskaźnik zdawalności matur w liceach -procent uczniów klas III liceów ogólnokształcących, którzy zdali egzamin maturalny.",2024,94.00,,94.00
powiat tarnowski,EDUKACJA,Wyniki egzaminu ósmoklasisty – język polski,"Wyrażony w % średni wynik uczniów uzyskiwany na egzaminie ósmoklasisty w części z języka polskiego (wskaźnik aktualizowany od 2019 roku, w którym uczniowie szkół podstawowych po raz pierwszy przystąpili do egzaminu ósmoklasisty)",2024,62.23,,62.23
powiat tarnowski,EDUKACJA,Wyniki egzaminu ósmoklasisty – język angielski podstawowy,"Wyrażony w % średni wynik uczniów uzyskiwany na egzaminie ósmoklasisty w części podstawowej z języka angielskiego (wskaźnik aktualizowany od 2019 roku, w którym uczniowie szkół podstawowych po raz pierwszy przystąpili do egzaminu ósmoklasisty)",2024,62.79,,62.79
powiat tarnowski,EDUKACJA,Wyniki egzaminu ósmoklasisty – matematyka,"Wyrażony w % średni wynik uczniów uzyskiwany na egzaminie ósmoklasisty w części z matematyki (wskaźnik aktualizowany od 2019 roku, w którym uczniowie szkół podstawowych po raz pierwszy przystąpili do egzaminu ósmoklasisty)",2024,53.61,,53.61
powiat tarnowski,EDUKACJA,Wybory edukacyjne ósmoklasistów – technikum,"Wyrażony w % udział absolwentów szkół podstawowych, którzy wybrali technikum jako miejsce dalszego kształcenia. Wskaźnik obliczony na podstawie liczby uczniów w klasie pierwszej technikum. (wskaźnik aktualizowany od 2020 roku po ostatecznym wygaszeniu szkół gimnazjalnych)",2024,32.58,,32.58
powiat tarnowski,EDUKACJA,Wybory edukacyjne ósmoklasistów – liceum ogólnokształcące,"Wyrażony w % udział absolwentów szkół podstawowych, którzy wybrali liceum ogólnokształcące jako miejsce dalszego kształcenia. Wskaźnik obliczony na podstawie liczby uczniów w klasie pierwszej liceów ogólnokształcących. (wskaźnik aktualizowany od 2020 roku po ostatecznym wygaszeniu szkół gimnazjalnych)",2024,34.46,,34.46
powiat tarnowski,EDUKACJA,Wybory edukacyjne ósmoklasistów – szkoła branżowa I stopnia,"Wyrażony w % udział absolwentów szkół podstawowych, którzy wybrali szkołę branżową I stopnia jako miejsce dalszego kształcenia. Wskaźnik obliczony na podstawie liczby uczniów w klasie pierwszej szkół branżowych I stopnia. (wskaźnik aktualizowany od 2020 roku po ostatecznym wygaszeniu szkół gimnazjalnych)",2024,32.96,,32.96
powiat tarnowski,RYNEK PRACY,Stopa bezrobocia,"Stopa bezrobocia - procentowy udział liczby bezrobotnych w liczbie ludności aktywnej zawodowo (tzn. pracującej i bezrobotnej). Przez bezrobotnych ( za Ustawą z dnia 20 kwietnia 2004 r. o promocji zatrudnienia i instytucjach rynku pracy) rozumiemy osoby niezatrudnione i nie wykonujące innej pracy zarobkowej, zdolne i gotowe do podjęcia zatrudnienia w pełnym wymiarze czasu pracy (bądź jeśli są to osoby niepełnosprawne - zdolne i gotowe do podjęcia zatrudnienia co najmniej w połowie tego wymiaru czasu pracy), nieuczące się w szkole z wyjątkiem szkół dla dorosłych lub szkół wyższych w systemie wieczorowym albo zaocznym, zarejestrowane we właściwym dla miejsca zameldowania (stałego lub czasowego) powiatowym urzędzie pracy oraz poszukujące zatrudnienia lub innej pracy zarobkowej, jeżeli spełniają określone w Ustawie warunki.",2024,6.70,,6.70
powiat tarnowski,RYNEK PRACY,Bezrobocie kobiet,"Bezrobocie kobiet - Wyrażony w % udział bezrobotnych kobiet w liczbie bezrobotnych ogółem. Do kategorii osób bezrobotnych wlicza się wyłącznie osoby zarejestrowane w powiatowych urzędach pracy. Przez bezrobotnych ( za Ustawą z dnia 20 kwietnia 2004 r. o promocji zatrudnienia i instytucjach rynku pracy) rozumiemy osoby niezatrudnione i nie wykonujące innej pracy zarobkowej, zdolne i gotowe do podjęcia zatrudnienia w pełnym wymiarze czasu pracy (bądź jeśli są to osoby niepełnosprawne - zdolne i gotowe do podjęcia zatrudnienia co najmniej w połowie tego wymiaru czasu pracy), nieuczące się w szkole z wyjątkiem szkół dla dorosłych lub szkół wyższych w systemie wieczorowym albo zaocznym, zarejestrowane we właściwym dla miejsca zameldowania (stałego lub czasowego) powiatowym urzędzie pracy oraz poszukujące zatrudnienia lub innej pracy zarobkowej, jeżeli spełniają określone w Ustawie warunki.",2024,57.89,,57.89
powiat tarnowski,RYNEK PRACY,Bezrobocie rodzinne,"Odsetek osób bezrobotnych zamieszkujących gospodarstwo domowe, w którym dwie lub więcej osób pozostaje na bezrobociu. Dane dla powiatu tarnowskiego i Tarnowa przedstawione zostały łącznie. Dane obrazują stan na 31 XII danego roku.",2024,12.84,%,12.84%
powiat tarnowski,RYNEK PRACY,Bezrobotni dłużej niż 1 rok,"Wyrażony w % udział bezrobotnych dłużej niż 1 rok w liczbie bezrobotnych ogółem. Do kategorii osób bezrobotnych wlicza się wyłącznie osoby zarejestrowane w powiatowych urzędach pracy. Przez bezrobotnych ( za Ustawą z dnia 20 kwietnia 2004 r. o promocji zatrudnienia i instytucjach rynku pracy) rozumiemy osoby niezatrudnione i nie wykonujące innej pracy zarobkowej, zdolne i gotowe do podjęcia zatrudnienia w pełnym wymiarze czasu pracy (bądź jeśli są to osoby niepełnosprawne - zdolne i gotowe do podjęcia zatrudnienia co najmniej w połowie tego wymiaru czasu pracy), nieuczące się w szkole z wyjątkiem szkół dla dorosłych lub szkół wyższych w systemie wieczorowym albo zaocznym, zarejestrowane we właściwym dla miejsca zameldowania (stałego lub czasowego) powiatowym urzędzie pracy oraz poszukujące zatrudnienia lub innej pracy zarobkowej, jeżeli spełniają określone w Ustawie warunki.",2024,39.50,,39.50
powiat tarnowski,RYNEK PRACY,Bezrobotni z wykształceniem gimnazjalnym i niższym,"Wyrażony w % udział bezrobotnych z wykształceniem gimnazjalnym i niższym w liczbie bezrobotnych ogółem. Do kategorii osób bezrobotnych wlicza się wyłącznie osoby zarejestrowane w powiatowych urzędach pracy. Przez bezrobotnych ( za Ustawą z dnia 20 kwietnia 2004 r. o promocji zatrudnienia i instytucjach rynku pracy) rozumiemy osoby niezatrudnione i nie wykonujące innej pracy zarobkowej, zdolne i gotowe do podjęcia zatrudnienia w pełnym wymiarze czasu pracy (bądź jeśli są to osoby niepełnosprawne - zdolne i gotowe do podjęcia zatrudnienia co najmniej w połowie tego wymiaru czasu pracy), nieuczące się w szkole z wyjątkiem szkół dla dorosłych lub szkół wyższych w systemie wieczorowym albo zaocznym, zarejestrowane we właściwym dla miejsca zameldowania (stałego lub czasowego) powiatowym urzędzie pracy oraz poszukujące zatrudnienia lub innej pracy zarobkowej, jeżeli spełniają określone w Ustawie warunki.",2024,17.39,,17.39
powiat tarnowski,RYNEK PRACY,Bezrobotni w wieku poniżej 25 lat,"Wyrażony w % udział bezrobotnych poniżej 25. roku życia w liczbie bezrobotnych ogółem. Do kategorii osób bezrobotnych wlicza się wyłącznie osoby zarejestrowane w powiatowych urzędach pracy. Przez bezrobotnych ( za Ustawą z dnia 20 kwietnia 2004 r. o promocji zatrudnienia i instytucjach rynku pracy) rozumiemy osoby niezatrudnione i nie wykonujące innej pracy zarobkowej, zdolne i gotowe do podjęcia zatrudnienia w pełnym wymiarze czasu pracy (bądź jeśli są to osoby niepełnosprawne - zdolne i gotowe do podjęcia zatrudnienia co najmniej w połowie tego wymiaru czasu pracy), nieuczące się w szkole z wyjątkiem szkół dla dorosłych lub szkół wyższych w systemie wieczorowym albo zaocznym, zarejestrowane we właściwym dla miejsca zameldowania (stałego lub czasowego) powiatowym urzędzie pracy oraz poszukujące zatrudnienia lub innej pracy zarobkowej, jeżeli spełniają określone w Ustawie warunki.",2024,19.10,,19.10
powiat tarnowski,RYNEK PRACY,Bezrobotni w wieku 25-34 lata,"Wyrażony w % udział bezrobotnych w wieku 25-34 lata w liczbie bezrobotnych ogółem. Do kategorii osób bezrobotnych wlicza się wyłącznie osoby zarejestrowane w powiatowych urzędach pracy. Przez bezrobotnych ( za Ustawą z dnia 20 kwietnia 2004 r. o promocji zatrudnienia i instytucjach rynku pracy) rozumiemy osoby niezatrudnione i nie wykonujące innej pracy zarobkowej, zdolne i gotowe do podjęcia zatrudnienia w pełnym wymiarze czasu pracy (bądź jeśli są to osoby niepełnosprawne - zdolne i gotowe do podjęcia zatrudnienia co najmniej w połowie tego wymiaru czasu pracy), nieuczące się w szkole z wyjątkiem szkół dla dorosłych lub szkół wyższych w systemie wieczorowym albo zaocznym, zarejestrowane we właściwym dla miejsca zameldowania (stałego lub czasowego) powiatowym urzędzie pracy oraz poszukujące zatrudnienia lub innej pracy zarobkowej, jeżeli spełniają określone w Ustawie warunki.",2024,25.50,,25.50
powiat tarnowski,RYNEK PRACY,Bezrobotni w wieku 55 lat i więcej,"Wyrażony w % udział bezrobotnych powyżej 55. roku życia w liczbie bezrobotnych ogółem. Do kategorii osób bezrobotnych wlicza się wyłącznie osoby zarejestrowane w powiatowych urzędach pracy. Przez bezrobotnych ( za Ustawą z dnia 20 kwietnia 2004 r. o promocji zatrudnienia i instytucjach rynku pracy) rozumiemy osoby niezatrudnione i nie wykonujące innej pracy zarobkowej, zdolne i gotowe do podjęcia zatrudnienia w pełnym wymiarze czasu pracy (bądź jeśli są to osoby niepełnosprawne - zdolne i gotowe do podjęcia zatrudnienia co najmniej w połowie tego wymiaru czasu pracy), nieuczące się w szkole z wyjątkiem szkół dla dorosłych lub szkół wyższych w systemie wieczorowym albo zaocznym, zarejestrowane we właściwym dla miejsca zameldowania (stałego lub czasowego) powiatowym urzędzie pracy oraz poszukujące zatrudnienia lub innej pracy zarobkowej, jeżeli spełniają określone w Ustawie warunki.",2024,15.43,,15.43
powiat tarnowski,RYNEK PRACY,Prowadzący działalność gospodarczą,Osoby fizyczne prowadzące działalność gospodarczą na 100 osób w wieku produkcyjnym. Dane bez osób prowadzących gospodarstwa indywidualne w rolnictwie.,2024,12.51,,12.51
powiat tarnowski,RYNEK PRACY,Zatrudnienie w branży finansowej i nieruchomościach,"Wyrażony w % udział pracujących w branży finansowej i nieruchomościach w stosunku do ogółu pracujących. Dane do 2021 roku bez podmiotów gospodarczych o liczbie pracujących do 9 osób. Podział branż jest zgodny z PKD 2007. Dotyczy sekcji: ""Działalność finansowa i ubezpieczeniowa; obsługa rynku nieruchomości"". W związku z wprowadzonymi zmianami metodologicznymi w pozyskiwaniu danych dotyczących: pracujących, zatrudnionych oraz przeciętnego zatrudnienia według PKD, dane od 2022 roku nie mogą być porównywane z danymi dla lat poprzednich.",2024,0.63,,0.63
powiat tarnowski,RYNEK PRACY,Zatrudnienie w rolnictwie,"Wyrażony w % udział pracujących w rolnictwie w stosunku do ogółu pracujących. Dane łącznie z rolnictwem indywidualnym. Dane dotyczące pracujących w gospodarstwach indywidualnych w rolnictwie według stanu w dniu 31 XII w latach 2002-2009 wyszacowano na podstawie wyników Narodowego Spisu Powszechnego Ludności i Mieszkań oraz Powszechnego Spisu Rolnego 2002 oraz w 2010 r. na podstawie Powszechnego Spisu Rolnego 2010. Podział branż jest zgodny z PKD 2007. Dotyczy sekcji: ""Rolnictwo, leśnictwo, łowiectwo i rybactwo"". W związku z wprowadzonymi zmianami metodologicznymi w pozyskiwaniu danych dotyczących: pracujących, zatrudnionych oraz przeciętnego zatrudnienia według PKD, dane od 2022 roku nie mogą być porównywane z danymi dla lat poprzednich.",2024,31.65,,31.65
powiat tarnowski,RYNEK PRACY,Zatrudnienie w przemyśle i budownictwie,"Wyrażony w % udział pracujących w przemyśle i budownictwie w stosunku do ogółu pracujących. Dane do 2021 roku bez podmiotów gospodarczych o liczbie pracujących do 9 osób. Podział branż jest zgodny z PKD 2007. Pod pojęciem ""Przemysł i budownictwo"" rozumie się sekcje: ""Górnictwo i wydobywanie""; ""Przetwórstwo przemysłowe""; ""Wytwarzanie i zaopatrywanie w energię elektryczną, gaz, parę wodną i gorącą wodę""; ""Dostawa wody; gospodarowanie ściekami i odpadami; rekultywacja"" oraz ""Budownictwo"". W związku z wprowadzonymi zmianami metodologicznymi w pozyskiwaniu danych dotyczących: pracujących, zatrudnionych oraz przeciętnego zatrudnienia według PKD, dane od 2022 roku nie mogą być porównywane z danymi dla lat poprzednich.",2024,30.43,,30.43
powiat tarnowski,RYNEK PRACY,"Zatrudnienie w handlu, transporcie, turystyce, informacji i komunikacji","Wyrażony w % udział pracujących w handlu, transporcie, turystyce, informacji i komunikacji w stosunku do ogółu pracujących. Dane do 2021 roku bez podmiotów gospodarczych o liczbie pracujących do 9 osób. Podział branż jest zgodny z PKD 2007. Dotyczy sekcji: ""Handel""; ""Naprawa pojazdów samochodowych""; ""Transport i gospodarka magazynowa""; ""Zakwaterowanie i gastronomia"" oraz ""Informacja i komunikacja"". W związku z wprowadzonymi zmianami metodologicznymi w pozyskiwaniu danych dotyczących: pracujących, zatrudnionych oraz przeciętnego zatrudnienia według PKD, dane od 2022 roku nie mogą być porównywane z danymi dla lat poprzednich.",2024,17.16,,17.16
powiat tarnowski,RYNEK PRACY,Zatrudnienie w pozostałych usługach,"Wyrażony w % udział pracujących w pozostałych usługach w stosunku do ogółu pracujących. Dane do 2021 roku bez podmiotów gospodarczych o liczbie pracujących do 9 osób. Podział branż jest zgodny z PKD 2007. Pod pojęciem ""Pozostałe usługi"" rozumie się sekcje: ""Działalność profesjonalna, naukowa i techniczna""; ""Administrowanie i działalność wspierająca""; ""Administracja publiczna i obrona narodowa, obowiązkowe zabezpieczenia społeczne""; ""Edukacja""; ""Opieka zdrowotna i pomoc społeczna""; ""Działalność związana z kulturą rozrywką i rekreacją"" oraz ""Pozostała działalność usługowa"". W związku z wprowadzonymi zmianami metodologicznymi w pozyskiwaniu danych dotyczących: pracujących, zatrudnionych oraz przeciętnego zatrudnienia według PKD, dane od 2022 roku nie mogą być porównywane z danymi dla lat poprzednich.",2024,20.13,,20.13
powiat tarnowski,MOBILNOŚĆ,Saldo migracji stałych,"Wskaźnik migracji stałych - różnica między napływem a odpływem ludności z danego obszaru w danym czasie. Saldo migracji stałych uwzględnia zarazem dane ze stałych migracji zewnętrznych jak i wewnętrznych. Migracje stałe to takie, które wiążą się ze zmianą miejsca zamieszkania na pobyt stały. W świetle prawa polskiego, tego typu migracje związane są z dokonaniem w biurze ewidencji ludności zameldowania lub wymeldowania. W 2015 roku GUS zrezygnował z opublikowania danych dotyczących migracji zagranicznych z powodu braku ich kompletności. Dlatego niemożliwe było określenie poziomu migracji stałych za rok 2015.",2024,137.00,,137.00
powiat tarnowski,MOBILNOŚĆ,Saldo migracji zagranicznych,Wskaźnik migracji zagranicznych - różnica między odpływem zagranicę a napływem do kraju ludności w danym czasie.,2024,-3.00,,-3.00
powiat tarnowski,BUDŻETY GMIN,Wydatki budżetów gmin ogółem,"Wskaźnik wydatków gmin - wydatki budżetów gmin i miast na prawach powiatów w przeliczeniu na jednego mieszkańca. Dane stanowią sumę wydatków na rolnictwo, transport, gospodarkę komunalną, gosp. mieszkaniową, oświatę i wychowanie, kulturę i sztukę, ochronę zdrowia, kulturę fizyczną i sport, a także wydatki na administrację samorządową. Wydatki te są sklasyfikowane w rozporządzeniu Ministra Finansów z dnia 14 czerwca 2006 r. w sprawie szczegółowej klasyfikacji dochodów, wydatków, przychodów i rozchodów oraz środków pochodzących ze źródeł zagranicznych (Dz. U. 2006 r. Nr 107, poz.726, z późn. zm.). Wartości podawane są w złotówkach.",2024,7070.61,,7070.61
powiat tarnowski,BUDŻETY GMIN,Wydatki budżetów gmin - oświata i wychowanie,"Wskaźnik wydatków gmin na oświatę i wychowanie - wydatki budżetów gmin i miast na prawach powiatów na oświatę i wychowanie w przeliczeniu na jednego mieszkańca. Dane stanowią sumę wydatków sklasyfikowanych w dziale 801 rozporządzenia Ministra Finansów z dnia 14 czerwca 2006 r. w sprawie szczegółowej klasyfikacji dochodów, wydatków, przychodów i rozchodów oraz środków pochodzących ze źródeł zagranicznych (Dz. U. 2006 r. Nr 107, poz.726, z późn. zm.). Wartości podawane są w złotówkach.",2024,2833.85,,2833.85
powiat tarnowski,BUDŻETY GMIN,Wydatki budżetów gmin - kultura,"Wskaźnik wydatków gmin na kulturę i ochronę dziedzictwa narodowego - wydatki budżetów gmin i miast na prawach powiatów na kulturę i ochronę dziedzictwa narodowego w przeliczeniu na jednego mieszkańca. Dane stanowią sumę wydatków sklasyfikowanych w dziale 921 rozporządzenia Ministra Finansów z dnia 14 czerwca 2006 r. w sprawie szczegółowej klasyfikacji dochodów, wydatków, przychodów i rozchodów oraz środków pochodzących ze źródeł zagranicznych (Dz. U. 2006 r. Nr 107, poz.726, z późn. zm.). Wartości podawane są w złotówkach.",2024,241.39,,241.39
powiat tarnowski,BUDŻETY GMIN,Wydatki budżetów gmin - pomoc społeczna,"Wskaźnik wydatków gmin na pomoc społeczną - wydatki budżetów gmin i miast na prawach powiatów na pomoc społeczną i pozostałe zadania w zakresie polityki społecznej w przeliczeniu na jednego mieszkańca. Dane stanowią sumę wydatków sklasyfikowanych w działach 852 i 853 rozporządzenia Ministra Finansów z dnia 14 czerwca 2006 r. w sprawie szczegółowej klasyfikacji dochodów, wydatków, przychodów i rozchodów oraz środków pochodzących ze źródeł zagranicznych (Dz. U. 2006 r. Nr 107, poz.726, z późn. zm.). Dane podawane są w złotówkach.",2024,395.46,,395.46
powiat tatrzański,LUDNOŚĆ,Ludność ogółem,Liczba ludności zamieszkałej na danym terenie (dane zgodnie z faktycznym miejscem zamieszkania wg podziału administracyjnego na dzień 31 XII).,2024,66346,,66346
powiat tatrzański,LUDNOŚĆ,Ludność w wieku przedprodukcyjnym,Udział ludności w wieku przedprodukcyjnym w liczbie ludności ogółem. Przez ludność w wieku przedprodukcyjnym rozumie się ludność w wieku do 17 roku życia.,2024,18.91,%,18.91%
powiat tatrzański,LUDNOŚĆ,Ludność w wieku produkcyjnym,"Udział ludności w wieku produkcyjnym w liczbie ludności ogółem. Przez ludność w wieku produkcyjnym rozumie się ludność w wieku zdolności do pracy. Dla mężczyzn przyjęto wiek 18-64 lata, dla kobiet 18-59 lat.",2024,58.39,%,58.39%
powiat tatrzański,LUDNOŚĆ,Ludność w wieku poprodukcyjnym,Udział ludności w wieku emerytalnym w liczbie ludności ogółem. Przez ludność w wieku poprodukcyjnym rozumie się ludność w wieku od 64 lat - dla mężczyzn i od 59 lat - dla kobiet.,2024,22.71,%,22.71%
powiat tatrzański,LUDNOŚĆ,Ludność w wieku 60+,Udział ludności w wieku 60 i więcej lat w liczbie ludności ogółem.,2024,25.62,%,25.62%
powiat tatrzański,LUDNOŚĆ,Wskaźnik podwójnego starzenia,Udział osób w wieku 80 i więcej lat w grupie osób wieku 60 i więcej lat.,2024,18.02,%,18.02%
powiat tatrzański,LUDNOŚĆ,Wskaźnik wsparcia osób najstarszych,Liczba osób w wieku 85 lat i więcej przypadająca na 100 osób w wieku 50–64 lata,2024,13,,13
powiat tatrzański,LUDNOŚĆ,Potencjał pielęgnacyjny,Liczba kobiet w wieku 45-64 lata (potencjalnych opiekunów rodzinnych) przypadających na 100 osób w wieku 80 i więcej lat,2024,293,,293
powiat tatrzański,LUDNOŚĆ,Wskaźnik obciążenia demograficznego,Wskaźnik obciążenia demograficznego - ludność w wieku nieprodukcyjnym przypadająca na 100 osób w wieku produkcyjnym. Przez ludność w wieku produkcyjnym rozumie się osoby w wieku zdolności do pracy tj. mężczyźni w wieku 18 - 64 lat oraz kobiety w wieku 18 - 59.,2024,71.30,,71.30
powiat tatrzański,LUDNOŚĆ,Przyrost naturalny na 1 000 ludności,Różnica między liczbą urodzeń żywych a liczbą zgonów w danym roku (bez rozróżnienia na płeć).,2024,-1.10,,-1.10
powiat tatrzański,LUDNOŚĆ,Wskaźnik feminizacji,Wskaźnik feminizacji - wielkość demograficzna określająca ile kobiet przypada na 100 mężczyzn na danym terenie.,2024,107.49,,107.49
powiat tatrzański,LUDNOŚĆ,Wskaźnik maskulinizacji,Wskaźnik maskulinizacji - wielkość demograficzna określająca ilu mężczyzn przypada na 100 kobiet na danym terenie.,2024,93.03,,93.03
powiat tatrzański,LUDNOŚĆ,Wskaźnik gęstości zaludnienia,Wskaźnik gęstości zaludnienia - liczba mieszkańców przypadająca na 1 km².,2024,140.70,,140.70
powiat tatrzański,LUDNOŚĆ,Wskaźnik urbanizacji,"Wskaźnik urbanizacji - udział mieszkańców miast w liczbie mieszkańców ogółem. Do wyliczenia wskaźnika posłużono się danymi na temat ludności faktycznie zamieszkałej na dzień 31 XII każdego roku. Ludnośc faktycznie zamieszkała obejmuje: a) stałych mieszkańców, z wyjatkiem osób przebywających poza miejscem zamieszkania przez okres powyżej 3 miesięcy w kraju oraz obejmuje wszystkie osoby przebywajace za granicą (bez względu na okres ich nieobecności) b) osoby przebywające czasowo przez okres powyżej 3 miesięcy, przybyłe z innego miejsca w kraju. Dane za lata 2010 - 2021 bazują na wynikach Narodowego Spisu Powszechnego Ludności i Mieszkań 2011.",2024,37.77,%,37.77%
powiat tatrzański,LUDNOŚĆ,Małżeństwa na 1000 mieszkańców,Liczba zawartych małżeństw w przeliczeniu na 1000 mieszkańców.,2024,4.10,,4.10
powiat tatrzański,LUDNOŚĆ,Urodzenia na 1000 mieszkańców,Liczba urodzeń żywych w przeliczeniu na 1000 mieszkańców.,2024,7.64,,7.64
powiat tatrzański,LUDNOŚĆ,Zgony na 1000 mieszkańców,Liczba zgonów w przeliczeniu na 1000 mieszkańców.,2024,8.74,,8.74
powiat tatrzański,LUDNOŚĆ,Wskaźnik/ indeks starości,"Relacja pokoleniowa dziadków i wnuczków, tj. liczba osób w wieku 65 i więcej lat przypadająca na 100 osób w wieku 0-14 lat",2024,124,,124
powiat tatrzański,LUDNOŚĆ,Ludność w wieku 65+/ Współczynnik starości demograficznej,Relacja liczby osób w starszym wieku (65 lat i więcej) do ogólnej liczby ludności.,2024,19.39,%,19.39%
powiat tatrzański,LUDNOŚĆ,Wskaźnik potencjalnego wsparcia,Liczba osób w wieku 15-64 lata przypadająca na 100 osób w wieku 65 lat i więcej. Przedstawia tzw. obciążenie - ile osób hipotetycznie pozostających na rynku pracy przypada na 1 osobę (100 osób) będącą już poza rykiem pracy (odwrotność cząstkowego współczynnika obciążenia demograficznego osobami starszymi).,2024,335,,335
powiat tatrzański,POMOC SPOŁECZNA - K,Liczba mieszkańców na 1 pracownika socjalnego,Liczba mieszkańców przypadająca na jednego pracownika socjalnego zatrudnionego w ośrodku pomocy społecznej.,2024,2140,,2140
powiat tatrzański,POMOC SPOŁECZNA - K,Pracownicy socjalni OPS posiadający wyższe wykształcenie,Udział pracowników socjalnych posiadających wyższe wykształcenie w ogólnej licznie pracowników socjalnych.,2024,81.25,%,81.25%
powiat tatrzański,POMOC SPOŁECZNA - K,Pracownicy socjalni OPS posiadający I stopień specjalizacji w zawodzie pracownik socjalny,Udział pracowników socjalnych OPS posiadających I stopień specjalizacji w zawodzie pracownik socjalny w ogólnej liczbie pracowników socjalnych.,2024,18.75,%,18.75%
powiat tatrzański,POMOC SPOŁECZNA - K,Pracownicy socjalni OPS posiadający II stopień specjalizacji w zawodzie pracownik socjalny,Udział pracowników socjalnych posiadających II stopień specjalizacji w zawodzie pracownik socjalny w ogólnej liczbie pracowników socjalnych.,2024,6.25,%,6.25%
powiat tatrzański,POMOC SPOŁECZNA - P,Alkoholizm,Odsetek klientów pomocy społecznej korzystających ze wsparcia z powodu alkoholizmu (na podstawie danych o rzeczywistej liczbie osób w rodzinach objętych pomocą społeczną).,2024,6.26,%,6.26%
powiat tatrzański,POMOC SPOŁECZNA - P,Bezdomność,Odsetek klientów pomocy społecznej korzystających ze wsparcia z powodu bezdomności (na podstawie danych o rzeczywistej liczbie osób w rodzinach objętych pomocą społeczną).,2024,1.25,%,1.25%
powiat tatrzański,POMOC SPOŁECZNA - P,Bezradność w sprawach opiekuńczo-wychowawczych i prowadzenia gosp. dom.,Odsetek klientów pomocy społecznej korzystających ze wsparcia z powodu bezradności w sprawach opiekuńczo-wychowawczych i prowadzenia gospodarstwa domowego (na podstawie danych o rzeczywistej liczbie osób w rodzinach objętych pomocą społeczną).,2024,23.15,%,23.15%
powiat tatrzański,POMOC SPOŁECZNA - P,Bezrobocie,Odsetek klientów pomocy społecznej korzystających ze wsparcia z powodu bezrobocia (na podstawie danych o rzeczywistej liczbie osób w rodzinach objętych pomocą społeczną).,2024,23.22,%,23.22%
powiat tatrzański,POMOC SPOŁECZNA - P,Długotrwała lub ciężka choroba,Odsetek klientów pomocy społecznej korzystających ze wsparcia z powodu długotrwałej bądź ciężkiej choroby (na podstawie danych o rzeczywistej liczbie osób w rodzinach objętych pomocą społeczną).,2024,45.12,%,45.12%
powiat tatrzański,POMOC SPOŁECZNA - P,Narkomania,Odsetek klientów pomocy społecznej korzystających ze wsparcia z powodu narkomanii (na podstawie danych o rzeczywistej liczbie osób w rodzinach objętych pomocą społeczną).,2024,0.19,%,0.19%
powiat tatrzański,POMOC SPOŁECZNA - P,Niepełnosprawność,Odsetek klientów pomocy społecznej korzystających ze wsparcia z powodu niepełnosprawności (na podstawie danych o rzeczywistej liczbie osób w rodzinach objętych pomocą społeczną).,2024,41.55,%,41.55%
powiat tatrzański,POMOC SPOŁECZNA - P,Potrzeba ochrony macierzyństwa,Odsetek klientów pomocy społecznej korzystających ze wsparcia z powodu potrzeby ochrony macierzyństwa (na podstawie danych o rzeczywistej liczbie osób w rodzinach objętych pomocą społeczną).,2024,24.84,%,24.84%
powiat tatrzański,POMOC SPOŁECZNA - P,Przemoc domowa,Odsetek klientów pomocy społecznej korzystających ze wsparcia z powodu przemocy domowej (na podstawie danych o rzeczywistej liczbie osób w rodzinach objętych pomocą społeczną).,2024,1.75,%,1.75%
powiat tatrzański,POMOC SPOŁECZNA - P,Sieroctwo,Odsetek klientów pomocy społecznej korzystających ze wsparcia z powodu sieroctwa (na podstawie danych o rzeczywistej liczbie osób w rodzinach objętych pomocą społeczną).,2024,0.31,%,0.31%
powiat tatrzański,POMOC SPOŁECZNA - P,Sytuacja kryzysowa,Odsetek klientów pomocy społecznej korzystających ze wsparcia z powodu sytuacji kryzysowej (na podstawie danych o rzeczywistej liczbie osób w rodzinach objętych pomocą społeczną).,2024,0.19,%,0.19%
powiat tatrzański,POMOC SPOŁECZNA - P,Ubóstwo,Odsetek klientów pomocy społecznej korzystających ze wsparcia z powodu ubóstwa (na podstawie danych o rzeczywistej liczbie osób w rodzinach objętych pomocą społeczną).,2024,44.18,%,44.18%
powiat tatrzański,POMOC SPOŁECZNA - P,Wielodzietność,Odsetek klientów pomocy społecznej korzystających ze wsparcia z powodu wielodzietności (na podstawie danych o rzeczywistej liczbie osób w rodzinach objętych pomocą społeczną).,2024,23.28,%,23.28%
powiat tatrzański,POMOC SPOŁECZNA - P,Zdarzenie losowe,Odsetek klientów pomocy społecznej korzystających ze wsparcia z powodu zdarzenia losowego (na podstawie danych o rzeczywistej liczbie osób w rodzinach objętych pomocą społeczną).,2024,1.56,%,1.56%
powiat tatrzański,POMOC SPOŁECZNA - B,Beneficjenci pomocy społecznej,"Udział osób korzystających z pomocy społecznej w liczbie ludności ogółem - na podstawie danych o rzeczywistej liczbie osób w rodzinach objętych pomocą społeczną (świadczenia przyznane w ramach zadań zleconych i własnych bez względu na rodzaj, formę, liczbę oraz źródło finansowania).",2024,2.41,%,2.41%
powiat tatrzański,POMOC SPOŁECZNA - B,Rodziny niepełne objęte pomocą społeczną,"Wskaźnik pomocy społecznej udzielonej rodzinom niepełnym - udział rodzin niepełnych objętych pomocą (w której skład wchodzi jedno z rodziców z dzieckiem/ dziećmi) w liczbie wszystkich rodzin z dziećmi, którym udzielono pomocy.",2024,28.25,%,28.25%
powiat tatrzański,POMOC SPOŁECZNA - B,Rodziny wielodzietne objęte pomocą społeczną,"Wskaźnik pomocy społecznej udzielonej rodzinom wielodzietnym - udział rodzin wielodzietnych (3 dzieci i więcej) objętych pomocą w liczbie wszystkich rodzin z dziećmi, którym udzielono pomocy.",2024,43.05,%,43.05%
powiat tatrzański,POMOC SPOŁECZNA - B,Rodziny emerytów i rencistów objęte pomocą społeczną,"Wskaźnik pomocy społecznej udzielonej rodzinom emerytów i rencistów - udział rodzin emerytów i rencistów objętych pomocą w liczbie wszystkich rodzin, którym udzielono pomocy.",2024,25.15,%,25.15%
powiat tatrzański,POMOC SPOŁECZNA - B,Pensjonariusze DPS nieopuszczający łóżek,Odsetek pensjonariuszy Domów Pomocy Społecznej nieopuszczających łóżek. Dane na temat liczby mieszkańców Domów Pomocy Społecznej zebrano wg. stanu na dzień 31 grudnia. W statystykach uwzględniono mieszkańców Domów Pomocy Społecznej i podmiotów niepublicznych w roku sprawozdawczym.,2024,8.89,%,8.89%
powiat tatrzański,POMOC SPOŁECZNA - B,Pensjonariusze DPS do 18 roku życia,Odsetek pensjonariuszy Domów Pomocy Społecznej w wieku do18 roku życia. Dane na temat liczby mieszkańców Domów Pomocy Społecznej zebrano wg. stanu na dzień 31 grudnia. W statystykach uwzględniono mieszkańców Domów Pomocy Społecznej i podmiotów niepublicznych w roku sprawozdawczym.,2024,14.81,%,14.81%
powiat tatrzański,POMOC SPOŁECZNA - B,Pensjonariusze DPS w wieku 19-40 lat,Odsetek pensjonariuszy Domów Pomocy Społecznej wieku 19-40 lat. Dane na temat liczby mieszkańców Domów Pomocy Społecznej zebrano wg. stanu na dzień 31 grudnia. W statystykach uwzględniono mieszkańców Domów Pomocy Społecznej i podmiotów niepublicznych w roku sprawozdawczym.,2024,23.70,%,23.70%
powiat tatrzański,POMOC SPOŁECZNA - B,Pensjonariusze DPS w wieku 41-60 lat,Odsetek pensjonariuszy Domów Pomocy Społecznej wieku 41-60 lat. Dane na temat liczby mieszkańców Domów Pomocy Społecznej zebrano wg. stanu na dzień 31 grudnia. W statystykach uwzględniono mieszkańców Domów Pomocy Społecznej i podmiotów niepublicznych w roku sprawozdawczym.,2024,13.33,%,13.33%
powiat tatrzański,POMOC SPOŁECZNA - B,Pensjonariusze DPS w wieku 61-74 lat,Odsetek pensjonariuszy Domów Pomocy Społecznej wieku 60-74 lat. Dane na temat liczby mieszkańców Domów Pomocy Społecznej zebrano wg. stanu na dzień 31 grudnia. W statystykach uwzględniono mieszkańców Domów Pomocy Społecznej i podmiotów niepublicznych w roku sprawozdawczym.,2024,17.04,%,17.04%
powiat tatrzański,POMOC SPOŁECZNA - B,Pensjonariusze DPS w wieku powyżej 74 lat,Odsetek pensjonariuszy Domów Pomocy Społecznej wieku powyżej 74 lat. Dane na temat liczby mieszkańców Domów Pomocy Społecznej zebrano wg. stanu na dzień 31 grudnia. W statystykach uwzględniono mieszkańców Domów Pomocy Społecznej i podmiotów niepublicznych w roku sprawozdawczym.,2024,31.11,%,31.11%
powiat tatrzański,Sheet6,Świadczenia pieniężne z pomocy społecznej,Odsetek korzystających ze świadczeń pieniężnych w ogólnej liczbie świadczeniobiorców pomocy społecznej (liczba osób w rodzinach),2024,67.83,%,67.83%
powiat tatrzański,Sheet6,Świadczenia niepieniężne z pomocy społecznej,Odsetek korzystających ze świadczeń niepieniężnych w ogólnej liczbie świadczeniobiorców pomocy społecznej (liczba osób w rodzinach),2024,58.20,%,58.20%
powiat tatrzański,Sheet6,Osoby korzystające z usług opiekuńczych i specjalistycznych usług opiekuńczych,Liczba osób korzystających z usług opiekuńczych (w tym specjalistycznych usług opiekuńczych).,2024,139,,139
powiat tatrzański,Sheet6,Osoby korzystające ze specjalistycznych usług opiekuńczych dla osób z zaburzeniami psychicznymi,Liczba osób korzystających ze specjalistycznych usług opiekuńczych w miejscu zamieszkania dla osób z zaburzeniami psychicznymi.,2024,19,,19
powiat tatrzański,Sheet6,Osoby objęte kontraktami socjalnymi,Udział osób objętych kontraktami socjalnymi w ogólnej liczbie osób w rodzinach świadczeniobiorców pomocy społecznej.,2024,0.81,%,0.81%
powiat tatrzański,Sheet6,Osoby objęte dożywianiem na 1000 mieszkańców,Wskaźnik pomocy w zakresie dożywiania - liczba osób objętych pomocą państwa w zakresie dożywiania w przeliczeniu na 1000 mieszkańców.,2024,14,,14
powiat tatrzański,Sheet6,Udział dzieci w ogóle osób objętych dożywianiem,"Udział dzieci w liczbie wszystkich osób objętych pomocą państwa w zakresie dożywiania. Sprawozdanie z realizacji programu ""Pomoc Państwa w zakresie dożywiania"" do 2013 roku obejmowało dzieci do lat 7. Od 2014 roku w sprawozdaniu liczba dzieci jest określona na podstawie momentu rozpoczęcia nauki w szkole podstawowej.",2024,15,%,15%
powiat tatrzański,Sheet6,Udział uczniów w ogóle osób objętych dożywianiem,Udział dzieci w wieku szkolnym (uczniowie do czasu ukończenia szkoły ponadgimnazjalnej) w liczbie wszystkich osób objętych pomocą państwa w zakresie dożywiania.,2024,31,%,31%
powiat tatrzański,POMOC SPOŁECZNA I O,Centra integracji społecznej,Liczba centrów integracji społecznej działających na danym terenie. Stan na 31 XII.,2024,0,,0
powiat tatrzański,POMOC SPOŁECZNA I O,Domy pomocy społecznej,Liczba domów pomocy społecznej działających na danym terenie (bez podziału na typy).,2024,2,,2
powiat tatrzański,POMOC SPOŁECZNA I O,Dzienne domy pomocy,Liczba dziennych domów pomocy działających na danym terenie. Stan na 31 XII.,2024,0,,0
powiat tatrzański,POMOC SPOŁECZNA I O,Placówki specjalistycznego poradnictwa - jednostki  powiatowe,"Liczba jednostek specjalistycznego poradnictwa działających w powiatach. Stan na 31 XII. Wskaźnik zasilany od 2021 r. w związku ze zmianami monitorowania danych w sprawozdaniach resortowych. Zastąpił on wskaźnik ""Placówki specjalistycznego poradnictwa""",2024,0,,0
powiat tatrzański,POMOC SPOŁECZNA I O,Placówki specjalistycznego poradnictwa,Liczba jednostek specjalistycznego poradnictwa działających na danym terenie. Stan na 31 XII. Od 2021 roku ze względu na brak kontynuacji monitorowania danych w sprawozdaniach resortowych wskaźnik nie jest już aktualizowany.,2024,0,,0
powiat tatrzański,POMOC SPOŁECZNA I O,Kluby integracji społecznej,Liczba klubów integracji społecznej działających na danym terenie.,2024,0,,0
powiat tatrzański,POMOC SPOŁECZNA I O,Mieszkania treningowe oraz wspomagane,"Liczba mieszkań treningowe oraz wspomaganych działających na danym terenie. Stan na 31 XII. Do 2022 r. w systemie funkcjonowały mieszkania chronione, natomiast od 2023 r. funkcjonują mieszkania treningowe oraz wspomagane.",2024,0,,0
powiat tatrzański,POMOC SPOŁECZNA I O,"Noclegownie, schroniska i domy dla osób bezdomnych","Liczba noclegowni, schronisk i domów dla osób bezdomnych działających na danym terenie.",2024,1,,1
powiat tatrzański,POMOC SPOŁECZNA I O,Ośrodki interwencji kryzysowej,Liczba ośrodków interwencji kryzysowej działających na danym terenie. Stan na 31 XII.,2024,1,,1
powiat tatrzański,POMOC SPOŁECZNA I O,Placówki opiekuńczo-wychowawcze,Liczba placówek opiekuńczo-wychowawczych działających na danym terenie (bez podziału na typy). Stan na 31 XII.,2024,2,,2
powiat tatrzański,POMOC SPOŁECZNA I O,Placówki wsparcia dziennego,Liczba placówek wsparcia dziennego działających na danym terenie. Stan na 31 XII.,2024,1,,1
powiat tatrzański,POMOC SPOŁECZNA I O,"Placówki zapewniające całodobową opiekę osobom niepełnosprawnym, przewlekle chorym lub osobom w podeszłym wieku","Liczba placówek zapewniających całodobową opiekę osobom niepełnosprawnym, przewlekle chorym lub osobom w podeszłym wieku działających na danym terenie (w oparciu zarówno o działalność gospodarczą, jak i o działalność statutową). Stan na 31 XII.",2024,1,,1
powiat tatrzański,POMOC SPOŁECZNA I O,Środowiskowe domy samopomocy,Liczba środowiskowych domów samopomocy działających na danym terenie. Stan na 31 XII.,2024,0,,0
powiat tatrzański,POMOC SPOŁECZNA I O,Zakłady aktywności zawodowej,Liczba zakładów aktywności zawodowej działających na danym terenie.,2024,0,,0
powiat tatrzański,PIECZA ZASTĘPCZA,Stopień deinstytucjonalizacji pieczy zastępczej,"Stosunek liczby dzieci w rodzinnej pieczy zastępczej (dzieci przebywające w rodzinach zastępczych, rodzinnych domach dziecka i w placówkach opiekuńczo-wychowawczych typu rodzinnego) do liczby wszystkich dzieci w pieczy zastępczej. Do wskaźnika nie wliczono dzieci umieszczonych w rodzinach zastępczych spokrewnionych (definicja zaczerpnięta z raportu ""Postępy deinstytucjonalizacji pieczy zastępczej""; Warszawa 2018 r.). Dane zbierane przez MRiPS regularnie (co pół roku) w sprawozdaniach resortowych.",2024,73.08,%,73.08%
powiat tatrzański,PIECZA ZASTĘPCZA,Intensywność pieczy zastępczej,"Liczba dzieci poniżej 18. roku życia przebywających w pieczy zastępczej w stosunku do liczby wszystkich dzieci w wieku poniżej 18 roku życia na danym terenie w przeliczeniu na 1000 dzieci (definicja zaczerpnięta z raportu ""Postępy deinstytucjonalizacji pieczy zastępczej""; Warszawa 2018 r.). Dane zbierane przez MRiPS regularnie (co pół roku) w sprawozdaniach resortowych.",2024,7.18,,7.18
powiat tatrzański,PIECZA ZASTĘPCZA,Liczba rodzin zastępczych,"Liczba rodzin zastępczych funkcjonujących na danym obszarze. Rodzina zastępcza jest jedną z form rodzinnej pieczy zastępczej, sprawowanej w przypadku niemożności zapewnienia dziecku opieki i wychowania przez rodziców.",2024,56,,56
powiat tatrzański,PIECZA ZASTĘPCZA,Liczba dzieci w rodzinach zastępczych,"Liczba dzieci wychowujących się w rodzinach zastępczych na danym obszarze. Rodzina zastępcza jest jedną z form rodzinnej pieczy zastępczej, sprawowanej w przypadku niemożności zapewnienia dziecku opieki i wychowania przez rodziców. Do roku 2011 dane pochodzą ze sprawozdania MPiPS-03; od roku 2012 dane pochodzą ze sprawozdania Ocena Zasobów Pomocy Społecznej.",2024,87,,87
powiat tatrzański,ZDROWIE,Dostępność aptek,"Wskaźnik dostępności do aptek - liczba osób przypadająca na jedną aptekę ogólnodostępną. Apteka, zgodnie z Ustawą ""Prawo farmaceutyczne"" z dnia 6 września 2001 r. to placówka ochrony zdrowia publicznego, w której osoby uprawnione świadczą w szczególności usługi farmaceutyczne obejmujące zadania określone w ustawie.",2024,2764,,2764
powiat tatrzański,ZDROWIE,Zgony z powodu chorób nowotworowych,Wskaźnik umieralności z powodu choroby nowotworowej - udział zgonów z powodu choroby nowotworowej w liczbie zgonów ogółem. Dane do wskaźnika pochodzą z kart statystycznych do kart zgonów.,2024,26.40,%,26.40%
powiat tatrzański,ZDROWIE,Zgony z powodu chorób układu krążenia,Wskaźnik umieralności z powodu chorób układu krążenia - udział zgonów z powodu chorób układu krążenia w liczbie zgonów ogółem. Dane do wskaźnika pochodzą z kart statystycznych do kart zgonów.,2024,37.50,%,37.50%
powiat tatrzański,"WYNAGRODZENIA, EMERY",Przeciętne wynagrodzenie w relacji do śr. krajowej,Wskaźnik wysokości wynagrodzeń - przeciętne miesięczne wynagrodzenia brutto w gospodarce narodowej w relacji do średniej krajowej (Polska=100%). Wskaźnik pokazuje jaki procent średniej krajowej jest osiągany na danym terenie.,2024,86.00,,86.00
powiat tatrzański,KULTURA,Wskaźnik dostępności kin,"Wskaźnik dostępności kin - liczba osób przypadających na jedno miejsce na widowni kina. Przez ""miejsce na widowni"" rozumie się każde numerowane miejsce (zarejestrowane) wykorzystywane przez instytucję kultury do stałych prezentacji scenicznych (w stałej sali eksploatowanej przez instytucję artystyczną lub w kinie stałym do prezentacji filmów).",2024,127,,127
powiat tatrzański,KULTURA,Wskaźnik dostępności domów i ośrodków kultury,"Wskaźnik dostępności domów i ośrodków kultury oraz klubów, świetlic i kół - liczba osób przypadająca na jedną placówkę kultury.",2024,1327,,1327
powiat tatrzański,KULTURA,Wskaźnik dostępności muzeów,"Wskaźnik dostępności do muzeów - liczba ludności przypadająca na jedną placówkę muzealną. Dane wskaźnikowe bazują na sprawozdaniach z działalności muzeów i instytucji paramuzealnych. Przez placówkę muzealną (za ustawą z dnia 21 listopada 1996 r. o muzeach) rozumiemy jednostkę organizacyjną, nienastawioną na osiąganie zysku, której celem jest sprawowanie opieki nad zabytkami, informowanie o wartościach i treściach gromadzonych zbiorów, upowszechnianie podstawowych wartości historii, nauki i kultury polskiej oraz światowej, kształtowanie wrażliwości poznawczej i estetycznej oraz umożliwianie kontaktu ze zbiorami.",2024,22115,,22115
powiat tatrzański,KULTURA,Wskaźnik dostępności bibliotek,"Wskaźnik dostępności bibliotek - liczba ludności przydająca na jedną placówkę biblioteczną. W celu wyliczenia wskaźnika zliczono biblioteki, filie i punkty biblioteczne na danym ternie. Dane bazują na sprawozdaniach bibliotek ogólnych. Zgodnie z definicją przyjętą przez GUS przez placówkę biblioteczną rozumie się jednostkę organizacyjną lub jej część posiadającą uporządkowany (zinwentaryzowany) zbiór książek, czasopism i innych materiałów piśmienniczych liczący co najmniej 300 jednostek inwentarzowych, której głównymi celami są tworzenie i obsługa zbiorów oraz udostępnianie ich użytkownikom w sposób kontrolowany.",2024,3492,,3492
powiat tatrzański,KULTURA,Wskaźnik czytelnictwa,Wskaźnik czytelnictwa - ilość wypożyczeń z księgozbioru przez jednego czytelnika w ciągu roku. Przez księgozbiór rozumie się zbiór obejmujący wydawnictwa nieperiodyczne (książki i broszury) i wydawnictwa periodyczne (gazety i czasopisma).,2024,14,,14
powiat tatrzański,EDUKACJA,Edukacja przedszkolna,"Wskaźnik edukacji na poziomie przedszkolnym - odsetek dzieci w wieku od 3 do 5 lat uczęszczających do placówek wychowania przedszkolnego. Wskaźnik zbudowano na podstawie sprawozdań przedszkoli i innych form edukacji przedszkolnej. Uwzględniono ośrodki wychowania przedszkolnego prowadzone przez ograny samorządu terytorialnego, jednostki samorządu powiatowego oraz gminnego.",2024,92.10,,92.10
powiat tatrzański,EDUKACJA,Zdawalność egzaminu maturalnego w technikach,"Wskaźnik zdawalności matur w technikach - procent uczniów klas IV techników, którzy zdali egzamin maturalny.",2024,86.00,,86.00
powiat tatrzański,EDUKACJA,Zdawalność egzaminu maturalnego w liceach ogólnokształcących,"Wskaźnik zdawalności matur w liceach -procent uczniów klas III liceów ogólnokształcących, którzy zdali egzamin maturalny.",2024,85.00,,85.00
powiat tatrzański,EDUKACJA,Wyniki egzaminu ósmoklasisty – język polski,"Wyrażony w % średni wynik uczniów uzyskiwany na egzaminie ósmoklasisty w części z języka polskiego (wskaźnik aktualizowany od 2019 roku, w którym uczniowie szkół podstawowych po raz pierwszy przystąpili do egzaminu ósmoklasisty)",2024,59.96,,59.96
powiat tatrzański,EDUKACJA,Wyniki egzaminu ósmoklasisty – język angielski podstawowy,"Wyrażony w % średni wynik uczniów uzyskiwany na egzaminie ósmoklasisty w części podstawowej z języka angielskiego (wskaźnik aktualizowany od 2019 roku, w którym uczniowie szkół podstawowych po raz pierwszy przystąpili do egzaminu ósmoklasisty)",2024,62.45,,62.45
powiat tatrzański,EDUKACJA,Wyniki egzaminu ósmoklasisty – matematyka,"Wyrażony w % średni wynik uczniów uzyskiwany na egzaminie ósmoklasisty w części z matematyki (wskaźnik aktualizowany od 2019 roku, w którym uczniowie szkół podstawowych po raz pierwszy przystąpili do egzaminu ósmoklasisty)",2024,50.45,,50.45
powiat tatrzański,EDUKACJA,Wybory edukacyjne ósmoklasistów – technikum,"Wyrażony w % udział absolwentów szkół podstawowych, którzy wybrali technikum jako miejsce dalszego kształcenia. Wskaźnik obliczony na podstawie liczby uczniów w klasie pierwszej technikum. (wskaźnik aktualizowany od 2020 roku po ostatecznym wygaszeniu szkół gimnazjalnych)",2024,38.78,,38.78
powiat tatrzański,EDUKACJA,Wybory edukacyjne ósmoklasistów – liceum ogólnokształcące,"Wyrażony w % udział absolwentów szkół podstawowych, którzy wybrali liceum ogólnokształcące jako miejsce dalszego kształcenia. Wskaźnik obliczony na podstawie liczby uczniów w klasie pierwszej liceów ogólnokształcących. (wskaźnik aktualizowany od 2020 roku po ostatecznym wygaszeniu szkół gimnazjalnych)",2024,23.66,,23.66
powiat tatrzański,EDUKACJA,Wybory edukacyjne ósmoklasistów – szkoła branżowa I stopnia,"Wyrażony w % udział absolwentów szkół podstawowych, którzy wybrali szkołę branżową I stopnia jako miejsce dalszego kształcenia. Wskaźnik obliczony na podstawie liczby uczniów w klasie pierwszej szkół branżowych I stopnia. (wskaźnik aktualizowany od 2020 roku po ostatecznym wygaszeniu szkół gimnazjalnych)",2024,37.56,,37.56
powiat tatrzański,RYNEK PRACY,Stopa bezrobocia,"Stopa bezrobocia - procentowy udział liczby bezrobotnych w liczbie ludności aktywnej zawodowo (tzn. pracującej i bezrobotnej). Przez bezrobotnych ( za Ustawą z dnia 20 kwietnia 2004 r. o promocji zatrudnienia i instytucjach rynku pracy) rozumiemy osoby niezatrudnione i nie wykonujące innej pracy zarobkowej, zdolne i gotowe do podjęcia zatrudnienia w pełnym wymiarze czasu pracy (bądź jeśli są to osoby niepełnosprawne - zdolne i gotowe do podjęcia zatrudnienia co najmniej w połowie tego wymiaru czasu pracy), nieuczące się w szkole z wyjątkiem szkół dla dorosłych lub szkół wyższych w systemie wieczorowym albo zaocznym, zarejestrowane we właściwym dla miejsca zameldowania (stałego lub czasowego) powiatowym urzędzie pracy oraz poszukujące zatrudnienia lub innej pracy zarobkowej, jeżeli spełniają określone w Ustawie warunki.",2024,8.00,,8.00
powiat tatrzański,RYNEK PRACY,Bezrobocie kobiet,"Bezrobocie kobiet - Wyrażony w % udział bezrobotnych kobiet w liczbie bezrobotnych ogółem. Do kategorii osób bezrobotnych wlicza się wyłącznie osoby zarejestrowane w powiatowych urzędach pracy. Przez bezrobotnych ( za Ustawą z dnia 20 kwietnia 2004 r. o promocji zatrudnienia i instytucjach rynku pracy) rozumiemy osoby niezatrudnione i nie wykonujące innej pracy zarobkowej, zdolne i gotowe do podjęcia zatrudnienia w pełnym wymiarze czasu pracy (bądź jeśli są to osoby niepełnosprawne - zdolne i gotowe do podjęcia zatrudnienia co najmniej w połowie tego wymiaru czasu pracy), nieuczące się w szkole z wyjątkiem szkół dla dorosłych lub szkół wyższych w systemie wieczorowym albo zaocznym, zarejestrowane we właściwym dla miejsca zameldowania (stałego lub czasowego) powiatowym urzędzie pracy oraz poszukujące zatrudnienia lub innej pracy zarobkowej, jeżeli spełniają określone w Ustawie warunki.",2024,42.97,,42.97
powiat tatrzański,RYNEK PRACY,Bezrobocie rodzinne,"Odsetek osób bezrobotnych zamieszkujących gospodarstwo domowe, w którym dwie lub więcej osób pozostaje na bezrobociu. Dane dla powiatu tarnowskiego i Tarnowa przedstawione zostały łącznie. Dane obrazują stan na 31 XII danego roku.",2024,26.31,%,26.31%
powiat tatrzański,RYNEK PRACY,Bezrobotni dłużej niż 1 rok,"Wyrażony w % udział bezrobotnych dłużej niż 1 rok w liczbie bezrobotnych ogółem. Do kategorii osób bezrobotnych wlicza się wyłącznie osoby zarejestrowane w powiatowych urzędach pracy. Przez bezrobotnych ( za Ustawą z dnia 20 kwietnia 2004 r. o promocji zatrudnienia i instytucjach rynku pracy) rozumiemy osoby niezatrudnione i nie wykonujące innej pracy zarobkowej, zdolne i gotowe do podjęcia zatrudnienia w pełnym wymiarze czasu pracy (bądź jeśli są to osoby niepełnosprawne - zdolne i gotowe do podjęcia zatrudnienia co najmniej w połowie tego wymiaru czasu pracy), nieuczące się w szkole z wyjątkiem szkół dla dorosłych lub szkół wyższych w systemie wieczorowym albo zaocznym, zarejestrowane we właściwym dla miejsca zameldowania (stałego lub czasowego) powiatowym urzędzie pracy oraz poszukujące zatrudnienia lub innej pracy zarobkowej, jeżeli spełniają określone w Ustawie warunki.",2024,53.20,,53.20
powiat tatrzański,RYNEK PRACY,Bezrobotni z wykształceniem gimnazjalnym i niższym,"Wyrażony w % udział bezrobotnych z wykształceniem gimnazjalnym i niższym w liczbie bezrobotnych ogółem. Do kategorii osób bezrobotnych wlicza się wyłącznie osoby zarejestrowane w powiatowych urzędach pracy. Przez bezrobotnych ( za Ustawą z dnia 20 kwietnia 2004 r. o promocji zatrudnienia i instytucjach rynku pracy) rozumiemy osoby niezatrudnione i nie wykonujące innej pracy zarobkowej, zdolne i gotowe do podjęcia zatrudnienia w pełnym wymiarze czasu pracy (bądź jeśli są to osoby niepełnosprawne - zdolne i gotowe do podjęcia zatrudnienia co najmniej w połowie tego wymiaru czasu pracy), nieuczące się w szkole z wyjątkiem szkół dla dorosłych lub szkół wyższych w systemie wieczorowym albo zaocznym, zarejestrowane we właściwym dla miejsca zameldowania (stałego lub czasowego) powiatowym urzędzie pracy oraz poszukujące zatrudnienia lub innej pracy zarobkowej, jeżeli spełniają określone w Ustawie warunki.",2024,30.50,,30.50
powiat tatrzański,RYNEK PRACY,Bezrobotni w wieku poniżej 25 lat,"Wyrażony w % udział bezrobotnych poniżej 25. roku życia w liczbie bezrobotnych ogółem. Do kategorii osób bezrobotnych wlicza się wyłącznie osoby zarejestrowane w powiatowych urzędach pracy. Przez bezrobotnych ( za Ustawą z dnia 20 kwietnia 2004 r. o promocji zatrudnienia i instytucjach rynku pracy) rozumiemy osoby niezatrudnione i nie wykonujące innej pracy zarobkowej, zdolne i gotowe do podjęcia zatrudnienia w pełnym wymiarze czasu pracy (bądź jeśli są to osoby niepełnosprawne - zdolne i gotowe do podjęcia zatrudnienia co najmniej w połowie tego wymiaru czasu pracy), nieuczące się w szkole z wyjątkiem szkół dla dorosłych lub szkół wyższych w systemie wieczorowym albo zaocznym, zarejestrowane we właściwym dla miejsca zameldowania (stałego lub czasowego) powiatowym urzędzie pracy oraz poszukujące zatrudnienia lub innej pracy zarobkowej, jeżeli spełniają określone w Ustawie warunki.",2024,16.61,,16.61
powiat tatrzański,RYNEK PRACY,Bezrobotni w wieku 25-34 lata,"Wyrażony w % udział bezrobotnych w wieku 25-34 lata w liczbie bezrobotnych ogółem. Do kategorii osób bezrobotnych wlicza się wyłącznie osoby zarejestrowane w powiatowych urzędach pracy. Przez bezrobotnych ( za Ustawą z dnia 20 kwietnia 2004 r. o promocji zatrudnienia i instytucjach rynku pracy) rozumiemy osoby niezatrudnione i nie wykonujące innej pracy zarobkowej, zdolne i gotowe do podjęcia zatrudnienia w pełnym wymiarze czasu pracy (bądź jeśli są to osoby niepełnosprawne - zdolne i gotowe do podjęcia zatrudnienia co najmniej w połowie tego wymiaru czasu pracy), nieuczące się w szkole z wyjątkiem szkół dla dorosłych lub szkół wyższych w systemie wieczorowym albo zaocznym, zarejestrowane we właściwym dla miejsca zameldowania (stałego lub czasowego) powiatowym urzędzie pracy oraz poszukujące zatrudnienia lub innej pracy zarobkowej, jeżeli spełniają określone w Ustawie warunki.",2024,26.72,,26.72
powiat tatrzański,RYNEK PRACY,Bezrobotni w wieku 55 lat i więcej,"Wyrażony w % udział bezrobotnych powyżej 55. roku życia w liczbie bezrobotnych ogółem. Do kategorii osób bezrobotnych wlicza się wyłącznie osoby zarejestrowane w powiatowych urzędach pracy. Przez bezrobotnych ( za Ustawą z dnia 20 kwietnia 2004 r. o promocji zatrudnienia i instytucjach rynku pracy) rozumiemy osoby niezatrudnione i nie wykonujące innej pracy zarobkowej, zdolne i gotowe do podjęcia zatrudnienia w pełnym wymiarze czasu pracy (bądź jeśli są to osoby niepełnosprawne - zdolne i gotowe do podjęcia zatrudnienia co najmniej w połowie tego wymiaru czasu pracy), nieuczące się w szkole z wyjątkiem szkół dla dorosłych lub szkół wyższych w systemie wieczorowym albo zaocznym, zarejestrowane we właściwym dla miejsca zameldowania (stałego lub czasowego) powiatowym urzędzie pracy oraz poszukujące zatrudnienia lub innej pracy zarobkowej, jeżeli spełniają określone w Ustawie warunki.",2024,14.70,,14.70
powiat tatrzański,RYNEK PRACY,Prowadzący działalność gospodarczą,Osoby fizyczne prowadzące działalność gospodarczą na 100 osób w wieku produkcyjnym. Dane bez osób prowadzących gospodarstwa indywidualne w rolnictwie.,2024,26.34,,26.34
powiat tatrzański,RYNEK PRACY,Zatrudnienie w branży finansowej i nieruchomościach,"Wyrażony w % udział pracujących w branży finansowej i nieruchomościach w stosunku do ogółu pracujących. Dane do 2021 roku bez podmiotów gospodarczych o liczbie pracujących do 9 osób. Podział branż jest zgodny z PKD 2007. Dotyczy sekcji: ""Działalność finansowa i ubezpieczeniowa; obsługa rynku nieruchomości"". W związku z wprowadzonymi zmianami metodologicznymi w pozyskiwaniu danych dotyczących: pracujących, zatrudnionych oraz przeciętnego zatrudnienia według PKD, dane od 2022 roku nie mogą być porównywane z danymi dla lat poprzednich.",2024,1.79,,1.79
powiat tatrzański,RYNEK PRACY,Zatrudnienie w rolnictwie,"Wyrażony w % udział pracujących w rolnictwie w stosunku do ogółu pracujących. Dane łącznie z rolnictwem indywidualnym. Dane dotyczące pracujących w gospodarstwach indywidualnych w rolnictwie według stanu w dniu 31 XII w latach 2002-2009 wyszacowano na podstawie wyników Narodowego Spisu Powszechnego Ludności i Mieszkań oraz Powszechnego Spisu Rolnego 2002 oraz w 2010 r. na podstawie Powszechnego Spisu Rolnego 2010. Podział branż jest zgodny z PKD 2007. Dotyczy sekcji: ""Rolnictwo, leśnictwo, łowiectwo i rybactwo"". W związku z wprowadzonymi zmianami metodologicznymi w pozyskiwaniu danych dotyczących: pracujących, zatrudnionych oraz przeciętnego zatrudnienia według PKD, dane od 2022 roku nie mogą być porównywane z danymi dla lat poprzednich.",2024,16.03,,16.03
powiat tatrzański,RYNEK PRACY,Zatrudnienie w przemyśle i budownictwie,"Wyrażony w % udział pracujących w przemyśle i budownictwie w stosunku do ogółu pracujących. Dane do 2021 roku bez podmiotów gospodarczych o liczbie pracujących do 9 osób. Podział branż jest zgodny z PKD 2007. Pod pojęciem ""Przemysł i budownictwo"" rozumie się sekcje: ""Górnictwo i wydobywanie""; ""Przetwórstwo przemysłowe""; ""Wytwarzanie i zaopatrywanie w energię elektryczną, gaz, parę wodną i gorącą wodę""; ""Dostawa wody; gospodarowanie ściekami i odpadami; rekultywacja"" oraz ""Budownictwo"". W związku z wprowadzonymi zmianami metodologicznymi w pozyskiwaniu danych dotyczących: pracujących, zatrudnionych oraz przeciętnego zatrudnienia według PKD, dane od 2022 roku nie mogą być porównywane z danymi dla lat poprzednich.",2024,10.21,,10.21
powiat tatrzański,RYNEK PRACY,"Zatrudnienie w handlu, transporcie, turystyce, informacji i komunikacji","Wyrażony w % udział pracujących w handlu, transporcie, turystyce, informacji i komunikacji w stosunku do ogółu pracujących. Dane do 2021 roku bez podmiotów gospodarczych o liczbie pracujących do 9 osób. Podział branż jest zgodny z PKD 2007. Dotyczy sekcji: ""Handel""; ""Naprawa pojazdów samochodowych""; ""Transport i gospodarka magazynowa""; ""Zakwaterowanie i gastronomia"" oraz ""Informacja i komunikacja"". W związku z wprowadzonymi zmianami metodologicznymi w pozyskiwaniu danych dotyczących: pracujących, zatrudnionych oraz przeciętnego zatrudnienia według PKD, dane od 2022 roku nie mogą być porównywane z danymi dla lat poprzednich.",2024,42.92,,42.92
powiat tatrzański,RYNEK PRACY,Zatrudnienie w pozostałych usługach,"Wyrażony w % udział pracujących w pozostałych usługach w stosunku do ogółu pracujących. Dane do 2021 roku bez podmiotów gospodarczych o liczbie pracujących do 9 osób. Podział branż jest zgodny z PKD 2007. Pod pojęciem ""Pozostałe usługi"" rozumie się sekcje: ""Działalność profesjonalna, naukowa i techniczna""; ""Administrowanie i działalność wspierająca""; ""Administracja publiczna i obrona narodowa, obowiązkowe zabezpieczenia społeczne""; ""Edukacja""; ""Opieka zdrowotna i pomoc społeczna""; ""Działalność związana z kulturą rozrywką i rekreacją"" oraz ""Pozostała działalność usługowa"". W związku z wprowadzonymi zmianami metodologicznymi w pozyskiwaniu danych dotyczących: pracujących, zatrudnionych oraz przeciętnego zatrudnienia według PKD, dane od 2022 roku nie mogą być porównywane z danymi dla lat poprzednich.",2024,28.97,,28.97
powiat tatrzański,MOBILNOŚĆ,Saldo migracji stałych,"Wskaźnik migracji stałych - różnica między napływem a odpływem ludności z danego obszaru w danym czasie. Saldo migracji stałych uwzględnia zarazem dane ze stałych migracji zewnętrznych jak i wewnętrznych. Migracje stałe to takie, które wiążą się ze zmianą miejsca zamieszkania na pobyt stały. W świetle prawa polskiego, tego typu migracje związane są z dokonaniem w biurze ewidencji ludności zameldowania lub wymeldowania. W 2015 roku GUS zrezygnował z opublikowania danych dotyczących migracji zagranicznych z powodu braku ich kompletności. Dlatego niemożliwe było określenie poziomu migracji stałych za rok 2015.",2024,-66.00,,-66.00
powiat tatrzański,MOBILNOŚĆ,Saldo migracji zagranicznych,Wskaźnik migracji zagranicznych - różnica między odpływem zagranicę a napływem do kraju ludności w danym czasie.,2024,22.00,,22.00
powiat tatrzański,BUDŻETY GMIN,Wydatki budżetów gmin ogółem,"Wskaźnik wydatków gmin - wydatki budżetów gmin i miast na prawach powiatów w przeliczeniu na jednego mieszkańca. Dane stanowią sumę wydatków na rolnictwo, transport, gospodarkę komunalną, gosp. mieszkaniową, oświatę i wychowanie, kulturę i sztukę, ochronę zdrowia, kulturę fizyczną i sport, a także wydatki na administrację samorządową. Wydatki te są sklasyfikowane w rozporządzeniu Ministra Finansów z dnia 14 czerwca 2006 r. w sprawie szczegółowej klasyfikacji dochodów, wydatków, przychodów i rozchodów oraz środków pochodzących ze źródeł zagranicznych (Dz. U. 2006 r. Nr 107, poz.726, z późn. zm.). Wartości podawane są w złotówkach.",2024,8665.99,,8665.99
powiat tatrzański,BUDŻETY GMIN,Wydatki budżetów gmin - oświata i wychowanie,"Wskaźnik wydatków gmin na oświatę i wychowanie - wydatki budżetów gmin i miast na prawach powiatów na oświatę i wychowanie w przeliczeniu na jednego mieszkańca. Dane stanowią sumę wydatków sklasyfikowanych w dziale 801 rozporządzenia Ministra Finansów z dnia 14 czerwca 2006 r. w sprawie szczegółowej klasyfikacji dochodów, wydatków, przychodów i rozchodów oraz środków pochodzących ze źródeł zagranicznych (Dz. U. 2006 r. Nr 107, poz.726, z późn. zm.). Wartości podawane są w złotówkach.",2024,2569.63,,2569.63
powiat tatrzański,BUDŻETY GMIN,Wydatki budżetów gmin - kultura,"Wskaźnik wydatków gmin na kulturę i ochronę dziedzictwa narodowego - wydatki budżetów gmin i miast na prawach powiatów na kulturę i ochronę dziedzictwa narodowego w przeliczeniu na jednego mieszkańca. Dane stanowią sumę wydatków sklasyfikowanych w dziale 921 rozporządzenia Ministra Finansów z dnia 14 czerwca 2006 r. w sprawie szczegółowej klasyfikacji dochodów, wydatków, przychodów i rozchodów oraz środków pochodzących ze źródeł zagranicznych (Dz. U. 2006 r. Nr 107, poz.726, z późn. zm.). Wartości podawane są w złotówkach.",2024,249.62,,249.62
powiat tatrzański,BUDŻETY GMIN,Wydatki budżetów gmin - pomoc społeczna,"Wskaźnik wydatków gmin na pomoc społeczną - wydatki budżetów gmin i miast na prawach powiatów na pomoc społeczną i pozostałe zadania w zakresie polityki społecznej w przeliczeniu na jednego mieszkańca. Dane stanowią sumę wydatków sklasyfikowanych w działach 852 i 853 rozporządzenia Ministra Finansów z dnia 14 czerwca 2006 r. w sprawie szczegółowej klasyfikacji dochodów, wydatków, przychodów i rozchodów oraz środków pochodzących ze źródeł zagranicznych (Dz. U. 2006 r. Nr 107, poz.726, z późn. zm.). Dane podawane są w złotówkach.",2024,386.92,,386.92
powiat wadowicki,LUDNOŚĆ,Ludność ogółem,Liczba ludności zamieszkałej na danym terenie (dane zgodnie z faktycznym miejscem zamieszkania wg podziału administracyjnego na dzień 31 XII).,2024,157099,,157099
powiat wadowicki,LUDNOŚĆ,Ludność w wieku przedprodukcyjnym,Udział ludności w wieku przedprodukcyjnym w liczbie ludności ogółem. Przez ludność w wieku przedprodukcyjnym rozumie się ludność w wieku do 17 roku życia.,2024,19.67,%,19.67%
powiat wadowicki,LUDNOŚĆ,Ludność w wieku produkcyjnym,"Udział ludności w wieku produkcyjnym w liczbie ludności ogółem. Przez ludność w wieku produkcyjnym rozumie się ludność w wieku zdolności do pracy. Dla mężczyzn przyjęto wiek 18-64 lata, dla kobiet 18-59 lat.",2024,58.91,%,58.91%
powiat wadowicki,LUDNOŚĆ,Ludność w wieku poprodukcyjnym,Udział ludności w wieku emerytalnym w liczbie ludności ogółem. Przez ludność w wieku poprodukcyjnym rozumie się ludność w wieku od 64 lat - dla mężczyzn i od 59 lat - dla kobiet.,2024,21.42,%,21.42%
powiat wadowicki,LUDNOŚĆ,Ludność w wieku 60+,Udział ludności w wieku 60 i więcej lat w liczbie ludności ogółem.,2024,24.35,%,24.35%
powiat wadowicki,LUDNOŚĆ,Wskaźnik podwójnego starzenia,Udział osób w wieku 80 i więcej lat w grupie osób wieku 60 i więcej lat.,2024,15.99,%,15.99%
powiat wadowicki,LUDNOŚĆ,Wskaźnik wsparcia osób najstarszych,Liczba osób w wieku 85 lat i więcej przypadająca na 100 osób w wieku 50–64 lata,2024,11,,11
powiat wadowicki,LUDNOŚĆ,Potencjał pielęgnacyjny,Liczba kobiet w wieku 45-64 lata (potencjalnych opiekunów rodzinnych) przypadających na 100 osób w wieku 80 i więcej lat,2024,347,,347
powiat wadowicki,LUDNOŚĆ,Wskaźnik obciążenia demograficznego,Wskaźnik obciążenia demograficznego - ludność w wieku nieprodukcyjnym przypadająca na 100 osób w wieku produkcyjnym. Przez ludność w wieku produkcyjnym rozumie się osoby w wieku zdolności do pracy tj. mężczyźni w wieku 18 - 64 lat oraz kobiety w wieku 18 - 59.,2024,69.80,,69.80
powiat wadowicki,LUDNOŚĆ,Przyrost naturalny na 1 000 ludności,Różnica między liczbą urodzeń żywych a liczbą zgonów w danym roku (bez rozróżnienia na płeć).,2024,-2.64,,-2.64
powiat wadowicki,LUDNOŚĆ,Wskaźnik feminizacji,Wskaźnik feminizacji - wielkość demograficzna określająca ile kobiet przypada na 100 mężczyzn na danym terenie.,2024,103.82,,103.82
powiat wadowicki,LUDNOŚĆ,Wskaźnik maskulinizacji,Wskaźnik maskulinizacji - wielkość demograficzna określająca ilu mężczyzn przypada na 100 kobiet na danym terenie.,2024,96.32,,96.32
powiat wadowicki,LUDNOŚĆ,Wskaźnik gęstości zaludnienia,Wskaźnik gęstości zaludnienia - liczba mieszkańców przypadająca na 1 km².,2024,243.20,,243.20
powiat wadowicki,LUDNOŚĆ,Wskaźnik urbanizacji,"Wskaźnik urbanizacji - udział mieszkańców miast w liczbie mieszkańców ogółem. Do wyliczenia wskaźnika posłużono się danymi na temat ludności faktycznie zamieszkałej na dzień 31 XII każdego roku. Ludnośc faktycznie zamieszkała obejmuje: a) stałych mieszkańców, z wyjatkiem osób przebywających poza miejscem zamieszkania przez okres powyżej 3 miesięcy w kraju oraz obejmuje wszystkie osoby przebywajace za granicą (bez względu na okres ich nieobecności) b) osoby przebywające czasowo przez okres powyżej 3 miesięcy, przybyłe z innego miejsca w kraju. Dane za lata 2010 - 2021 bazują na wynikach Narodowego Spisu Powszechnego Ludności i Mieszkań 2011.",2024,25.00,%,25.00%
powiat wadowicki,LUDNOŚĆ,Małżeństwa na 1000 mieszkańców,Liczba zawartych małżeństw w przeliczeniu na 1000 mieszkańców.,2024,3.50,,3.50
powiat wadowicki,LUDNOŚĆ,Urodzenia na 1000 mieszkańców,Liczba urodzeń żywych w przeliczeniu na 1000 mieszkańców.,2024,7.43,,7.43
powiat wadowicki,LUDNOŚĆ,Zgony na 1000 mieszkańców,Liczba zgonów w przeliczeniu na 1000 mieszkańców.,2024,10.07,,10.07
powiat wadowicki,LUDNOŚĆ,Wskaźnik/ indeks starości,"Relacja pokoleniowa dziadków i wnuczków, tj. liczba osób w wieku 65 i więcej lat przypadająca na 100 osób w wieku 0-14 lat",2024,113,,113
powiat wadowicki,LUDNOŚĆ,Ludność w wieku 65+/ Współczynnik starości demograficznej,Relacja liczby osób w starszym wieku (65 lat i więcej) do ogólnej liczby ludności.,2024,18.23,%,18.23%
powiat wadowicki,LUDNOŚĆ,Wskaźnik potencjalnego wsparcia,Liczba osób w wieku 15-64 lata przypadająca na 100 osób w wieku 65 lat i więcej. Przedstawia tzw. obciążenie - ile osób hipotetycznie pozostających na rynku pracy przypada na 1 osobę (100 osób) będącą już poza rykiem pracy (odwrotność cząstkowego współczynnika obciążenia demograficznego osobami starszymi).,2024,360,,360
powiat wadowicki,POMOC SPOŁECZNA - K,Liczba mieszkańców na 1 pracownika socjalnego,Liczba mieszkańców przypadająca na jednego pracownika socjalnego zatrudnionego w ośrodku pomocy społecznej.,2024,2380,,2380
powiat wadowicki,POMOC SPOŁECZNA - K,Pracownicy socjalni OPS posiadający wyższe wykształcenie,Udział pracowników socjalnych posiadających wyższe wykształcenie w ogólnej licznie pracowników socjalnych.,2024,75.76,%,75.76%
powiat wadowicki,POMOC SPOŁECZNA - K,Pracownicy socjalni OPS posiadający I stopień specjalizacji w zawodzie pracownik socjalny,Udział pracowników socjalnych OPS posiadających I stopień specjalizacji w zawodzie pracownik socjalny w ogólnej liczbie pracowników socjalnych.,2024,24.24,%,24.24%
powiat wadowicki,POMOC SPOŁECZNA - K,Pracownicy socjalni OPS posiadający II stopień specjalizacji w zawodzie pracownik socjalny,Udział pracowników socjalnych posiadających II stopień specjalizacji w zawodzie pracownik socjalny w ogólnej liczbie pracowników socjalnych.,2024,9.09,%,9.09%
powiat wadowicki,POMOC SPOŁECZNA - P,Alkoholizm,Odsetek klientów pomocy społecznej korzystających ze wsparcia z powodu alkoholizmu (na podstawie danych o rzeczywistej liczbie osób w rodzinach objętych pomocą społeczną).,2024,14.58,%,14.58%
powiat wadowicki,POMOC SPOŁECZNA - P,Bezdomność,Odsetek klientów pomocy społecznej korzystających ze wsparcia z powodu bezdomności (na podstawie danych o rzeczywistej liczbie osób w rodzinach objętych pomocą społeczną).,2024,3.22,%,3.22%
powiat wadowicki,POMOC SPOŁECZNA - P,Bezradność w sprawach opiekuńczo-wychowawczych i prowadzenia gosp. dom.,Odsetek klientów pomocy społecznej korzystających ze wsparcia z powodu bezradności w sprawach opiekuńczo-wychowawczych i prowadzenia gospodarstwa domowego (na podstawie danych o rzeczywistej liczbie osób w rodzinach objętych pomocą społeczną).,2024,21.78,%,21.78%
powiat wadowicki,POMOC SPOŁECZNA - P,Bezrobocie,Odsetek klientów pomocy społecznej korzystających ze wsparcia z powodu bezrobocia (na podstawie danych o rzeczywistej liczbie osób w rodzinach objętych pomocą społeczną).,2024,31.13,%,31.13%
powiat wadowicki,POMOC SPOŁECZNA - P,Długotrwała lub ciężka choroba,Odsetek klientów pomocy społecznej korzystających ze wsparcia z powodu długotrwałej bądź ciężkiej choroby (na podstawie danych o rzeczywistej liczbie osób w rodzinach objętych pomocą społeczną).,2024,62.20,%,62.20%
powiat wadowicki,POMOC SPOŁECZNA - P,Narkomania,Odsetek klientów pomocy społecznej korzystających ze wsparcia z powodu narkomanii (na podstawie danych o rzeczywistej liczbie osób w rodzinach objętych pomocą społeczną).,2024,0.53,%,0.53%
powiat wadowicki,POMOC SPOŁECZNA - P,Niepełnosprawność,Odsetek klientów pomocy społecznej korzystających ze wsparcia z powodu niepełnosprawności (na podstawie danych o rzeczywistej liczbie osób w rodzinach objętych pomocą społeczną).,2024,47.09,%,47.09%
powiat wadowicki,POMOC SPOŁECZNA - P,Potrzeba ochrony macierzyństwa,Odsetek klientów pomocy społecznej korzystających ze wsparcia z powodu potrzeby ochrony macierzyństwa (na podstawie danych o rzeczywistej liczbie osób w rodzinach objętych pomocą społeczną).,2024,29.44,%,29.44%
powiat wadowicki,POMOC SPOŁECZNA - P,Przemoc domowa,Odsetek klientów pomocy społecznej korzystających ze wsparcia z powodu przemocy domowej (na podstawie danych o rzeczywistej liczbie osób w rodzinach objętych pomocą społeczną).,2024,4.32,%,4.32%
powiat wadowicki,POMOC SPOŁECZNA - P,Sieroctwo,Odsetek klientów pomocy społecznej korzystających ze wsparcia z powodu sieroctwa (na podstawie danych o rzeczywistej liczbie osób w rodzinach objętych pomocą społeczną).,2024,0.16,%,0.16%
powiat wadowicki,POMOC SPOŁECZNA - P,Sytuacja kryzysowa,Odsetek klientów pomocy społecznej korzystających ze wsparcia z powodu sytuacji kryzysowej (na podstawie danych o rzeczywistej liczbie osób w rodzinach objętych pomocą społeczną).,2024,0.16,%,0.16%
powiat wadowicki,POMOC SPOŁECZNA - P,Ubóstwo,Odsetek klientów pomocy społecznej korzystających ze wsparcia z powodu ubóstwa (na podstawie danych o rzeczywistej liczbie osób w rodzinach objętych pomocą społeczną).,2024,52.32,%,52.32%
powiat wadowicki,POMOC SPOŁECZNA - P,Wielodzietność,Odsetek klientów pomocy społecznej korzystających ze wsparcia z powodu wielodzietności (na podstawie danych o rzeczywistej liczbie osób w rodzinach objętych pomocą społeczną).,2024,26.13,%,26.13%
powiat wadowicki,POMOC SPOŁECZNA - P,Zdarzenie losowe,Odsetek klientów pomocy społecznej korzystających ze wsparcia z powodu zdarzenia losowego (na podstawie danych o rzeczywistej liczbie osób w rodzinach objętych pomocą społeczną).,2024,1.22,%,1.22%
powiat wadowicki,POMOC SPOŁECZNA - B,Beneficjenci pomocy społecznej,"Udział osób korzystających z pomocy społecznej w liczbie ludności ogółem - na podstawie danych o rzeczywistej liczbie osób w rodzinach objętych pomocą społeczną (świadczenia przyznane w ramach zadań zleconych i własnych bez względu na rodzaj, formę, liczbę oraz źródło finansowania).",2024,2.03,%,2.03%
powiat wadowicki,POMOC SPOŁECZNA - B,Rodziny niepełne objęte pomocą społeczną,"Wskaźnik pomocy społecznej udzielonej rodzinom niepełnym - udział rodzin niepełnych objętych pomocą (w której skład wchodzi jedno z rodziców z dzieckiem/ dziećmi) w liczbie wszystkich rodzin z dziećmi, którym udzielono pomocy.",2024,37.68,%,37.68%
powiat wadowicki,POMOC SPOŁECZNA - B,Rodziny wielodzietne objęte pomocą społeczną,"Wskaźnik pomocy społecznej udzielonej rodzinom wielodzietnym - udział rodzin wielodzietnych (3 dzieci i więcej) objętych pomocą w liczbie wszystkich rodzin z dziećmi, którym udzielono pomocy.",2024,36.65,%,36.65%
powiat wadowicki,POMOC SPOŁECZNA - B,Rodziny emerytów i rencistów objęte pomocą społeczną,"Wskaźnik pomocy społecznej udzielonej rodzinom emerytów i rencistów - udział rodzin emerytów i rencistów objętych pomocą w liczbie wszystkich rodzin, którym udzielono pomocy.",2024,24.26,%,24.26%
powiat wadowicki,POMOC SPOŁECZNA - B,Pensjonariusze DPS nieopuszczający łóżek,Odsetek pensjonariuszy Domów Pomocy Społecznej nieopuszczających łóżek. Dane na temat liczby mieszkańców Domów Pomocy Społecznej zebrano wg. stanu na dzień 31 grudnia. W statystykach uwzględniono mieszkańców Domów Pomocy Społecznej i podmiotów niepublicznych w roku sprawozdawczym.,2024,11.42,%,11.42%
powiat wadowicki,POMOC SPOŁECZNA - B,Pensjonariusze DPS do 18 roku życia,Odsetek pensjonariuszy Domów Pomocy Społecznej w wieku do18 roku życia. Dane na temat liczby mieszkańców Domów Pomocy Społecznej zebrano wg. stanu na dzień 31 grudnia. W statystykach uwzględniono mieszkańców Domów Pomocy Społecznej i podmiotów niepublicznych w roku sprawozdawczym.,2024,1.02,%,1.02%
powiat wadowicki,POMOC SPOŁECZNA - B,Pensjonariusze DPS w wieku 19-40 lat,Odsetek pensjonariuszy Domów Pomocy Społecznej wieku 19-40 lat. Dane na temat liczby mieszkańców Domów Pomocy Społecznej zebrano wg. stanu na dzień 31 grudnia. W statystykach uwzględniono mieszkańców Domów Pomocy Społecznej i podmiotów niepublicznych w roku sprawozdawczym.,2024,11.68,%,11.68%
powiat wadowicki,POMOC SPOŁECZNA - B,Pensjonariusze DPS w wieku 41-60 lat,Odsetek pensjonariuszy Domów Pomocy Społecznej wieku 41-60 lat. Dane na temat liczby mieszkańców Domów Pomocy Społecznej zebrano wg. stanu na dzień 31 grudnia. W statystykach uwzględniono mieszkańców Domów Pomocy Społecznej i podmiotów niepublicznych w roku sprawozdawczym.,2024,32.49,%,32.49%
powiat wadowicki,POMOC SPOŁECZNA - B,Pensjonariusze DPS w wieku 61-74 lat,Odsetek pensjonariuszy Domów Pomocy Społecznej wieku 60-74 lat. Dane na temat liczby mieszkańców Domów Pomocy Społecznej zebrano wg. stanu na dzień 31 grudnia. W statystykach uwzględniono mieszkańców Domów Pomocy Społecznej i podmiotów niepublicznych w roku sprawozdawczym.,2024,36.29,%,36.29%
powiat wadowicki,POMOC SPOŁECZNA - B,Pensjonariusze DPS w wieku powyżej 74 lat,Odsetek pensjonariuszy Domów Pomocy Społecznej wieku powyżej 74 lat. Dane na temat liczby mieszkańców Domów Pomocy Społecznej zebrano wg. stanu na dzień 31 grudnia. W statystykach uwzględniono mieszkańców Domów Pomocy Społecznej i podmiotów niepublicznych w roku sprawozdawczym.,2024,18.53,%,18.53%
powiat wadowicki,Sheet6,Świadczenia pieniężne z pomocy społecznej,Odsetek korzystających ze świadczeń pieniężnych w ogólnej liczbie świadczeniobiorców pomocy społecznej (liczba osób w rodzinach),2024,78.38,%,78.38%
powiat wadowicki,Sheet6,Świadczenia niepieniężne z pomocy społecznej,Odsetek korzystających ze świadczeń niepieniężnych w ogólnej liczbie świadczeniobiorców pomocy społecznej (liczba osób w rodzinach),2024,53.00,%,53.00%
powiat wadowicki,Sheet6,Osoby korzystające z usług opiekuńczych i specjalistycznych usług opiekuńczych,Liczba osób korzystających z usług opiekuńczych (w tym specjalistycznych usług opiekuńczych).,2024,408,,408
powiat wadowicki,Sheet6,Osoby korzystające ze specjalistycznych usług opiekuńczych dla osób z zaburzeniami psychicznymi,Liczba osób korzystających ze specjalistycznych usług opiekuńczych w miejscu zamieszkania dla osób z zaburzeniami psychicznymi.,2024,10,,10
powiat wadowicki,Sheet6,Osoby objęte kontraktami socjalnymi,Udział osób objętych kontraktami socjalnymi w ogólnej liczbie osób w rodzinach świadczeniobiorców pomocy społecznej.,2024,1.85,%,1.85%
powiat wadowicki,Sheet6,Osoby objęte dożywianiem na 1000 mieszkańców,Wskaźnik pomocy w zakresie dożywiania - liczba osób objętych pomocą państwa w zakresie dożywiania w przeliczeniu na 1000 mieszkańców.,2024,10,,10
powiat wadowicki,Sheet6,Udział dzieci w ogóle osób objętych dożywianiem,"Udział dzieci w liczbie wszystkich osób objętych pomocą państwa w zakresie dożywiania. Sprawozdanie z realizacji programu ""Pomoc Państwa w zakresie dożywiania"" do 2013 roku obejmowało dzieci do lat 7. Od 2014 roku w sprawozdaniu liczba dzieci jest określona na podstawie momentu rozpoczęcia nauki w szkole podstawowej.",2024,17,%,17%
powiat wadowicki,Sheet6,Udział uczniów w ogóle osób objętych dożywianiem,Udział dzieci w wieku szkolnym (uczniowie do czasu ukończenia szkoły ponadgimnazjalnej) w liczbie wszystkich osób objętych pomocą państwa w zakresie dożywiania.,2024,32,%,32%
powiat wadowicki,POMOC SPOŁECZNA I O,Centra integracji społecznej,Liczba centrów integracji społecznej działających na danym terenie. Stan na 31 XII.,2024,1,,1
powiat wadowicki,POMOC SPOŁECZNA I O,Domy pomocy społecznej,Liczba domów pomocy społecznej działających na danym terenie (bez podziału na typy).,2024,5,,5
powiat wadowicki,POMOC SPOŁECZNA I O,Dzienne domy pomocy,Liczba dziennych domów pomocy działających na danym terenie. Stan na 31 XII.,2024,5,,5
powiat wadowicki,POMOC SPOŁECZNA I O,Placówki specjalistycznego poradnictwa - jednostki  powiatowe,"Liczba jednostek specjalistycznego poradnictwa działających w powiatach. Stan na 31 XII. Wskaźnik zasilany od 2021 r. w związku ze zmianami monitorowania danych w sprawozdaniach resortowych. Zastąpił on wskaźnik ""Placówki specjalistycznego poradnictwa""",2024,1,,1
powiat wadowicki,POMOC SPOŁECZNA I O,Placówki specjalistycznego poradnictwa,Liczba jednostek specjalistycznego poradnictwa działających na danym terenie. Stan na 31 XII. Od 2021 roku ze względu na brak kontynuacji monitorowania danych w sprawozdaniach resortowych wskaźnik nie jest już aktualizowany.,2024,1,,1
powiat wadowicki,POMOC SPOŁECZNA I O,Kluby integracji społecznej,Liczba klubów integracji społecznej działających na danym terenie.,2024,3,,3
powiat wadowicki,POMOC SPOŁECZNA I O,Mieszkania treningowe oraz wspomagane,"Liczba mieszkań treningowe oraz wspomaganych działających na danym terenie. Stan na 31 XII. Do 2022 r. w systemie funkcjonowały mieszkania chronione, natomiast od 2023 r. funkcjonują mieszkania treningowe oraz wspomagane.",2024,7,,7
powiat wadowicki,POMOC SPOŁECZNA I O,"Noclegownie, schroniska i domy dla osób bezdomnych","Liczba noclegowni, schronisk i domów dla osób bezdomnych działających na danym terenie.",2024,2,,2
powiat wadowicki,POMOC SPOŁECZNA I O,Ośrodki interwencji kryzysowej,Liczba ośrodków interwencji kryzysowej działających na danym terenie. Stan na 31 XII.,2024,1,,1
powiat wadowicki,POMOC SPOŁECZNA I O,Placówki opiekuńczo-wychowawcze,Liczba placówek opiekuńczo-wychowawczych działających na danym terenie (bez podziału na typy). Stan na 31 XII.,2024,2,,2
powiat wadowicki,POMOC SPOŁECZNA I O,Placówki wsparcia dziennego,Liczba placówek wsparcia dziennego działających na danym terenie. Stan na 31 XII.,2024,15,,15
powiat wadowicki,POMOC SPOŁECZNA I O,"Placówki zapewniające całodobową opiekę osobom niepełnosprawnym, przewlekle chorym lub osobom w podeszłym wieku","Liczba placówek zapewniających całodobową opiekę osobom niepełnosprawnym, przewlekle chorym lub osobom w podeszłym wieku działających na danym terenie (w oparciu zarówno o działalność gospodarczą, jak i o działalność statutową). Stan na 31 XII.",2024,2,,2
powiat wadowicki,POMOC SPOŁECZNA I O,Środowiskowe domy samopomocy,Liczba środowiskowych domów samopomocy działających na danym terenie. Stan na 31 XII.,2024,3,,3
powiat wadowicki,POMOC SPOŁECZNA I O,Zakłady aktywności zawodowej,Liczba zakładów aktywności zawodowej działających na danym terenie.,2024,0,,0
powiat wadowicki,PIECZA ZASTĘPCZA,Stopień deinstytucjonalizacji pieczy zastępczej,"Stosunek liczby dzieci w rodzinnej pieczy zastępczej (dzieci przebywające w rodzinach zastępczych, rodzinnych domach dziecka i w placówkach opiekuńczo-wychowawczych typu rodzinnego) do liczby wszystkich dzieci w pieczy zastępczej. Do wskaźnika nie wliczono dzieci umieszczonych w rodzinach zastępczych spokrewnionych (definicja zaczerpnięta z raportu ""Postępy deinstytucjonalizacji pieczy zastępczej""; Warszawa 2018 r.). Dane zbierane przez MRiPS regularnie (co pół roku) w sprawozdaniach resortowych.",2024,73.64,%,73.64%
powiat wadowicki,PIECZA ZASTĘPCZA,Intensywność pieczy zastępczej,"Liczba dzieci poniżej 18. roku życia przebywających w pieczy zastępczej w stosunku do liczby wszystkich dzieci w wieku poniżej 18 roku życia na danym terenie w przeliczeniu na 1000 dzieci (definicja zaczerpnięta z raportu ""Postępy deinstytucjonalizacji pieczy zastępczej""; Warszawa 2018 r.). Dane zbierane przez MRiPS regularnie (co pół roku) w sprawozdaniach resortowych.",2024,5.08,,5.08
powiat wadowicki,PIECZA ZASTĘPCZA,Liczba rodzin zastępczych,"Liczba rodzin zastępczych funkcjonujących na danym obszarze. Rodzina zastępcza jest jedną z form rodzinnej pieczy zastępczej, sprawowanej w przypadku niemożności zapewnienia dziecku opieki i wychowania przez rodziców.",2024,101,,101
powiat wadowicki,PIECZA ZASTĘPCZA,Liczba dzieci w rodzinach zastępczych,"Liczba dzieci wychowujących się w rodzinach zastępczych na danym obszarze. Rodzina zastępcza jest jedną z form rodzinnej pieczy zastępczej, sprawowanej w przypadku niemożności zapewnienia dziecku opieki i wychowania przez rodziców. Do roku 2011 dane pochodzą ze sprawozdania MPiPS-03; od roku 2012 dane pochodzą ze sprawozdania Ocena Zasobów Pomocy Społecznej.",2024,159,,159
powiat wadowicki,ZDROWIE,Dostępność aptek,"Wskaźnik dostępności do aptek - liczba osób przypadająca na jedną aptekę ogólnodostępną. Apteka, zgodnie z Ustawą ""Prawo farmaceutyczne"" z dnia 6 września 2001 r. to placówka ochrony zdrowia publicznego, w której osoby uprawnione świadczą w szczególności usługi farmaceutyczne obejmujące zadania określone w ustawie.",2024,3740,,3740
powiat wadowicki,ZDROWIE,Zgony z powodu chorób nowotworowych,Wskaźnik umieralności z powodu choroby nowotworowej - udział zgonów z powodu choroby nowotworowej w liczbie zgonów ogółem. Dane do wskaźnika pochodzą z kart statystycznych do kart zgonów.,2024,27.60,%,27.60%
powiat wadowicki,ZDROWIE,Zgony z powodu chorób układu krążenia,Wskaźnik umieralności z powodu chorób układu krążenia - udział zgonów z powodu chorób układu krążenia w liczbie zgonów ogółem. Dane do wskaźnika pochodzą z kart statystycznych do kart zgonów.,2024,49.20,%,49.20%
powiat wadowicki,"WYNAGRODZENIA, EMERY",Przeciętne wynagrodzenie w relacji do śr. krajowej,Wskaźnik wysokości wynagrodzeń - przeciętne miesięczne wynagrodzenia brutto w gospodarce narodowej w relacji do średniej krajowej (Polska=100%). Wskaźnik pokazuje jaki procent średniej krajowej jest osiągany na danym terenie.,2024,81.40,,81.40
powiat wadowicki,KULTURA,Wskaźnik dostępności kin,"Wskaźnik dostępności kin - liczba osób przypadających na jedno miejsce na widowni kina. Przez ""miejsce na widowni"" rozumie się każde numerowane miejsce (zarejestrowane) wykorzystywane przez instytucję kultury do stałych prezentacji scenicznych (w stałej sali eksploatowanej przez instytucję artystyczną lub w kinie stałym do prezentacji filmów).",2024,426,,426
powiat wadowicki,KULTURA,Wskaźnik dostępności domów i ośrodków kultury,"Wskaźnik dostępności domów i ośrodków kultury oraz klubów, świetlic i kół - liczba osób przypadająca na jedną placówkę kultury.",2024,364,,364
powiat wadowicki,KULTURA,Wskaźnik dostępności muzeów,"Wskaźnik dostępności do muzeów - liczba ludności przypadająca na jedną placówkę muzealną. Dane wskaźnikowe bazują na sprawozdaniach z działalności muzeów i instytucji paramuzealnych. Przez placówkę muzealną (za ustawą z dnia 21 listopada 1996 r. o muzeach) rozumiemy jednostkę organizacyjną, nienastawioną na osiąganie zysku, której celem jest sprawowanie opieki nad zabytkami, informowanie o wartościach i treściach gromadzonych zbiorów, upowszechnianie podstawowych wartości historii, nauki i kultury polskiej oraz światowej, kształtowanie wrażliwości poznawczej i estetycznej oraz umożliwianie kontaktu ze zbiorami.",2024,39275,,39275
powiat wadowicki,KULTURA,Wskaźnik dostępności bibliotek,"Wskaźnik dostępności bibliotek - liczba ludności przydająca na jedną placówkę biblioteczną. W celu wyliczenia wskaźnika zliczono biblioteki, filie i punkty biblioteczne na danym ternie. Dane bazują na sprawozdaniach bibliotek ogólnych. Zgodnie z definicją przyjętą przez GUS przez placówkę biblioteczną rozumie się jednostkę organizacyjną lub jej część posiadającą uporządkowany (zinwentaryzowany) zbiór książek, czasopism i innych materiałów piśmienniczych liczący co najmniej 300 jednostek inwentarzowych, której głównymi celami są tworzenie i obsługa zbiorów oraz udostępnianie ich użytkownikom w sposób kontrolowany.",2024,3653,,3653
powiat wadowicki,KULTURA,Wskaźnik czytelnictwa,Wskaźnik czytelnictwa - ilość wypożyczeń z księgozbioru przez jednego czytelnika w ciągu roku. Przez księgozbiór rozumie się zbiór obejmujący wydawnictwa nieperiodyczne (książki i broszury) i wydawnictwa periodyczne (gazety i czasopisma).,2024,18,,18
powiat wadowicki,EDUKACJA,Edukacja przedszkolna,"Wskaźnik edukacji na poziomie przedszkolnym - odsetek dzieci w wieku od 3 do 5 lat uczęszczających do placówek wychowania przedszkolnego. Wskaźnik zbudowano na podstawie sprawozdań przedszkoli i innych form edukacji przedszkolnej. Uwzględniono ośrodki wychowania przedszkolnego prowadzone przez ograny samorządu terytorialnego, jednostki samorządu powiatowego oraz gminnego.",2024,95.80,,95.80
powiat wadowicki,EDUKACJA,Zdawalność egzaminu maturalnego w technikach,"Wskaźnik zdawalności matur w technikach - procent uczniów klas IV techników, którzy zdali egzamin maturalny.",2024,89.00,,89.00
powiat wadowicki,EDUKACJA,Zdawalność egzaminu maturalnego w liceach ogólnokształcących,"Wskaźnik zdawalności matur w liceach -procent uczniów klas III liceów ogólnokształcących, którzy zdali egzamin maturalny.",2024,94.00,,94.00
powiat wadowicki,EDUKACJA,Wyniki egzaminu ósmoklasisty – język polski,"Wyrażony w % średni wynik uczniów uzyskiwany na egzaminie ósmoklasisty w części z języka polskiego (wskaźnik aktualizowany od 2019 roku, w którym uczniowie szkół podstawowych po raz pierwszy przystąpili do egzaminu ósmoklasisty)",2024,65.86,,65.86
powiat wadowicki,EDUKACJA,Wyniki egzaminu ósmoklasisty – język angielski podstawowy,"Wyrażony w % średni wynik uczniów uzyskiwany na egzaminie ósmoklasisty w części podstawowej z języka angielskiego (wskaźnik aktualizowany od 2019 roku, w którym uczniowie szkół podstawowych po raz pierwszy przystąpili do egzaminu ósmoklasisty)",2024,67.27,,67.27
powiat wadowicki,EDUKACJA,Wyniki egzaminu ósmoklasisty – matematyka,"Wyrażony w % średni wynik uczniów uzyskiwany na egzaminie ósmoklasisty w części z matematyki (wskaźnik aktualizowany od 2019 roku, w którym uczniowie szkół podstawowych po raz pierwszy przystąpili do egzaminu ósmoklasisty)",2024,57.63,,57.63
powiat wadowicki,EDUKACJA,Wybory edukacyjne ósmoklasistów – technikum,"Wyrażony w % udział absolwentów szkół podstawowych, którzy wybrali technikum jako miejsce dalszego kształcenia. Wskaźnik obliczony na podstawie liczby uczniów w klasie pierwszej technikum. (wskaźnik aktualizowany od 2020 roku po ostatecznym wygaszeniu szkół gimnazjalnych)",2024,36.13,,36.13
powiat wadowicki,EDUKACJA,Wybory edukacyjne ósmoklasistów – liceum ogólnokształcące,"Wyrażony w % udział absolwentów szkół podstawowych, którzy wybrali liceum ogólnokształcące jako miejsce dalszego kształcenia. Wskaźnik obliczony na podstawie liczby uczniów w klasie pierwszej liceów ogólnokształcących. (wskaźnik aktualizowany od 2020 roku po ostatecznym wygaszeniu szkół gimnazjalnych)",2024,37.68,,37.68
powiat wadowicki,EDUKACJA,Wybory edukacyjne ósmoklasistów – szkoła branżowa I stopnia,"Wyrażony w % udział absolwentów szkół podstawowych, którzy wybrali szkołę branżową I stopnia jako miejsce dalszego kształcenia. Wskaźnik obliczony na podstawie liczby uczniów w klasie pierwszej szkół branżowych I stopnia. (wskaźnik aktualizowany od 2020 roku po ostatecznym wygaszeniu szkół gimnazjalnych)",2024,26.19,,26.19
powiat wadowicki,RYNEK PRACY,Stopa bezrobocia,"Stopa bezrobocia - procentowy udział liczby bezrobotnych w liczbie ludności aktywnej zawodowo (tzn. pracującej i bezrobotnej). Przez bezrobotnych ( za Ustawą z dnia 20 kwietnia 2004 r. o promocji zatrudnienia i instytucjach rynku pracy) rozumiemy osoby niezatrudnione i nie wykonujące innej pracy zarobkowej, zdolne i gotowe do podjęcia zatrudnienia w pełnym wymiarze czasu pracy (bądź jeśli są to osoby niepełnosprawne - zdolne i gotowe do podjęcia zatrudnienia co najmniej w połowie tego wymiaru czasu pracy), nieuczące się w szkole z wyjątkiem szkół dla dorosłych lub szkół wyższych w systemie wieczorowym albo zaocznym, zarejestrowane we właściwym dla miejsca zameldowania (stałego lub czasowego) powiatowym urzędzie pracy oraz poszukujące zatrudnienia lub innej pracy zarobkowej, jeżeli spełniają określone w Ustawie warunki.",2024,5.60,,5.60
powiat wadowicki,RYNEK PRACY,Bezrobocie kobiet,"Bezrobocie kobiet - Wyrażony w % udział bezrobotnych kobiet w liczbie bezrobotnych ogółem. Do kategorii osób bezrobotnych wlicza się wyłącznie osoby zarejestrowane w powiatowych urzędach pracy. Przez bezrobotnych ( za Ustawą z dnia 20 kwietnia 2004 r. o promocji zatrudnienia i instytucjach rynku pracy) rozumiemy osoby niezatrudnione i nie wykonujące innej pracy zarobkowej, zdolne i gotowe do podjęcia zatrudnienia w pełnym wymiarze czasu pracy (bądź jeśli są to osoby niepełnosprawne - zdolne i gotowe do podjęcia zatrudnienia co najmniej w połowie tego wymiaru czasu pracy), nieuczące się w szkole z wyjątkiem szkół dla dorosłych lub szkół wyższych w systemie wieczorowym albo zaocznym, zarejestrowane we właściwym dla miejsca zameldowania (stałego lub czasowego) powiatowym urzędzie pracy oraz poszukujące zatrudnienia lub innej pracy zarobkowej, jeżeli spełniają określone w Ustawie warunki.",2024,51.30,,51.30
powiat wadowicki,RYNEK PRACY,Bezrobocie rodzinne,"Odsetek osób bezrobotnych zamieszkujących gospodarstwo domowe, w którym dwie lub więcej osób pozostaje na bezrobociu. Dane dla powiatu tarnowskiego i Tarnowa przedstawione zostały łącznie. Dane obrazują stan na 31 XII danego roku.",2024,12.87,%,12.87%
powiat wadowicki,RYNEK PRACY,Bezrobotni dłużej niż 1 rok,"Wyrażony w % udział bezrobotnych dłużej niż 1 rok w liczbie bezrobotnych ogółem. Do kategorii osób bezrobotnych wlicza się wyłącznie osoby zarejestrowane w powiatowych urzędach pracy. Przez bezrobotnych ( za Ustawą z dnia 20 kwietnia 2004 r. o promocji zatrudnienia i instytucjach rynku pracy) rozumiemy osoby niezatrudnione i nie wykonujące innej pracy zarobkowej, zdolne i gotowe do podjęcia zatrudnienia w pełnym wymiarze czasu pracy (bądź jeśli są to osoby niepełnosprawne - zdolne i gotowe do podjęcia zatrudnienia co najmniej w połowie tego wymiaru czasu pracy), nieuczące się w szkole z wyjątkiem szkół dla dorosłych lub szkół wyższych w systemie wieczorowym albo zaocznym, zarejestrowane we właściwym dla miejsca zameldowania (stałego lub czasowego) powiatowym urzędzie pracy oraz poszukujące zatrudnienia lub innej pracy zarobkowej, jeżeli spełniają określone w Ustawie warunki.",2024,36.00,,36.00
powiat wadowicki,RYNEK PRACY,Bezrobotni z wykształceniem gimnazjalnym i niższym,"Wyrażony w % udział bezrobotnych z wykształceniem gimnazjalnym i niższym w liczbie bezrobotnych ogółem. Do kategorii osób bezrobotnych wlicza się wyłącznie osoby zarejestrowane w powiatowych urzędach pracy. Przez bezrobotnych ( za Ustawą z dnia 20 kwietnia 2004 r. o promocji zatrudnienia i instytucjach rynku pracy) rozumiemy osoby niezatrudnione i nie wykonujące innej pracy zarobkowej, zdolne i gotowe do podjęcia zatrudnienia w pełnym wymiarze czasu pracy (bądź jeśli są to osoby niepełnosprawne - zdolne i gotowe do podjęcia zatrudnienia co najmniej w połowie tego wymiaru czasu pracy), nieuczące się w szkole z wyjątkiem szkół dla dorosłych lub szkół wyższych w systemie wieczorowym albo zaocznym, zarejestrowane we właściwym dla miejsca zameldowania (stałego lub czasowego) powiatowym urzędzie pracy oraz poszukujące zatrudnienia lub innej pracy zarobkowej, jeżeli spełniają określone w Ustawie warunki.",2024,21.50,,21.50
powiat wadowicki,RYNEK PRACY,Bezrobotni w wieku poniżej 25 lat,"Wyrażony w % udział bezrobotnych poniżej 25. roku życia w liczbie bezrobotnych ogółem. Do kategorii osób bezrobotnych wlicza się wyłącznie osoby zarejestrowane w powiatowych urzędach pracy. Przez bezrobotnych ( za Ustawą z dnia 20 kwietnia 2004 r. o promocji zatrudnienia i instytucjach rynku pracy) rozumiemy osoby niezatrudnione i nie wykonujące innej pracy zarobkowej, zdolne i gotowe do podjęcia zatrudnienia w pełnym wymiarze czasu pracy (bądź jeśli są to osoby niepełnosprawne - zdolne i gotowe do podjęcia zatrudnienia co najmniej w połowie tego wymiaru czasu pracy), nieuczące się w szkole z wyjątkiem szkół dla dorosłych lub szkół wyższych w systemie wieczorowym albo zaocznym, zarejestrowane we właściwym dla miejsca zameldowania (stałego lub czasowego) powiatowym urzędzie pracy oraz poszukujące zatrudnienia lub innej pracy zarobkowej, jeżeli spełniają określone w Ustawie warunki.",2024,16.09,,16.09
powiat wadowicki,RYNEK PRACY,Bezrobotni w wieku 25-34 lata,"Wyrażony w % udział bezrobotnych w wieku 25-34 lata w liczbie bezrobotnych ogółem. Do kategorii osób bezrobotnych wlicza się wyłącznie osoby zarejestrowane w powiatowych urzędach pracy. Przez bezrobotnych ( za Ustawą z dnia 20 kwietnia 2004 r. o promocji zatrudnienia i instytucjach rynku pracy) rozumiemy osoby niezatrudnione i nie wykonujące innej pracy zarobkowej, zdolne i gotowe do podjęcia zatrudnienia w pełnym wymiarze czasu pracy (bądź jeśli są to osoby niepełnosprawne - zdolne i gotowe do podjęcia zatrudnienia co najmniej w połowie tego wymiaru czasu pracy), nieuczące się w szkole z wyjątkiem szkół dla dorosłych lub szkół wyższych w systemie wieczorowym albo zaocznym, zarejestrowane we właściwym dla miejsca zameldowania (stałego lub czasowego) powiatowym urzędzie pracy oraz poszukujące zatrudnienia lub innej pracy zarobkowej, jeżeli spełniają określone w Ustawie warunki.",2024,21.08,,21.08
powiat wadowicki,RYNEK PRACY,Bezrobotni w wieku 55 lat i więcej,"Wyrażony w % udział bezrobotnych powyżej 55. roku życia w liczbie bezrobotnych ogółem. Do kategorii osób bezrobotnych wlicza się wyłącznie osoby zarejestrowane w powiatowych urzędach pracy. Przez bezrobotnych ( za Ustawą z dnia 20 kwietnia 2004 r. o promocji zatrudnienia i instytucjach rynku pracy) rozumiemy osoby niezatrudnione i nie wykonujące innej pracy zarobkowej, zdolne i gotowe do podjęcia zatrudnienia w pełnym wymiarze czasu pracy (bądź jeśli są to osoby niepełnosprawne - zdolne i gotowe do podjęcia zatrudnienia co najmniej w połowie tego wymiaru czasu pracy), nieuczące się w szkole z wyjątkiem szkół dla dorosłych lub szkół wyższych w systemie wieczorowym albo zaocznym, zarejestrowane we właściwym dla miejsca zameldowania (stałego lub czasowego) powiatowym urzędzie pracy oraz poszukujące zatrudnienia lub innej pracy zarobkowej, jeżeli spełniają określone w Ustawie warunki.",2024,16.83,,16.83
powiat wadowicki,RYNEK PRACY,Prowadzący działalność gospodarczą,Osoby fizyczne prowadzące działalność gospodarczą na 100 osób w wieku produkcyjnym. Dane bez osób prowadzących gospodarstwa indywidualne w rolnictwie.,2024,17.25,,17.25
powiat wadowicki,RYNEK PRACY,Zatrudnienie w branży finansowej i nieruchomościach,"Wyrażony w % udział pracujących w branży finansowej i nieruchomościach w stosunku do ogółu pracujących. Dane do 2021 roku bez podmiotów gospodarczych o liczbie pracujących do 9 osób. Podział branż jest zgodny z PKD 2007. Dotyczy sekcji: ""Działalność finansowa i ubezpieczeniowa; obsługa rynku nieruchomości"". W związku z wprowadzonymi zmianami metodologicznymi w pozyskiwaniu danych dotyczących: pracujących, zatrudnionych oraz przeciętnego zatrudnienia według PKD, dane od 2022 roku nie mogą być porównywane z danymi dla lat poprzednich.",2024,1.66,,1.66
powiat wadowicki,RYNEK PRACY,Zatrudnienie w rolnictwie,"Wyrażony w % udział pracujących w rolnictwie w stosunku do ogółu pracujących. Dane łącznie z rolnictwem indywidualnym. Dane dotyczące pracujących w gospodarstwach indywidualnych w rolnictwie według stanu w dniu 31 XII w latach 2002-2009 wyszacowano na podstawie wyników Narodowego Spisu Powszechnego Ludności i Mieszkań oraz Powszechnego Spisu Rolnego 2002 oraz w 2010 r. na podstawie Powszechnego Spisu Rolnego 2010. Podział branż jest zgodny z PKD 2007. Dotyczy sekcji: ""Rolnictwo, leśnictwo, łowiectwo i rybactwo"". W związku z wprowadzonymi zmianami metodologicznymi w pozyskiwaniu danych dotyczących: pracujących, zatrudnionych oraz przeciętnego zatrudnienia według PKD, dane od 2022 roku nie mogą być porównywane z danymi dla lat poprzednich.",2024,11.03,,11.03
powiat wadowicki,RYNEK PRACY,Zatrudnienie w przemyśle i budownictwie,"Wyrażony w % udział pracujących w przemyśle i budownictwie w stosunku do ogółu pracujących. Dane do 2021 roku bez podmiotów gospodarczych o liczbie pracujących do 9 osób. Podział branż jest zgodny z PKD 2007. Pod pojęciem ""Przemysł i budownictwo"" rozumie się sekcje: ""Górnictwo i wydobywanie""; ""Przetwórstwo przemysłowe""; ""Wytwarzanie i zaopatrywanie w energię elektryczną, gaz, parę wodną i gorącą wodę""; ""Dostawa wody; gospodarowanie ściekami i odpadami; rekultywacja"" oraz ""Budownictwo"". W związku z wprowadzonymi zmianami metodologicznymi w pozyskiwaniu danych dotyczących: pracujących, zatrudnionych oraz przeciętnego zatrudnienia według PKD, dane od 2022 roku nie mogą być porównywane z danymi dla lat poprzednich.",2024,40.86,,40.86
powiat wadowicki,RYNEK PRACY,"Zatrudnienie w handlu, transporcie, turystyce, informacji i komunikacji","Wyrażony w % udział pracujących w handlu, transporcie, turystyce, informacji i komunikacji w stosunku do ogółu pracujących. Dane do 2021 roku bez podmiotów gospodarczych o liczbie pracujących do 9 osób. Podział branż jest zgodny z PKD 2007. Dotyczy sekcji: ""Handel""; ""Naprawa pojazdów samochodowych""; ""Transport i gospodarka magazynowa""; ""Zakwaterowanie i gastronomia"" oraz ""Informacja i komunikacja"". W związku z wprowadzonymi zmianami metodologicznymi w pozyskiwaniu danych dotyczących: pracujących, zatrudnionych oraz przeciętnego zatrudnienia według PKD, dane od 2022 roku nie mogą być porównywane z danymi dla lat poprzednich.",2024,22.53,,22.53
powiat wadowicki,RYNEK PRACY,Zatrudnienie w pozostałych usługach,"Wyrażony w % udział pracujących w pozostałych usługach w stosunku do ogółu pracujących. Dane do 2021 roku bez podmiotów gospodarczych o liczbie pracujących do 9 osób. Podział branż jest zgodny z PKD 2007. Pod pojęciem ""Pozostałe usługi"" rozumie się sekcje: ""Działalność profesjonalna, naukowa i techniczna""; ""Administrowanie i działalność wspierająca""; ""Administracja publiczna i obrona narodowa, obowiązkowe zabezpieczenia społeczne""; ""Edukacja""; ""Opieka zdrowotna i pomoc społeczna""; ""Działalność związana z kulturą rozrywką i rekreacją"" oraz ""Pozostała działalność usługowa"". W związku z wprowadzonymi zmianami metodologicznymi w pozyskiwaniu danych dotyczących: pracujących, zatrudnionych oraz przeciętnego zatrudnienia według PKD, dane od 2022 roku nie mogą być porównywane z danymi dla lat poprzednich.",2024,23.92,,23.92
powiat wadowicki,MOBILNOŚĆ,Saldo migracji stałych,"Wskaźnik migracji stałych - różnica między napływem a odpływem ludności z danego obszaru w danym czasie. Saldo migracji stałych uwzględnia zarazem dane ze stałych migracji zewnętrznych jak i wewnętrznych. Migracje stałe to takie, które wiążą się ze zmianą miejsca zamieszkania na pobyt stały. W świetle prawa polskiego, tego typu migracje związane są z dokonaniem w biurze ewidencji ludności zameldowania lub wymeldowania. W 2015 roku GUS zrezygnował z opublikowania danych dotyczących migracji zagranicznych z powodu braku ich kompletności. Dlatego niemożliwe było określenie poziomu migracji stałych za rok 2015.",2024,9.00,,9.00
powiat wadowicki,MOBILNOŚĆ,Saldo migracji zagranicznych,Wskaźnik migracji zagranicznych - różnica między odpływem zagranicę a napływem do kraju ludności w danym czasie.,2024,8.00,,8.00
powiat wadowicki,BUDŻETY GMIN,Wydatki budżetów gmin ogółem,"Wskaźnik wydatków gmin - wydatki budżetów gmin i miast na prawach powiatów w przeliczeniu na jednego mieszkańca. Dane stanowią sumę wydatków na rolnictwo, transport, gospodarkę komunalną, gosp. mieszkaniową, oświatę i wychowanie, kulturę i sztukę, ochronę zdrowia, kulturę fizyczną i sport, a także wydatki na administrację samorządową. Wydatki te są sklasyfikowane w rozporządzeniu Ministra Finansów z dnia 14 czerwca 2006 r. w sprawie szczegółowej klasyfikacji dochodów, wydatków, przychodów i rozchodów oraz środków pochodzących ze źródeł zagranicznych (Dz. U. 2006 r. Nr 107, poz.726, z późn. zm.). Wartości podawane są w złotówkach.",2024,7054.12,,7054.12
powiat wadowicki,BUDŻETY GMIN,Wydatki budżetów gmin - oświata i wychowanie,"Wskaźnik wydatków gmin na oświatę i wychowanie - wydatki budżetów gmin i miast na prawach powiatów na oświatę i wychowanie w przeliczeniu na jednego mieszkańca. Dane stanowią sumę wydatków sklasyfikowanych w dziale 801 rozporządzenia Ministra Finansów z dnia 14 czerwca 2006 r. w sprawie szczegółowej klasyfikacji dochodów, wydatków, przychodów i rozchodów oraz środków pochodzących ze źródeł zagranicznych (Dz. U. 2006 r. Nr 107, poz.726, z późn. zm.). Wartości podawane są w złotówkach.",2024,3053.69,,3053.69
powiat wadowicki,BUDŻETY GMIN,Wydatki budżetów gmin - kultura,"Wskaźnik wydatków gmin na kulturę i ochronę dziedzictwa narodowego - wydatki budżetów gmin i miast na prawach powiatów na kulturę i ochronę dziedzictwa narodowego w przeliczeniu na jednego mieszkańca. Dane stanowią sumę wydatków sklasyfikowanych w dziale 921 rozporządzenia Ministra Finansów z dnia 14 czerwca 2006 r. w sprawie szczegółowej klasyfikacji dochodów, wydatków, przychodów i rozchodów oraz środków pochodzących ze źródeł zagranicznych (Dz. U. 2006 r. Nr 107, poz.726, z późn. zm.). Wartości podawane są w złotówkach.",2024,201.41,,201.41
powiat wadowicki,BUDŻETY GMIN,Wydatki budżetów gmin - pomoc społeczna,"Wskaźnik wydatków gmin na pomoc społeczną - wydatki budżetów gmin i miast na prawach powiatów na pomoc społeczną i pozostałe zadania w zakresie polityki społecznej w przeliczeniu na jednego mieszkańca. Dane stanowią sumę wydatków sklasyfikowanych w działach 852 i 853 rozporządzenia Ministra Finansów z dnia 14 czerwca 2006 r. w sprawie szczegółowej klasyfikacji dochodów, wydatków, przychodów i rozchodów oraz środków pochodzących ze źródeł zagranicznych (Dz. U. 2006 r. Nr 107, poz.726, z późn. zm.). Dane podawane są w złotówkach.",2024,453.04,,453.04
powiat wielicki,LUDNOŚĆ,Ludność ogółem,Liczba ludności zamieszkałej na danym terenie (dane zgodnie z faktycznym miejscem zamieszkania wg podziału administracyjnego na dzień 31 XII).,2024,145276,,145276
powiat wielicki,LUDNOŚĆ,Ludność w wieku przedprodukcyjnym,Udział ludności w wieku przedprodukcyjnym w liczbie ludności ogółem. Przez ludność w wieku przedprodukcyjnym rozumie się ludność w wieku do 17 roku życia.,2024,22.05,%,22.05%
powiat wielicki,LUDNOŚĆ,Ludność w wieku produkcyjnym,"Udział ludności w wieku produkcyjnym w liczbie ludności ogółem. Przez ludność w wieku produkcyjnym rozumie się ludność w wieku zdolności do pracy. Dla mężczyzn przyjęto wiek 18-64 lata, dla kobiet 18-59 lat.",2024,59.74,%,59.74%
powiat wielicki,LUDNOŚĆ,Ludność w wieku poprodukcyjnym,Udział ludności w wieku emerytalnym w liczbie ludności ogółem. Przez ludność w wieku poprodukcyjnym rozumie się ludność w wieku od 64 lat - dla mężczyzn i od 59 lat - dla kobiet.,2024,18.22,%,18.22%
powiat wielicki,LUDNOŚĆ,Ludność w wieku 60+,Udział ludności w wieku 60 i więcej lat w liczbie ludności ogółem.,2024,20.61,%,20.61%
powiat wielicki,LUDNOŚĆ,Wskaźnik podwójnego starzenia,Udział osób w wieku 80 i więcej lat w grupie osób wieku 60 i więcej lat.,2024,14.50,%,14.50%
powiat wielicki,LUDNOŚĆ,Wskaźnik wsparcia osób najstarszych,Liczba osób w wieku 85 lat i więcej przypadająca na 100 osób w wieku 50–64 lata,2024,9,,9
powiat wielicki,LUDNOŚĆ,Potencjał pielęgnacyjny,Liczba kobiet w wieku 45-64 lata (potencjalnych opiekunów rodzinnych) przypadających na 100 osób w wieku 80 i więcej lat,2024,426,,426
powiat wielicki,LUDNOŚĆ,Wskaźnik obciążenia demograficznego,Wskaźnik obciążenia demograficznego - ludność w wieku nieprodukcyjnym przypadająca na 100 osób w wieku produkcyjnym. Przez ludność w wieku produkcyjnym rozumie się osoby w wieku zdolności do pracy tj. mężczyźni w wieku 18 - 64 lat oraz kobiety w wieku 18 - 59.,2024,67.40,,67.40
powiat wielicki,LUDNOŚĆ,Przyrost naturalny na 1 000 ludności,Różnica między liczbą urodzeń żywych a liczbą zgonów w danym roku (bez rozróżnienia na płeć).,2024,0.23,,0.23
powiat wielicki,LUDNOŚĆ,Wskaźnik feminizacji,Wskaźnik feminizacji - wielkość demograficzna określająca ile kobiet przypada na 100 mężczyzn na danym terenie.,2024,103.68,,103.68
powiat wielicki,LUDNOŚĆ,Wskaźnik maskulinizacji,Wskaźnik maskulinizacji - wielkość demograficzna określająca ilu mężczyzn przypada na 100 kobiet na danym terenie.,2024,96.45,,96.45
powiat wielicki,LUDNOŚĆ,Wskaźnik gęstości zaludnienia,Wskaźnik gęstości zaludnienia - liczba mieszkańców przypadająca na 1 km².,2024,353.80,,353.80
powiat wielicki,LUDNOŚĆ,Wskaźnik urbanizacji,"Wskaźnik urbanizacji - udział mieszkańców miast w liczbie mieszkańców ogółem. Do wyliczenia wskaźnika posłużono się danymi na temat ludności faktycznie zamieszkałej na dzień 31 XII każdego roku. Ludnośc faktycznie zamieszkała obejmuje: a) stałych mieszkańców, z wyjatkiem osób przebywających poza miejscem zamieszkania przez okres powyżej 3 miesięcy w kraju oraz obejmuje wszystkie osoby przebywajace za granicą (bez względu na okres ich nieobecności) b) osoby przebywające czasowo przez okres powyżej 3 miesięcy, przybyłe z innego miejsca w kraju. Dane za lata 2010 - 2021 bazują na wynikach Narodowego Spisu Powszechnego Ludności i Mieszkań 2011.",2024,31.25,%,31.25%
powiat wielicki,LUDNOŚĆ,Małżeństwa na 1000 mieszkańców,Liczba zawartych małżeństw w przeliczeniu na 1000 mieszkańców.,2024,3.60,,3.60
powiat wielicki,LUDNOŚĆ,Urodzenia na 1000 mieszkańców,Liczba urodzeń żywych w przeliczeniu na 1000 mieszkańców.,2024,8.94,,8.94
powiat wielicki,LUDNOŚĆ,Zgony na 1000 mieszkańców,Liczba zgonów w przeliczeniu na 1000 mieszkańców.,2024,8.72,,8.72
powiat wielicki,LUDNOŚĆ,Wskaźnik/ indeks starości,"Relacja pokoleniowa dziadków i wnuczków, tj. liczba osób w wieku 65 i więcej lat przypadająca na 100 osób w wieku 0-14 lat",2024,85,,85
powiat wielicki,LUDNOŚĆ,Ludność w wieku 65+/ Współczynnik starości demograficznej,Relacja liczby osób w starszym wieku (65 lat i więcej) do ogólnej liczby ludności.,2024,15.58,%,15.58%
powiat wielicki,LUDNOŚĆ,Wskaźnik potencjalnego wsparcia,Liczba osób w wieku 15-64 lata przypadająca na 100 osób w wieku 65 lat i więcej. Przedstawia tzw. obciążenie - ile osób hipotetycznie pozostających na rynku pracy przypada na 1 osobę (100 osób) będącą już poza rykiem pracy (odwrotność cząstkowego współczynnika obciążenia demograficznego osobami starszymi).,2024,424,,424
powiat wielicki,POMOC SPOŁECZNA - K,Liczba mieszkańców na 1 pracownika socjalnego,Liczba mieszkańców przypadająca na jednego pracownika socjalnego zatrudnionego w ośrodku pomocy społecznej.,2024,2690,,2690
powiat wielicki,POMOC SPOŁECZNA - K,Pracownicy socjalni OPS posiadający wyższe wykształcenie,Udział pracowników socjalnych posiadających wyższe wykształcenie w ogólnej licznie pracowników socjalnych.,2024,91.07,%,91.07%
powiat wielicki,POMOC SPOŁECZNA - K,Pracownicy socjalni OPS posiadający I stopień specjalizacji w zawodzie pracownik socjalny,Udział pracowników socjalnych OPS posiadających I stopień specjalizacji w zawodzie pracownik socjalny w ogólnej liczbie pracowników socjalnych.,2024,16.07,%,16.07%
powiat wielicki,POMOC SPOŁECZNA - K,Pracownicy socjalni OPS posiadający II stopień specjalizacji w zawodzie pracownik socjalny,Udział pracowników socjalnych posiadających II stopień specjalizacji w zawodzie pracownik socjalny w ogólnej liczbie pracowników socjalnych.,2024,1.79,%,1.79%
powiat wielicki,POMOC SPOŁECZNA - P,Alkoholizm,Odsetek klientów pomocy społecznej korzystających ze wsparcia z powodu alkoholizmu (na podstawie danych o rzeczywistej liczbie osób w rodzinach objętych pomocą społeczną).,2024,4.82,%,4.82%
powiat wielicki,POMOC SPOŁECZNA - P,Bezdomność,Odsetek klientów pomocy społecznej korzystających ze wsparcia z powodu bezdomności (na podstawie danych o rzeczywistej liczbie osób w rodzinach objętych pomocą społeczną).,2024,2.52,%,2.52%
powiat wielicki,POMOC SPOŁECZNA - P,Bezradność w sprawach opiekuńczo-wychowawczych i prowadzenia gosp. dom.,Odsetek klientów pomocy społecznej korzystających ze wsparcia z powodu bezradności w sprawach opiekuńczo-wychowawczych i prowadzenia gospodarstwa domowego (na podstawie danych o rzeczywistej liczbie osób w rodzinach objętych pomocą społeczną).,2024,17.06,%,17.06%
powiat wielicki,POMOC SPOŁECZNA - P,Bezrobocie,Odsetek klientów pomocy społecznej korzystających ze wsparcia z powodu bezrobocia (na podstawie danych o rzeczywistej liczbie osób w rodzinach objętych pomocą społeczną).,2024,24.58,%,24.58%
powiat wielicki,POMOC SPOŁECZNA - P,Długotrwała lub ciężka choroba,Odsetek klientów pomocy społecznej korzystających ze wsparcia z powodu długotrwałej bądź ciężkiej choroby (na podstawie danych o rzeczywistej liczbie osób w rodzinach objętych pomocą społeczną).,2024,57.96,%,57.96%
powiat wielicki,POMOC SPOŁECZNA - P,Narkomania,Odsetek klientów pomocy społecznej korzystających ze wsparcia z powodu narkomanii (na podstawie danych o rzeczywistej liczbie osób w rodzinach objętych pomocą społeczną).,2024,0.66,%,0.66%
powiat wielicki,POMOC SPOŁECZNA - P,Niepełnosprawność,Odsetek klientów pomocy społecznej korzystających ze wsparcia z powodu niepełnosprawności (na podstawie danych o rzeczywistej liczbie osób w rodzinach objętych pomocą społeczną).,2024,36.52,%,36.52%
powiat wielicki,POMOC SPOŁECZNA - P,Potrzeba ochrony macierzyństwa,Odsetek klientów pomocy społecznej korzystających ze wsparcia z powodu potrzeby ochrony macierzyństwa (na podstawie danych o rzeczywistej liczbie osób w rodzinach objętych pomocą społeczną).,2024,22.41,%,22.41%
powiat wielicki,POMOC SPOŁECZNA - P,Przemoc domowa,Odsetek klientów pomocy społecznej korzystających ze wsparcia z powodu przemocy domowej (na podstawie danych o rzeczywistej liczbie osób w rodzinach objętych pomocą społeczną).,2024,1.59,%,1.59%
powiat wielicki,POMOC SPOŁECZNA - P,Sieroctwo,Odsetek klientów pomocy społecznej korzystających ze wsparcia z powodu sieroctwa (na podstawie danych o rzeczywistej liczbie osób w rodzinach objętych pomocą społeczną).,2024,0.04,%,0.04%
powiat wielicki,POMOC SPOŁECZNA - P,Sytuacja kryzysowa,Odsetek klientów pomocy społecznej korzystających ze wsparcia z powodu sytuacji kryzysowej (na podstawie danych o rzeczywistej liczbie osób w rodzinach objętych pomocą społeczną).,2024,2.83,%,2.83%
powiat wielicki,POMOC SPOŁECZNA - P,Ubóstwo,Odsetek klientów pomocy społecznej korzystających ze wsparcia z powodu ubóstwa (na podstawie danych o rzeczywistej liczbie osób w rodzinach objętych pomocą społeczną).,2024,39.79,%,39.79%
powiat wielicki,POMOC SPOŁECZNA - P,Wielodzietność,Odsetek klientów pomocy społecznej korzystających ze wsparcia z powodu wielodzietności (na podstawie danych o rzeczywistej liczbie osób w rodzinach objętych pomocą społeczną).,2024,14.99,%,14.99%
powiat wielicki,POMOC SPOŁECZNA - P,Zdarzenie losowe,Odsetek klientów pomocy społecznej korzystających ze wsparcia z powodu zdarzenia losowego (na podstawie danych o rzeczywistej liczbie osób w rodzinach objętych pomocą społeczną).,2024,0.71,%,0.71%
powiat wielicki,POMOC SPOŁECZNA - B,Beneficjenci pomocy społecznej,"Udział osób korzystających z pomocy społecznej w liczbie ludności ogółem - na podstawie danych o rzeczywistej liczbie osób w rodzinach objętych pomocą społeczną (świadczenia przyznane w ramach zadań zleconych i własnych bez względu na rodzaj, formę, liczbę oraz źródło finansowania).",2024,1.56,%,1.56%
powiat wielicki,POMOC SPOŁECZNA - B,Rodziny niepełne objęte pomocą społeczną,"Wskaźnik pomocy społecznej udzielonej rodzinom niepełnym - udział rodzin niepełnych objętych pomocą (w której skład wchodzi jedno z rodziców z dzieckiem/ dziećmi) w liczbie wszystkich rodzin z dziećmi, którym udzielono pomocy.",2024,46.78,%,46.78%
powiat wielicki,POMOC SPOŁECZNA - B,Rodziny wielodzietne objęte pomocą społeczną,"Wskaźnik pomocy społecznej udzielonej rodzinom wielodzietnym - udział rodzin wielodzietnych (3 dzieci i więcej) objętych pomocą w liczbie wszystkich rodzin z dziećmi, którym udzielono pomocy.",2024,42.06,%,42.06%
powiat wielicki,POMOC SPOŁECZNA - B,Rodziny emerytów i rencistów objęte pomocą społeczną,"Wskaźnik pomocy społecznej udzielonej rodzinom emerytów i rencistów - udział rodzin emerytów i rencistów objętych pomocą w liczbie wszystkich rodzin, którym udzielono pomocy.",2024,26.85,%,26.85%
powiat wielicki,POMOC SPOŁECZNA - B,Pensjonariusze DPS nieopuszczający łóżek,Odsetek pensjonariuszy Domów Pomocy Społecznej nieopuszczających łóżek. Dane na temat liczby mieszkańców Domów Pomocy Społecznej zebrano wg. stanu na dzień 31 grudnia. W statystykach uwzględniono mieszkańców Domów Pomocy Społecznej i podmiotów niepublicznych w roku sprawozdawczym.,2024,5.45,%,5.45%
powiat wielicki,POMOC SPOŁECZNA - B,Pensjonariusze DPS do 18 roku życia,Odsetek pensjonariuszy Domów Pomocy Społecznej w wieku do18 roku życia. Dane na temat liczby mieszkańców Domów Pomocy Społecznej zebrano wg. stanu na dzień 31 grudnia. W statystykach uwzględniono mieszkańców Domów Pomocy Społecznej i podmiotów niepublicznych w roku sprawozdawczym.,2024,0.00,%,0.00%
powiat wielicki,POMOC SPOŁECZNA - B,Pensjonariusze DPS w wieku 19-40 lat,Odsetek pensjonariuszy Domów Pomocy Społecznej wieku 19-40 lat. Dane na temat liczby mieszkańców Domów Pomocy Społecznej zebrano wg. stanu na dzień 31 grudnia. W statystykach uwzględniono mieszkańców Domów Pomocy Społecznej i podmiotów niepublicznych w roku sprawozdawczym.,2024,6.93,%,6.93%
powiat wielicki,POMOC SPOŁECZNA - B,Pensjonariusze DPS w wieku 41-60 lat,Odsetek pensjonariuszy Domów Pomocy Społecznej wieku 41-60 lat. Dane na temat liczby mieszkańców Domów Pomocy Społecznej zebrano wg. stanu na dzień 31 grudnia. W statystykach uwzględniono mieszkańców Domów Pomocy Społecznej i podmiotów niepublicznych w roku sprawozdawczym.,2024,21.78,%,21.78%
powiat wielicki,POMOC SPOŁECZNA - B,Pensjonariusze DPS w wieku 61-74 lat,Odsetek pensjonariuszy Domów Pomocy Społecznej wieku 60-74 lat. Dane na temat liczby mieszkańców Domów Pomocy Społecznej zebrano wg. stanu na dzień 31 grudnia. W statystykach uwzględniono mieszkańców Domów Pomocy Społecznej i podmiotów niepublicznych w roku sprawozdawczym.,2024,36.63,%,36.63%
powiat wielicki,POMOC SPOŁECZNA - B,Pensjonariusze DPS w wieku powyżej 74 lat,Odsetek pensjonariuszy Domów Pomocy Społecznej wieku powyżej 74 lat. Dane na temat liczby mieszkańców Domów Pomocy Społecznej zebrano wg. stanu na dzień 31 grudnia. W statystykach uwzględniono mieszkańców Domów Pomocy Społecznej i podmiotów niepublicznych w roku sprawozdawczym.,2024,34.65,%,34.65%
powiat wielicki,Sheet6,Świadczenia pieniężne z pomocy społecznej,Odsetek korzystających ze świadczeń pieniężnych w ogólnej liczbie świadczeniobiorców pomocy społecznej (liczba osób w rodzinach),2024,72.94,%,72.94%
powiat wielicki,Sheet6,Świadczenia niepieniężne z pomocy społecznej,Odsetek korzystających ze świadczeń niepieniężnych w ogólnej liczbie świadczeniobiorców pomocy społecznej (liczba osób w rodzinach),2024,54.60,%,54.60%
powiat wielicki,Sheet6,Osoby korzystające z usług opiekuńczych i specjalistycznych usług opiekuńczych,Liczba osób korzystających z usług opiekuńczych (w tym specjalistycznych usług opiekuńczych).,2024,314,,314
powiat wielicki,Sheet6,Osoby korzystające ze specjalistycznych usług opiekuńczych dla osób z zaburzeniami psychicznymi,Liczba osób korzystających ze specjalistycznych usług opiekuńczych w miejscu zamieszkania dla osób z zaburzeniami psychicznymi.,2024,56,,56
powiat wielicki,Sheet6,Osoby objęte kontraktami socjalnymi,Udział osób objętych kontraktami socjalnymi w ogólnej liczbie osób w rodzinach świadczeniobiorców pomocy społecznej.,2024,1.06,%,1.06%
powiat wielicki,Sheet6,Osoby objęte dożywianiem na 1000 mieszkańców,Wskaźnik pomocy w zakresie dożywiania - liczba osób objętych pomocą państwa w zakresie dożywiania w przeliczeniu na 1000 mieszkańców.,2024,9,,9
powiat wielicki,Sheet6,Udział dzieci w ogóle osób objętych dożywianiem,"Udział dzieci w liczbie wszystkich osób objętych pomocą państwa w zakresie dożywiania. Sprawozdanie z realizacji programu ""Pomoc Państwa w zakresie dożywiania"" do 2013 roku obejmowało dzieci do lat 7. Od 2014 roku w sprawozdaniu liczba dzieci jest określona na podstawie momentu rozpoczęcia nauki w szkole podstawowej.",2024,15,%,15%
powiat wielicki,Sheet6,Udział uczniów w ogóle osób objętych dożywianiem,Udział dzieci w wieku szkolnym (uczniowie do czasu ukończenia szkoły ponadgimnazjalnej) w liczbie wszystkich osób objętych pomocą państwa w zakresie dożywiania.,2024,23,%,23%
powiat wielicki,POMOC SPOŁECZNA I O,Centra integracji społecznej,Liczba centrów integracji społecznej działających na danym terenie. Stan na 31 XII.,2024,0,,0
powiat wielicki,POMOC SPOŁECZNA I O,Domy pomocy społecznej,Liczba domów pomocy społecznej działających na danym terenie (bez podziału na typy).,2024,5,,5
powiat wielicki,POMOC SPOŁECZNA I O,Dzienne domy pomocy,Liczba dziennych domów pomocy działających na danym terenie. Stan na 31 XII.,2024,2,,2
powiat wielicki,POMOC SPOŁECZNA I O,Placówki specjalistycznego poradnictwa - jednostki  powiatowe,"Liczba jednostek specjalistycznego poradnictwa działających w powiatach. Stan na 31 XII. Wskaźnik zasilany od 2021 r. w związku ze zmianami monitorowania danych w sprawozdaniach resortowych. Zastąpił on wskaźnik ""Placówki specjalistycznego poradnictwa""",2024,0,,0
powiat wielicki,POMOC SPOŁECZNA I O,Placówki specjalistycznego poradnictwa,Liczba jednostek specjalistycznego poradnictwa działających na danym terenie. Stan na 31 XII. Od 2021 roku ze względu na brak kontynuacji monitorowania danych w sprawozdaniach resortowych wskaźnik nie jest już aktualizowany.,2024,0,,0
powiat wielicki,POMOC SPOŁECZNA I O,Kluby integracji społecznej,Liczba klubów integracji społecznej działających na danym terenie.,2024,0,,0
powiat wielicki,POMOC SPOŁECZNA I O,Mieszkania treningowe oraz wspomagane,"Liczba mieszkań treningowe oraz wspomaganych działających na danym terenie. Stan na 31 XII. Do 2022 r. w systemie funkcjonowały mieszkania chronione, natomiast od 2023 r. funkcjonują mieszkania treningowe oraz wspomagane.",2024,3,,3
powiat wielicki,POMOC SPOŁECZNA I O,"Noclegownie, schroniska i domy dla osób bezdomnych","Liczba noclegowni, schronisk i domów dla osób bezdomnych działających na danym terenie.",2024,0,,0
powiat wielicki,POMOC SPOŁECZNA I O,Ośrodki interwencji kryzysowej,Liczba ośrodków interwencji kryzysowej działających na danym terenie. Stan na 31 XII.,2024,1,,1
powiat wielicki,POMOC SPOŁECZNA I O,Placówki opiekuńczo-wychowawcze,Liczba placówek opiekuńczo-wychowawczych działających na danym terenie (bez podziału na typy). Stan na 31 XII.,2024,1,,1
powiat wielicki,POMOC SPOŁECZNA I O,Placówki wsparcia dziennego,Liczba placówek wsparcia dziennego działających na danym terenie. Stan na 31 XII.,2024,9,,9
powiat wielicki,POMOC SPOŁECZNA I O,"Placówki zapewniające całodobową opiekę osobom niepełnosprawnym, przewlekle chorym lub osobom w podeszłym wieku","Liczba placówek zapewniających całodobową opiekę osobom niepełnosprawnym, przewlekle chorym lub osobom w podeszłym wieku działających na danym terenie (w oparciu zarówno o działalność gospodarczą, jak i o działalność statutową). Stan na 31 XII.",2024,4,,4
powiat wielicki,POMOC SPOŁECZNA I O,Środowiskowe domy samopomocy,Liczba środowiskowych domów samopomocy działających na danym terenie. Stan na 31 XII.,2024,6,,6
powiat wielicki,POMOC SPOŁECZNA I O,Zakłady aktywności zawodowej,Liczba zakładów aktywności zawodowej działających na danym terenie.,2024,0,,0
powiat wielicki,PIECZA ZASTĘPCZA,Stopień deinstytucjonalizacji pieczy zastępczej,"Stosunek liczby dzieci w rodzinnej pieczy zastępczej (dzieci przebywające w rodzinach zastępczych, rodzinnych domach dziecka i w placówkach opiekuńczo-wychowawczych typu rodzinnego) do liczby wszystkich dzieci w pieczy zastępczej. Do wskaźnika nie wliczono dzieci umieszczonych w rodzinach zastępczych spokrewnionych (definicja zaczerpnięta z raportu ""Postępy deinstytucjonalizacji pieczy zastępczej""; Warszawa 2018 r.). Dane zbierane przez MRiPS regularnie (co pół roku) w sprawozdaniach resortowych.",2024,82.83,%,82.83%
powiat wielicki,PIECZA ZASTĘPCZA,Intensywność pieczy zastępczej,"Liczba dzieci poniżej 18. roku życia przebywających w pieczy zastępczej w stosunku do liczby wszystkich dzieci w wieku poniżej 18 roku życia na danym terenie w przeliczeniu na 1000 dzieci (definicja zaczerpnięta z raportu ""Postępy deinstytucjonalizacji pieczy zastępczej""; Warszawa 2018 r.). Dane zbierane przez MRiPS regularnie (co pół roku) w sprawozdaniach resortowych.",2024,4.06,,4.06
powiat wielicki,PIECZA ZASTĘPCZA,Liczba rodzin zastępczych,"Liczba rodzin zastępczych funkcjonujących na danym obszarze. Rodzina zastępcza jest jedną z form rodzinnej pieczy zastępczej, sprawowanej w przypadku niemożności zapewnienia dziecku opieki i wychowania przez rodziców.",2024,94,,94
powiat wielicki,PIECZA ZASTĘPCZA,Liczba dzieci w rodzinach zastępczych,"Liczba dzieci wychowujących się w rodzinach zastępczych na danym obszarze. Rodzina zastępcza jest jedną z form rodzinnej pieczy zastępczej, sprawowanej w przypadku niemożności zapewnienia dziecku opieki i wychowania przez rodziców. Do roku 2011 dane pochodzą ze sprawozdania MPiPS-03; od roku 2012 dane pochodzą ze sprawozdania Ocena Zasobów Pomocy Społecznej.",2024,148,,148
powiat wielicki,ZDROWIE,Dostępność aptek,"Wskaźnik dostępności do aptek - liczba osób przypadająca na jedną aptekę ogólnodostępną. Apteka, zgodnie z Ustawą ""Prawo farmaceutyczne"" z dnia 6 września 2001 r. to placówka ochrony zdrowia publicznego, w której osoby uprawnione świadczą w szczególności usługi farmaceutyczne obejmujące zadania określone w ustawie.",2024,4686,,4686
powiat wielicki,ZDROWIE,Zgony z powodu chorób nowotworowych,Wskaźnik umieralności z powodu choroby nowotworowej - udział zgonów z powodu choroby nowotworowej w liczbie zgonów ogółem. Dane do wskaźnika pochodzą z kart statystycznych do kart zgonów.,2024,30.20,%,30.20%
powiat wielicki,ZDROWIE,Zgony z powodu chorób układu krążenia,Wskaźnik umieralności z powodu chorób układu krążenia - udział zgonów z powodu chorób układu krążenia w liczbie zgonów ogółem. Dane do wskaźnika pochodzą z kart statystycznych do kart zgonów.,2024,42.20,%,42.20%
powiat wielicki,"WYNAGRODZENIA, EMERY",Przeciętne wynagrodzenie w relacji do śr. krajowej,Wskaźnik wysokości wynagrodzeń - przeciętne miesięczne wynagrodzenia brutto w gospodarce narodowej w relacji do średniej krajowej (Polska=100%). Wskaźnik pokazuje jaki procent średniej krajowej jest osiągany na danym terenie.,2024,92.70,,92.70
powiat wielicki,KULTURA,Wskaźnik dostępności kin,"Wskaźnik dostępności kin - liczba osób przypadających na jedno miejsce na widowni kina. Przez ""miejsce na widowni"" rozumie się każde numerowane miejsce (zarejestrowane) wykorzystywane przez instytucję kultury do stałych prezentacji scenicznych (w stałej sali eksploatowanej przez instytucję artystyczną lub w kinie stałym do prezentacji filmów).",2024,2965,,2965
powiat wielicki,KULTURA,Wskaźnik dostępności domów i ośrodków kultury,"Wskaźnik dostępności domów i ośrodków kultury oraz klubów, świetlic i kół - liczba osób przypadająca na jedną placówkę kultury.",2024,1912,,1912
powiat wielicki,KULTURA,Wskaźnik dostępności muzeów,"Wskaźnik dostępności do muzeów - liczba ludności przypadająca na jedną placówkę muzealną. Dane wskaźnikowe bazują na sprawozdaniach z działalności muzeów i instytucji paramuzealnych. Przez placówkę muzealną (za ustawą z dnia 21 listopada 1996 r. o muzeach) rozumiemy jednostkę organizacyjną, nienastawioną na osiąganie zysku, której celem jest sprawowanie opieki nad zabytkami, informowanie o wartościach i treściach gromadzonych zbiorów, upowszechnianie podstawowych wartości historii, nauki i kultury polskiej oraz światowej, kształtowanie wrażliwości poznawczej i estetycznej oraz umożliwianie kontaktu ze zbiorami.",2024,29055,,29055
powiat wielicki,KULTURA,Wskaźnik dostępności bibliotek,"Wskaźnik dostępności bibliotek - liczba ludności przydająca na jedną placówkę biblioteczną. W celu wyliczenia wskaźnika zliczono biblioteki, filie i punkty biblioteczne na danym ternie. Dane bazują na sprawozdaniach bibliotek ogólnych. Zgodnie z definicją przyjętą przez GUS przez placówkę biblioteczną rozumie się jednostkę organizacyjną lub jej część posiadającą uporządkowany (zinwentaryzowany) zbiór książek, czasopism i innych materiałów piśmienniczych liczący co najmniej 300 jednostek inwentarzowych, której głównymi celami są tworzenie i obsługa zbiorów oraz udostępnianie ich użytkownikom w sposób kontrolowany.",2024,7264,,7264
powiat wielicki,KULTURA,Wskaźnik czytelnictwa,Wskaźnik czytelnictwa - ilość wypożyczeń z księgozbioru przez jednego czytelnika w ciągu roku. Przez księgozbiór rozumie się zbiór obejmujący wydawnictwa nieperiodyczne (książki i broszury) i wydawnictwa periodyczne (gazety i czasopisma).,2024,17,,17
powiat wielicki,EDUKACJA,Edukacja przedszkolna,"Wskaźnik edukacji na poziomie przedszkolnym - odsetek dzieci w wieku od 3 do 5 lat uczęszczających do placówek wychowania przedszkolnego. Wskaźnik zbudowano na podstawie sprawozdań przedszkoli i innych form edukacji przedszkolnej. Uwzględniono ośrodki wychowania przedszkolnego prowadzone przez ograny samorządu terytorialnego, jednostki samorządu powiatowego oraz gminnego.",2024,100.30,,100.30
powiat wielicki,EDUKACJA,Zdawalność egzaminu maturalnego w technikach,"Wskaźnik zdawalności matur w technikach - procent uczniów klas IV techników, którzy zdali egzamin maturalny.",2024,96.00,,96.00
powiat wielicki,EDUKACJA,Zdawalność egzaminu maturalnego w liceach ogólnokształcących,"Wskaźnik zdawalności matur w liceach -procent uczniów klas III liceów ogólnokształcących, którzy zdali egzamin maturalny.",2024,92.00,,92.00
powiat wielicki,EDUKACJA,Wyniki egzaminu ósmoklasisty – język polski,"Wyrażony w % średni wynik uczniów uzyskiwany na egzaminie ósmoklasisty w części z języka polskiego (wskaźnik aktualizowany od 2019 roku, w którym uczniowie szkół podstawowych po raz pierwszy przystąpili do egzaminu ósmoklasisty)",2024,65.29,,65.29
powiat wielicki,EDUKACJA,Wyniki egzaminu ósmoklasisty – język angielski podstawowy,"Wyrażony w % średni wynik uczniów uzyskiwany na egzaminie ósmoklasisty w części podstawowej z języka angielskiego (wskaźnik aktualizowany od 2019 roku, w którym uczniowie szkół podstawowych po raz pierwszy przystąpili do egzaminu ósmoklasisty)",2024,73.72,,73.72
powiat wielicki,EDUKACJA,Wyniki egzaminu ósmoklasisty – matematyka,"Wyrażony w % średni wynik uczniów uzyskiwany na egzaminie ósmoklasisty w części z matematyki (wskaźnik aktualizowany od 2019 roku, w którym uczniowie szkół podstawowych po raz pierwszy przystąpili do egzaminu ósmoklasisty)",2024,62.64,,62.64
powiat wielicki,EDUKACJA,Wybory edukacyjne ósmoklasistów – technikum,"Wyrażony w % udział absolwentów szkół podstawowych, którzy wybrali technikum jako miejsce dalszego kształcenia. Wskaźnik obliczony na podstawie liczby uczniów w klasie pierwszej technikum. (wskaźnik aktualizowany od 2020 roku po ostatecznym wygaszeniu szkół gimnazjalnych)",2024,30.73,,30.73
powiat wielicki,EDUKACJA,Wybory edukacyjne ósmoklasistów – liceum ogólnokształcące,"Wyrażony w % udział absolwentów szkół podstawowych, którzy wybrali liceum ogólnokształcące jako miejsce dalszego kształcenia. Wskaźnik obliczony na podstawie liczby uczniów w klasie pierwszej liceów ogólnokształcących. (wskaźnik aktualizowany od 2020 roku po ostatecznym wygaszeniu szkół gimnazjalnych)",2024,44.71,,44.71
powiat wielicki,EDUKACJA,Wybory edukacyjne ósmoklasistów – szkoła branżowa I stopnia,"Wyrażony w % udział absolwentów szkół podstawowych, którzy wybrali szkołę branżową I stopnia jako miejsce dalszego kształcenia. Wskaźnik obliczony na podstawie liczby uczniów w klasie pierwszej szkół branżowych I stopnia. (wskaźnik aktualizowany od 2020 roku po ostatecznym wygaszeniu szkół gimnazjalnych)",2024,24.56,,24.56
powiat wielicki,RYNEK PRACY,Stopa bezrobocia,"Stopa bezrobocia - procentowy udział liczby bezrobotnych w liczbie ludności aktywnej zawodowo (tzn. pracującej i bezrobotnej). Przez bezrobotnych ( za Ustawą z dnia 20 kwietnia 2004 r. o promocji zatrudnienia i instytucjach rynku pracy) rozumiemy osoby niezatrudnione i nie wykonujące innej pracy zarobkowej, zdolne i gotowe do podjęcia zatrudnienia w pełnym wymiarze czasu pracy (bądź jeśli są to osoby niepełnosprawne - zdolne i gotowe do podjęcia zatrudnienia co najmniej w połowie tego wymiaru czasu pracy), nieuczące się w szkole z wyjątkiem szkół dla dorosłych lub szkół wyższych w systemie wieczorowym albo zaocznym, zarejestrowane we właściwym dla miejsca zameldowania (stałego lub czasowego) powiatowym urzędzie pracy oraz poszukujące zatrudnienia lub innej pracy zarobkowej, jeżeli spełniają określone w Ustawie warunki.",2024,3.50,,3.50
powiat wielicki,RYNEK PRACY,Bezrobocie kobiet,"Bezrobocie kobiet - Wyrażony w % udział bezrobotnych kobiet w liczbie bezrobotnych ogółem. Do kategorii osób bezrobotnych wlicza się wyłącznie osoby zarejestrowane w powiatowych urzędach pracy. Przez bezrobotnych ( za Ustawą z dnia 20 kwietnia 2004 r. o promocji zatrudnienia i instytucjach rynku pracy) rozumiemy osoby niezatrudnione i nie wykonujące innej pracy zarobkowej, zdolne i gotowe do podjęcia zatrudnienia w pełnym wymiarze czasu pracy (bądź jeśli są to osoby niepełnosprawne - zdolne i gotowe do podjęcia zatrudnienia co najmniej w połowie tego wymiaru czasu pracy), nieuczące się w szkole z wyjątkiem szkół dla dorosłych lub szkół wyższych w systemie wieczorowym albo zaocznym, zarejestrowane we właściwym dla miejsca zameldowania (stałego lub czasowego) powiatowym urzędzie pracy oraz poszukujące zatrudnienia lub innej pracy zarobkowej, jeżeli spełniają określone w Ustawie warunki.",2024,49.45,,49.45
powiat wielicki,RYNEK PRACY,Bezrobocie rodzinne,"Odsetek osób bezrobotnych zamieszkujących gospodarstwo domowe, w którym dwie lub więcej osób pozostaje na bezrobociu. Dane dla powiatu tarnowskiego i Tarnowa przedstawione zostały łącznie. Dane obrazują stan na 31 XII danego roku.",2024,8.92,%,8.92%
powiat wielicki,RYNEK PRACY,Bezrobotni dłużej niż 1 rok,"Wyrażony w % udział bezrobotnych dłużej niż 1 rok w liczbie bezrobotnych ogółem. Do kategorii osób bezrobotnych wlicza się wyłącznie osoby zarejestrowane w powiatowych urzędach pracy. Przez bezrobotnych ( za Ustawą z dnia 20 kwietnia 2004 r. o promocji zatrudnienia i instytucjach rynku pracy) rozumiemy osoby niezatrudnione i nie wykonujące innej pracy zarobkowej, zdolne i gotowe do podjęcia zatrudnienia w pełnym wymiarze czasu pracy (bądź jeśli są to osoby niepełnosprawne - zdolne i gotowe do podjęcia zatrudnienia co najmniej w połowie tego wymiaru czasu pracy), nieuczące się w szkole z wyjątkiem szkół dla dorosłych lub szkół wyższych w systemie wieczorowym albo zaocznym, zarejestrowane we właściwym dla miejsca zameldowania (stałego lub czasowego) powiatowym urzędzie pracy oraz poszukujące zatrudnienia lub innej pracy zarobkowej, jeżeli spełniają określone w Ustawie warunki.",2024,31.70,,31.70
powiat wielicki,RYNEK PRACY,Bezrobotni z wykształceniem gimnazjalnym i niższym,"Wyrażony w % udział bezrobotnych z wykształceniem gimnazjalnym i niższym w liczbie bezrobotnych ogółem. Do kategorii osób bezrobotnych wlicza się wyłącznie osoby zarejestrowane w powiatowych urzędach pracy. Przez bezrobotnych ( za Ustawą z dnia 20 kwietnia 2004 r. o promocji zatrudnienia i instytucjach rynku pracy) rozumiemy osoby niezatrudnione i nie wykonujące innej pracy zarobkowej, zdolne i gotowe do podjęcia zatrudnienia w pełnym wymiarze czasu pracy (bądź jeśli są to osoby niepełnosprawne - zdolne i gotowe do podjęcia zatrudnienia co najmniej w połowie tego wymiaru czasu pracy), nieuczące się w szkole z wyjątkiem szkół dla dorosłych lub szkół wyższych w systemie wieczorowym albo zaocznym, zarejestrowane we właściwym dla miejsca zameldowania (stałego lub czasowego) powiatowym urzędzie pracy oraz poszukujące zatrudnienia lub innej pracy zarobkowej, jeżeli spełniają określone w Ustawie warunki.",2024,20.55,,20.55
powiat wielicki,RYNEK PRACY,Bezrobotni w wieku poniżej 25 lat,"Wyrażony w % udział bezrobotnych poniżej 25. roku życia w liczbie bezrobotnych ogółem. Do kategorii osób bezrobotnych wlicza się wyłącznie osoby zarejestrowane w powiatowych urzędach pracy. Przez bezrobotnych ( za Ustawą z dnia 20 kwietnia 2004 r. o promocji zatrudnienia i instytucjach rynku pracy) rozumiemy osoby niezatrudnione i nie wykonujące innej pracy zarobkowej, zdolne i gotowe do podjęcia zatrudnienia w pełnym wymiarze czasu pracy (bądź jeśli są to osoby niepełnosprawne - zdolne i gotowe do podjęcia zatrudnienia co najmniej w połowie tego wymiaru czasu pracy), nieuczące się w szkole z wyjątkiem szkół dla dorosłych lub szkół wyższych w systemie wieczorowym albo zaocznym, zarejestrowane we właściwym dla miejsca zameldowania (stałego lub czasowego) powiatowym urzędzie pracy oraz poszukujące zatrudnienia lub innej pracy zarobkowej, jeżeli spełniają określone w Ustawie warunki.",2024,12.94,,12.94
powiat wielicki,RYNEK PRACY,Bezrobotni w wieku 25-34 lata,"Wyrażony w % udział bezrobotnych w wieku 25-34 lata w liczbie bezrobotnych ogółem. Do kategorii osób bezrobotnych wlicza się wyłącznie osoby zarejestrowane w powiatowych urzędach pracy. Przez bezrobotnych ( za Ustawą z dnia 20 kwietnia 2004 r. o promocji zatrudnienia i instytucjach rynku pracy) rozumiemy osoby niezatrudnione i nie wykonujące innej pracy zarobkowej, zdolne i gotowe do podjęcia zatrudnienia w pełnym wymiarze czasu pracy (bądź jeśli są to osoby niepełnosprawne - zdolne i gotowe do podjęcia zatrudnienia co najmniej w połowie tego wymiaru czasu pracy), nieuczące się w szkole z wyjątkiem szkół dla dorosłych lub szkół wyższych w systemie wieczorowym albo zaocznym, zarejestrowane we właściwym dla miejsca zameldowania (stałego lub czasowego) powiatowym urzędzie pracy oraz poszukujące zatrudnienia lub innej pracy zarobkowej, jeżeli spełniają określone w Ustawie warunki.",2024,22.85,,22.85
powiat wielicki,RYNEK PRACY,Bezrobotni w wieku 55 lat i więcej,"Wyrażony w % udział bezrobotnych powyżej 55. roku życia w liczbie bezrobotnych ogółem. Do kategorii osób bezrobotnych wlicza się wyłącznie osoby zarejestrowane w powiatowych urzędach pracy. Przez bezrobotnych ( za Ustawą z dnia 20 kwietnia 2004 r. o promocji zatrudnienia i instytucjach rynku pracy) rozumiemy osoby niezatrudnione i nie wykonujące innej pracy zarobkowej, zdolne i gotowe do podjęcia zatrudnienia w pełnym wymiarze czasu pracy (bądź jeśli są to osoby niepełnosprawne - zdolne i gotowe do podjęcia zatrudnienia co najmniej w połowie tego wymiaru czasu pracy), nieuczące się w szkole z wyjątkiem szkół dla dorosłych lub szkół wyższych w systemie wieczorowym albo zaocznym, zarejestrowane we właściwym dla miejsca zameldowania (stałego lub czasowego) powiatowym urzędzie pracy oraz poszukujące zatrudnienia lub innej pracy zarobkowej, jeżeli spełniają określone w Ustawie warunki.",2024,17.79,,17.79
powiat wielicki,RYNEK PRACY,Prowadzący działalność gospodarczą,Osoby fizyczne prowadzące działalność gospodarczą na 100 osób w wieku produkcyjnym. Dane bez osób prowadzących gospodarstwa indywidualne w rolnictwie.,2024,19.30,,19.30
powiat wielicki,RYNEK PRACY,Zatrudnienie w branży finansowej i nieruchomościach,"Wyrażony w % udział pracujących w branży finansowej i nieruchomościach w stosunku do ogółu pracujących. Dane do 2021 roku bez podmiotów gospodarczych o liczbie pracujących do 9 osób. Podział branż jest zgodny z PKD 2007. Dotyczy sekcji: ""Działalność finansowa i ubezpieczeniowa; obsługa rynku nieruchomości"". W związku z wprowadzonymi zmianami metodologicznymi w pozyskiwaniu danych dotyczących: pracujących, zatrudnionych oraz przeciętnego zatrudnienia według PKD, dane od 2022 roku nie mogą być porównywane z danymi dla lat poprzednich.",2024,1.45,,1.45
powiat wielicki,RYNEK PRACY,Zatrudnienie w rolnictwie,"Wyrażony w % udział pracujących w rolnictwie w stosunku do ogółu pracujących. Dane łącznie z rolnictwem indywidualnym. Dane dotyczące pracujących w gospodarstwach indywidualnych w rolnictwie według stanu w dniu 31 XII w latach 2002-2009 wyszacowano na podstawie wyników Narodowego Spisu Powszechnego Ludności i Mieszkań oraz Powszechnego Spisu Rolnego 2002 oraz w 2010 r. na podstawie Powszechnego Spisu Rolnego 2010. Podział branż jest zgodny z PKD 2007. Dotyczy sekcji: ""Rolnictwo, leśnictwo, łowiectwo i rybactwo"". W związku z wprowadzonymi zmianami metodologicznymi w pozyskiwaniu danych dotyczących: pracujących, zatrudnionych oraz przeciętnego zatrudnienia według PKD, dane od 2022 roku nie mogą być porównywane z danymi dla lat poprzednich.",2024,4.59,,4.59
powiat wielicki,RYNEK PRACY,Zatrudnienie w przemyśle i budownictwie,"Wyrażony w % udział pracujących w przemyśle i budownictwie w stosunku do ogółu pracujących. Dane do 2021 roku bez podmiotów gospodarczych o liczbie pracujących do 9 osób. Podział branż jest zgodny z PKD 2007. Pod pojęciem ""Przemysł i budownictwo"" rozumie się sekcje: ""Górnictwo i wydobywanie""; ""Przetwórstwo przemysłowe""; ""Wytwarzanie i zaopatrywanie w energię elektryczną, gaz, parę wodną i gorącą wodę""; ""Dostawa wody; gospodarowanie ściekami i odpadami; rekultywacja"" oraz ""Budownictwo"". W związku z wprowadzonymi zmianami metodologicznymi w pozyskiwaniu danych dotyczących: pracujących, zatrudnionych oraz przeciętnego zatrudnienia według PKD, dane od 2022 roku nie mogą być porównywane z danymi dla lat poprzednich.",2024,42.33,,42.33
powiat wielicki,RYNEK PRACY,"Zatrudnienie w handlu, transporcie, turystyce, informacji i komunikacji","Wyrażony w % udział pracujących w handlu, transporcie, turystyce, informacji i komunikacji w stosunku do ogółu pracujących. Dane do 2021 roku bez podmiotów gospodarczych o liczbie pracujących do 9 osób. Podział branż jest zgodny z PKD 2007. Dotyczy sekcji: ""Handel""; ""Naprawa pojazdów samochodowych""; ""Transport i gospodarka magazynowa""; ""Zakwaterowanie i gastronomia"" oraz ""Informacja i komunikacja"". W związku z wprowadzonymi zmianami metodologicznymi w pozyskiwaniu danych dotyczących: pracujących, zatrudnionych oraz przeciętnego zatrudnienia według PKD, dane od 2022 roku nie mogą być porównywane z danymi dla lat poprzednich.",2024,25.63,,25.63
powiat wielicki,RYNEK PRACY,Zatrudnienie w pozostałych usługach,"Wyrażony w % udział pracujących w pozostałych usługach w stosunku do ogółu pracujących. Dane do 2021 roku bez podmiotów gospodarczych o liczbie pracujących do 9 osób. Podział branż jest zgodny z PKD 2007. Pod pojęciem ""Pozostałe usługi"" rozumie się sekcje: ""Działalność profesjonalna, naukowa i techniczna""; ""Administrowanie i działalność wspierająca""; ""Administracja publiczna i obrona narodowa, obowiązkowe zabezpieczenia społeczne""; ""Edukacja""; ""Opieka zdrowotna i pomoc społeczna""; ""Działalność związana z kulturą rozrywką i rekreacją"" oraz ""Pozostała działalność usługowa"". W związku z wprowadzonymi zmianami metodologicznymi w pozyskiwaniu danych dotyczących: pracujących, zatrudnionych oraz przeciętnego zatrudnienia według PKD, dane od 2022 roku nie mogą być porównywane z danymi dla lat poprzednich.",2024,25.82,,25.82
powiat wielicki,MOBILNOŚĆ,Saldo migracji stałych,"Wskaźnik migracji stałych - różnica między napływem a odpływem ludności z danego obszaru w danym czasie. Saldo migracji stałych uwzględnia zarazem dane ze stałych migracji zewnętrznych jak i wewnętrznych. Migracje stałe to takie, które wiążą się ze zmianą miejsca zamieszkania na pobyt stały. W świetle prawa polskiego, tego typu migracje związane są z dokonaniem w biurze ewidencji ludności zameldowania lub wymeldowania. W 2015 roku GUS zrezygnował z opublikowania danych dotyczących migracji zagranicznych z powodu braku ich kompletności. Dlatego niemożliwe było określenie poziomu migracji stałych za rok 2015.",2024,1626.00,,1626.00
powiat wielicki,MOBILNOŚĆ,Saldo migracji zagranicznych,Wskaźnik migracji zagranicznych - różnica między odpływem zagranicę a napływem do kraju ludności w danym czasie.,2024,110.00,,110.00
powiat wielicki,BUDŻETY GMIN,Wydatki budżetów gmin ogółem,"Wskaźnik wydatków gmin - wydatki budżetów gmin i miast na prawach powiatów w przeliczeniu na jednego mieszkańca. Dane stanowią sumę wydatków na rolnictwo, transport, gospodarkę komunalną, gosp. mieszkaniową, oświatę i wychowanie, kulturę i sztukę, ochronę zdrowia, kulturę fizyczną i sport, a także wydatki na administrację samorządową. Wydatki te są sklasyfikowane w rozporządzeniu Ministra Finansów z dnia 14 czerwca 2006 r. w sprawie szczegółowej klasyfikacji dochodów, wydatków, przychodów i rozchodów oraz środków pochodzących ze źródeł zagranicznych (Dz. U. 2006 r. Nr 107, poz.726, z późn. zm.). Wartości podawane są w złotówkach.",2024,7751.01,,7751.01
powiat wielicki,BUDŻETY GMIN,Wydatki budżetów gmin - oświata i wychowanie,"Wskaźnik wydatków gmin na oświatę i wychowanie - wydatki budżetów gmin i miast na prawach powiatów na oświatę i wychowanie w przeliczeniu na jednego mieszkańca. Dane stanowią sumę wydatków sklasyfikowanych w dziale 801 rozporządzenia Ministra Finansów z dnia 14 czerwca 2006 r. w sprawie szczegółowej klasyfikacji dochodów, wydatków, przychodów i rozchodów oraz środków pochodzących ze źródeł zagranicznych (Dz. U. 2006 r. Nr 107, poz.726, z późn. zm.). Wartości podawane są w złotówkach.",2024,3484.19,,3484.19
powiat wielicki,BUDŻETY GMIN,Wydatki budżetów gmin - kultura,"Wskaźnik wydatków gmin na kulturę i ochronę dziedzictwa narodowego - wydatki budżetów gmin i miast na prawach powiatów na kulturę i ochronę dziedzictwa narodowego w przeliczeniu na jednego mieszkańca. Dane stanowią sumę wydatków sklasyfikowanych w dziale 921 rozporządzenia Ministra Finansów z dnia 14 czerwca 2006 r. w sprawie szczegółowej klasyfikacji dochodów, wydatków, przychodów i rozchodów oraz środków pochodzących ze źródeł zagranicznych (Dz. U. 2006 r. Nr 107, poz.726, z późn. zm.). Wartości podawane są w złotówkach.",2024,238.31,,238.31
powiat wielicki,BUDŻETY GMIN,Wydatki budżetów gmin - pomoc społeczna,"Wskaźnik wydatków gmin na pomoc społeczną - wydatki budżetów gmin i miast na prawach powiatów na pomoc społeczną i pozostałe zadania w zakresie polityki społecznej w przeliczeniu na jednego mieszkańca. Dane stanowią sumę wydatków sklasyfikowanych w działach 852 i 853 rozporządzenia Ministra Finansów z dnia 14 czerwca 2006 r. w sprawie szczegółowej klasyfikacji dochodów, wydatków, przychodów i rozchodów oraz środków pochodzących ze źródeł zagranicznych (Dz. U. 2006 r. Nr 107, poz.726, z późn. zm.). Dane podawane są w złotówkach.",2024,401.11,,401.11
